Workbook

Sheet Control
A2: Bank | B2: Banca Sarda
A3: Rate | B3: 0.03
A4: Week | B4: 40

Sheet Data
A1: Bank | B1: Week | C1: Loans | D1: Deposits | E1: Fees
A2: Banca Alpi | B2: 1 | C2: 887.06 | D2: 1153.2 | E2: 8.871
A3: Banca Alpi | B3: 2 | C3: 868.51 | D3: 1129.1 | E3: 8.685
A4: Banca Alpi | B4: 3 | C4: 859.91 | D4: 1117.9 | E4: 8.599
A5: Banca Alpi | B5: 4 | C5: 873.02 | D5: 1134.9 | E5: 8.73
A6: Banca Alpi | B6: 5 | C6: 869.66 | D6: 1130.6 | E6: 8.697
A7: Banca Alpi | B7: 6 | C7: 956.86 | D7: 1243.9 | E7: 9.569
A8: Banca Alpi | B8: 7 | C8: 958.08 | D8: 1245.5 | E8: 9.581
A9: Banca Alpi | B9: 8 | C9: 895.82 | D9: 1164.6 | E9: 8.958
A10: Banca Alpi | B10: 9 | C10: 894.18 | D10: 1162.4 | E10: 8.942
A11: Banca Alpi | B11: 10 | C11: 896.6 | D11: 1165.6 | E11: 8.966
A12: Banca Alpi | B12: 11 | C12: 906.71 | D12: 1178.7 | E12: 9.067
A13: Banca Alpi | B13: 12 | C13: 890.44 | D13: 1157.6 | E13: 8.904
... A1041: Banca Città | B1041: 52 | C1041: 3702.13 | D1041: 4812.8 | E1041: 37.021

Sheet Base
A2: Bank \ week | B2: 1 | C2: 2 | D2: 3 | E2: 4 | F2: 5 | G2: 6 | H2: 7 | I2: 8 | J2: 9 | K2: 10 | L2: 11 | M2: 12 | N2: 13 | O2: 14 | P2: 15 | Q2: 16 | R2: 17 | S2: 18 | T2: 19 | U2: 20 | V2: 21 | W2: 22 | X2: 23 | Y2: 24 | Z2: 25 | AA2: 26 | AB2: 27 | AC2: 28 | AD2: 29 | AE2: 30 | AF2: 31 | AG2: 32 | AH2: 33 | AI2: 34 | AJ2: 35 | AK2: 36 | AL2: 37 | AM2: 38 | AN2: 39 | AO2: 40 | AP2: 41 | AQ2: 42 | AR2: 43 | AS2: 44 | AT2: 45 | AU2: 46 | AV2: 47 | AW2: 48 | AX2: 49 | AY2: 50 | AZ2: 51 | BA2: 52
A3: Banca Alpi | B3: =SUMIFS(Data!$C$2:$C$1041,Data!$A$2:$A$1041,$A3,Data!$B$2:$B$1041,B$2)*IF($A3=Control!$B$2,1+Control!$B$3,1) -> 887.06 | C3: =SUMIFS(Data!$C$2:$C$1041,Data!$A$2:$A$1041,$A3,Data!$B$2:$B$1041,C$2)*IF($A3=Control!$B$2,1+Control!$B$3,1) -> 868.51 | D3: =SUMIFS(Data!$C$2:$C$1041,Data!$A$2:$A$1041,$A3,Data!$B$2:$B$1041,D$2)*IF($A3=Control!$B$2,1+Control!$B$3,1) -> 859.91 | E3: =SUMIFS(Data!$C$2:$C$1041,Data!$A$2:$A$1041,$A3,Data!$B$2:$B$1041,E$2)*IF($A3=Control!$B$2,1+Control!$B$3,1) -> 873.02 | F3: =SUMIFS(Data!$C$2:$C$1041,Data!$A$2:$A$1041,$A3,Data!$B$2:$B$1041,F$2)*IF($A3=Control!$B$2,1+Control!$B$3,1) -> 869.66 | G3: =SUMIFS(Data!$C$2:$C$1041,Data!$A$2:$A$1041,$A3,Data!$B$2:$B$1041,G$2)*IF($A3=Control!$B$2,1+Control!$B$3,1) -> 956.86 | H3: =SUMIFS(Data!$C$2:$C$1041,Data!$A$2:$A$1041,$A3,Data!$B$2:$B$1041,H$2)*IF($A3=Control!$B$2,1+Control!$B$3,1) -> 958.08 | I3: =SUMIFS(Data!$C$2:$C$1041,Data!$A$2:$A$1041,$A3,Data!$B$2:$B$1041,I$2)*IF($A3=Control!$B$2,1+Control!$B$3,1) -> 895.82 | ... BA3: =SUMIFS(Data!$C$2:$C$1041,Data!$A$2:$A$1041,$A3,Data!$B$2:$B$1041,BA$2)*IF($A3=Control!$B$2,1+Control!$B$3,1) -> 1065.32
A4: Banca Adriatica | B4: =SUMIFS(Data!$C$2:$C$1041,Data!$A$2:$A$1041,$A4,Data!$B$2:$B$1041,B$2)*IF($A4=Control!$B$2,1+Control!$B$3,1) -> 1037.36 | C4: =SUMIFS(Data!$C$2:$C$1041,Data!$A$2:$A$1041,$A4,Data!$B$2:$B$1041,C$2)*IF($A4=Control!$B$2,1+Control!$B$3,1) -> 1070.65 | D4: =SUMIFS(Data!$C$2:$C$1041,Data!$A$2:$A$1041,$A4,Data!$B$2:$B$1041,D$2)*IF($A4=Control!$B$2,1+Control!$B$3,1) -> 1053.11 | E4: =SUMIFS(Data!$C$2:$C$1041,Data!$A$2:$A$1041,$A4,Data!$B$2:$B$1041,E$2)*IF($A4=Control!$B$2,1+Control!$B$3,1) -> 1058.96 | F4: =SUMIFS(Data!$C$2:$C$1041,Data!$A$2:$A$1041,$A4,Data!$B$2:$B$1041,F$2)*IF($A4=Control!$B$2,1+Control!$B$3,1) -> 1009.78 | G4: =SUMIFS(Data!$C$2:$C$1041,Data!$A$2:$A$1041,$A4,Data!$B$2:$B$1041,G$2)*IF($A4=Control!$B$2,1+Control!$B$3,1) -> 1048.91 | H4: =SUMIFS(Data!$C$2:$C$1041,Data!$A$2:$A$1041,$A4,Data!$B$2:$B$1041,H$2)*IF($A4=Control!$B$2,1+Control!$B$3,1) -> 1081.75 | I4: =SUMIFS(Data!$C$2:$C$1041,Data!$A$2:$A$1041,$A4,Data!$B$2:$B$1041,I$2)*IF($A4=Control!$B$2,1+Control!$B$3,1) -> 1053.13 | ... BA4: =SUMIFS(Data!$C$2:$C$1041,Data!$A$2:$A$1041,$A4,Data!$B$2:$B$1041,BA$2)*IF($A4=Control!$B$2,1+Control!$B$3,1) -> 1178.52
A5: Banca Tirrena | B5: =SUMIFS(Data!$C$2:$C$1041,Data!$A$2:$A$1041,$A5,Data!$B$2:$B$1041,B$2)*IF($A5=Control!$B$2,1+Control!$B$3,1) -> 1157.79 | C5: =SUMIFS(Data!$C$2:$C$1041,Data!$A$2:$A$1041,$A5,Data!$B$2:$B$1041,C$2)*IF($A5=Control!$B$2,1+Control!$B$3,1) -> 1193.58 | D5: =SUMIFS(Data!$C$2:$C$1041,Data!$A$2:$A$1041,$A5,Data!$B$2:$B$1041,D$2)*IF($A5=Control!$B$2,1+Control!$B$3,1) -> 1139.21 | E5: =SUMIFS(Data!$C$2:$C$1041,Data!$A$2:$A$1041,$A5,Data!$B$2:$B$1041,E$2)*IF($A5=Control!$B$2,1+Control!$B$3,1) -> 1163.47 | F5: =SUMIFS(Data!$C$2:$C$1041,Data!$A$2:$A$1041,$A5,Data!$B$2:$B$1041,F$2)*IF($A5=Control!$B$2,1+Control!$B$3,1) -> 1158.55 | G5: =SUMIFS(Data!$C$2:$C$1041,Data!$A$2:$A$1041,$A5,Data!$B$2:$B$1041,G$2)*IF($A5=Control!$B$2,1+Control!$B$3,1) -> 1162.1 | H5: =SUMIFS(Data!$C$2:$C$1041,Data!$A$2:$A$1041,$A5,Data!$B$2:$B$1041,H$2)*IF($A5=Control!$B$2,1+Control!$B$3,1) -> 1169.49 | I5: =SUMIFS(Data!$C$2:$C$1041,Data!$A$2:$A$1041,$A5,Data!$B$2:$B$1041,I$2)*IF($A5=Control!$B$2,1+Control!$B$3,1) -> 1193.87 | ... BA5: =SUMIFS(Data!$C$2:$C$1041,Data!$A$2:$A$1041,$A5,Data!$B$2:$B$1041,BA$2)*IF($A5=Control!$B$2,1+Control!$B$3,1) -> 1279.22
A6: Banca Padana | B6: =SUMIFS(Data!$C$2:$C$1041,Data!$A$2:$A$1041,$A6,Data!$B$2:$B$1041,B$2)*IF($A6=Control!$B$2,1+Control!$B$3,1) -> 1233.46 | C6: =SUMIFS(Data!$C$2:$C$1041,Data!$A$2:$A$1041,$A6,Data!$B$2:$B$1041,C$2)*IF($A6=Control!$B$2,1+Control!$B$3,1) -> 1279.76 | D6: =SUMIFS(Data!$C$2:$C$1041,Data!$A$2:$A$1041,$A6,Data!$B$2:$B$1041,D$2)*IF($A6=Control!$B$2,1+Control!$B$3,1) -> 1248.7 | E6: =SUMIFS(Data!$C$2:$C$1041,Data!$A$2:$A$1041,$A6,Data!$B$2:$B$1041,E$2)*IF($A6=Control!$B$2,1+Control!$B$3,1) -> 1302.74 | F6: =SUMIFS(Data!$C$2:$C$1041,Data!$A$2:$A$1041,$A6,Data!$B$2:$B$1041,F$2)*IF($A6=Control!$B$2,1+Control!$B$3,1) -> 1321.57 | G6: =SUMIFS(Data!$C$2:$C$1041,Data!$A$2:$A$1041,$A6,Data!$B$2:$B$1041,G$2)*IF($A6=Control!$B$2,1+Control!$B$3,1) -> 1269.69 | H6: =SUMIFS(Data!$C$2:$C$1041,Data!$A$2:$A$1041,$A6,Data!$B$2:$B$1041,H$2)*IF($A6=Control!$B$2,1+Control!$B$3,1) -> 1316.48 | I6: =SUMIFS(Data!$C$2:$C$1041,Data!$A$2:$A$1041,$A6,Data!$B$2:$B$1041,I$2)*IF($A6=Control!$B$2,1+Control!$B$3,1) -> 1272.44 | ... BA6: =SUMIFS(Data!$C$2:$C$1041,Data!$A$2:$A$1041,$A6,Data!$B$2:$B$1041,BA$2)*IF($A6=Control!$B$2,1+Control!$B$3,1) -> 1472.09
A7: Banca Etrusca | B7: =SUMIFS(Data!$C$2:$C$1041,Data!$A$2:$A$1041,$A7,Data!$B$2:$B$1041,B$2)*IF($A7=Control!$B$2,1+Control!$B$3,1) -> 1368.66 | C7: =SUMIFS(Data!$C$2:$C$1041,Data!$A$2:$A$1041,$A7,Data!$B$2:$B$1041,C$2)*IF($A7=Control!$B$2,1+Control!$B$3,1) -> 1357.34 | D7: =SUMIFS(Data!$C$2:$C$1041,Data!$A$2:$A$1041,$A7,Data!$B$2:$B$1041,D$2)*IF($A7=Control!$B$2,1+Control!$B$3,1) -> 1381.97 | E7: =SUMIFS(Data!$C$2:$C$1041,Data!$A$2:$A$1041,$A7,Data!$B$2:$B$1041,E$2)*IF($A7=Control!$B$2,1+Control!$B$3,1) -> 1354.47 | F7: =SUMIFS(Data!$C$2:$C$1041,Data!$A$2:$A$1041,$A7,Data!$B$2:$B$1041,F$2)*IF($A7=Control!$B$2,1+Control!$B$3,1) -> 1391.99 | G7: =SUMIFS(Data!$C$2:$C$1041,Data!$A$2:$A$1041,$A7,Data!$B$2:$B$1041,G$2)*IF($A7=Control!$B$2,1+Control!$B$3,1) -> 1402.61 | H7: =SUMIFS(Data!$C$2:$C$1041,Data!$A$2:$A$1041,$A7,Data!$B$2:$B$1041,H$2)*IF($A7=Control!$B$2,1+Control!$B$3,1) -> 1456.62 | I7: =SUMIFS(Data!$C$2:$C$1041,Data!$A$2:$A$1041,$A7,Data!$B$2:$B$1041,I$2)*IF($A7=Control!$B$2,1+Control!$B$3,1) -> 1436.22 | ... BA7: =SUMIFS(Data!$C$2:$C$1041,Data!$A$2:$A$1041,$A7,Data!$B$2:$B$1041,BA$2)*IF($A7=Control!$B$2,1+Control!$B$3,1) -> 1594.77
A8: Banca Lariana | B8: =SUMIFS(Data!$C$2:$C$1041,Data!$A$2:$A$1041,$A8,Data!$B$2:$B$1041,B$2)*IF($A8=Control!$B$2,1+Control!$B$3,1) -> 1496.27 | C8: =SUMIFS(Data!$C$2:$C$1041,Data!$A$2:$A$1041,$A8,Data!$B$2:$B$1041,C$2)*IF($A8=Control!$B$2,1+Control!$B$3,1) -> 1465.82 | D8: =SUMIFS(Data!$C$2:$C$1041,Data!$A$2:$A$1041,$A8,Data!$B$2:$B$1041,D$2)*IF($A8=Control!$B$2,1+Control!$B$3,1) -> 1550.98 | E8: =SUMIFS(Data!$C$2:$C$1041,Data!$A$2:$A$1041,$A8,Data!$B$2:$B$1041,E$2)*IF($A8=Control!$B$2,1+Control!$B$3,1) -> 1537.94 | F8: =SUMIFS(Data!$C$2:$C$1041,Data!$A$2:$A$1041,$A8,Data!$B$2:$B$1041,F$2)*IF($A8=Control!$B$2,1+Control!$B$3,1) -> 1482.26 | G8: =SUMIFS(Data!$C$2:$C$1041,Data!$A$2:$A$1041,$A8,Data!$B$2:$B$1041,G$2)*IF($A8=Control!$B$2,1+Control!$B$3,1) -> 1541.62 | H8: =SUMIFS(Data!$C$2:$C$1041,Data!$A$2:$A$1041,$A8,Data!$B$2:$B$1041,H$2)*IF($A8=Control!$B$2,1+Control!$B$3,1) -> 1488.59 | I8: =SUMIFS(Data!$C$2:$C$1041,Data!$A$2:$A$1041,$A8,Data!$B$2:$B$1041,I$2)*IF($A8=Control!$B$2,1+Control!$B$3,1) -> 1556.23 | ... BA8: =SUMIFS(Data!$C$2:$C$1041,Data!$A$2:$A$1041,$A8,Data!$B$2:$B$1041,BA$2)*IF($A8=Control!$B$2,1+Control!$B$3,1) -> 1700.48
A9: Banca Sabina | B9: =SUMIFS(Data!$C$2:$C$1041,Data!$A$2:$A$1041,$A9,Data!$B$2:$B$1041,B$2)*IF($A9=Control!$B$2,1+Control!$B$3,1) -> 1660.82 | C9: =SUMIFS(Data!$C$2:$C$1041,Data!$A$2:$A$1041,$A9,Data!$B$2:$B$1041,C$2)*IF($A9=Control!$B$2,1+Control!$B$3,1) -> 1655.25 | D9: =SUMIFS(Data!$C$2:$C$1041,Data!$A$2:$A$1041,$A9,Data!$B$2:$B$1041,D$2)*IF($A9=Control!$B$2,1+Control!$B$3,1) -> 1604.27 | E9: =SUMIFS(Data!$C$2:$C$1041,Data!$A$2:$A$1041,$A9,Data!$B$2:$B$1041,E$2)*IF($A9=Control!$B$2,1+Control!$B$3,1) -> 1676.73 | F9: =SUMIFS(Data!$C$2:$C$1041,Data!$A$2:$A$1041,$A9,Data!$B$2:$B$1041,F$2)*IF($A9=Control!$B$2,1+Control!$B$3,1) -> 1624.83 | G9: =SUMIFS(Data!$C$2:$C$1041,Data!$A$2:$A$1041,$A9,Data!$B$2:$B$1041,G$2)*IF($A9=Control!$B$2,1+Control!$B$3,1) -> 1682.33 | H9: =SUMIFS(Data!$C$2:$C$1041,Data!$A$2:$A$1041,$A9,Data!$B$2:$B$1041,H$2)*IF($A9=Control!$B$2,1+Control!$B$3,1) -> 1639.17 | I9: =SUMIFS(Data!$C$2:$C$1041,Data!$A$2:$A$1041,$A9,Data!$B$2:$B$1041,I$2)*IF($A9=Control!$B$2,1+Control!$B$3,1) -> 1706.42 | ... BA9: =SUMIFS(Data!$C$2:$C$1041,Data!$A$2:$A$1041,$A9,Data!$B$2:$B$1041,BA$2)*IF($A9=Control!$B$2,1+Control!$B$3,1) -> 1912.95
A10: Banca Irpina | B10: =SUMIFS(Data!$C$2:$C$1041,Data!$A$2:$A$1041,$A10,Data!$B$2:$B$1041,B$2)*IF($A10=Control!$B$2,1+Control!$B$3,1) -> 1697.53 | C10: =SUMIFS(Data!$C$2:$C$1041,Data!$A$2:$A$1041,$A10,Data!$B$2:$B$1041,C$2)*IF($A10=Control!$B$2,1+Control!$B$3,1) -> 1786.13 | D10: =SUMIFS(Data!$C$2:$C$1041,Data!$A$2:$A$1041,$A10,Data!$B$2:$B$1041,D$2)*IF($A10=Control!$B$2,1+Control!$B$3,1) -> 1802.26 | E10: =SUMIFS(Data!$C$2:$C$1041,Data!$A$2:$A$1041,$A10,Data!$B$2:$B$1041,E$2)*IF($A10=Control!$B$2,1+Control!$B$3,1) -> 1751.19 | F10: =SUMIFS(Data!$C$2:$C$1041,Data!$A$2:$A$1041,$A10,Data!$B$2:$B$1041,F$2)*IF($A10=Control!$B$2,1+Control!$B$3,1) -> 1778.96 | G10: =SUMIFS(Data!$C$2:$C$1041,Data!$A$2:$A$1041,$A10,Data!$B$2:$B$1041,G$2)*IF($A10=Control!$B$2,1+Control!$B$3,1) -> 1765.61 | H10: =SUMIFS(Data!$C$2:$C$1041,Data!$A$2:$A$1041,$A10,Data!$B$2:$B$1041,H$2)*IF($A10=Control!$B$2,1+Control!$B$3,1) -> 1759.44 | I10: =SUMIFS(Data!$C$2:$C$1041,Data!$A$2:$A$1041,$A10,Data!$B$2:$B$1041,I$2)*IF($A10=Control!$B$2,1+Control!$B$3,1) -> 1765.6 | ... BA10: =SUMIFS(Data!$C$2:$C$1041,Data!$A$2:$A$1041,$A10,Data!$B$2:$B$1041,BA$2)*IF($A10=Control!$B$2,1+Control!$B$3,1) -> 2042.47
A11: Banca Sannita | B11: =SUMIFS(Data!$C$2:$C$1041,Data!$A$2:$A$1041,$A11,Data!$B$2:$B$1041,B$2)*IF($A11=Control!$B$2,1+Control!$B$3,1) -> 1840.76 | C11: =SUMIFS(Data!$C$2:$C$1041,Data!$A$2:$A$1041,$A11,Data!$B$2:$B$1041,C$2)*IF($A11=Control!$B$2,1+Control!$B$3,1) -> 1892.46 | D11: =SUMIFS(Data!$C$2:$C$1041,Data!$A$2:$A$1041,$A11,Data!$B$2:$B$1041,D$2)*IF($A11=Control!$B$2,1+Control!$B$3,1) -> 1854.83 | E11: =SUMIFS(Data!$C$2:$C$1041,Data!$A$2:$A$1041,$A11,Data!$B$2:$B$1041,E$2)*IF($A11=Control!$B$2,1+Control!$B$3,1) -> 1868.21 | F11: =SUMIFS(Data!$C$2:$C$1041,Data!$A$2:$A$1041,$A11,Data!$B$2:$B$1041,F$2)*IF($A11=Control!$B$2,1+Control!$B$3,1) -> 1892.64 | G11: =SUMIFS(Data!$C$2:$C$1041,Data!$A$2:$A$1041,$A11,Data!$B$2:$B$1041,G$2)*IF($A11=Control!$B$2,1+Control!$B$3,1) -> 1931 | H11: =SUMIFS(Data!$C$2:$C$1041,Data!$A$2:$A$1041,$A11,Data!$B$2:$B$1041,H$2)*IF($A11=Control!$B$2,1+Control!$B$3,1) -> 1927.94 | I11: =SUMIFS(Data!$C$2:$C$1041,Data!$A$2:$A$1041,$A11,Data!$B$2:$B$1041,I$2)*IF($A11=Control!$B$2,1+Control!$B$3,1) -> 1874.72 | ... BA11: =SUMIFS(Data!$C$2:$C$1041,Data!$A$2:$A$1041,$A11,Data!$B$2:$B$1041,BA$2)*IF($A11=Control!$B$2,1+Control!$B$3,1) -> 2169.76
A12: Banca Ligure | B12: =SUMIFS(Data!$C$2:$C$1041,Data!$A$2:$A$1041,$A12,Data!$B$2:$B$1041,B$2)*IF($A12=Control!$B$2,1+Control!$B$3,1) -> 1938.33 | C12: =SUMIFS(Data!$C$2:$C$1041,Data!$A$2:$A$1041,$A12,Data!$B$2:$B$1041,C$2)*IF($A12=Control!$B$2,1+Control!$B$3,1) -> 2020.11 | D12: =SUMIFS(Data!$C$2:$C$1041,Data!$A$2:$A$1041,$A12,Data!$B$2:$B$1041,D$2)*IF($A12=Control!$B$2,1+Control!$B$3,1) -> 2011.23 | E12: =SUMIFS(Data!$C$2:$C$1041,Data!$A$2:$A$1041,$A12,Data!$B$2:$B$1041,E$2)*IF($A12=Control!$B$2,1+Control!$B$3,1) -> 2038.06 | F12: =SUMIFS(Data!$C$2:$C$1041,Data!$A$2:$A$1041,$A12,Data!$B$2:$B$1041,F$2)*IF($A12=Control!$B$2,1+Control!$B$3,1) -> 1978.37 | G12: =SUMIFS(Data!$C$2:$C$1041,Data!$A$2:$A$1041,$A12,Data!$B$2:$B$1041,G$2)*IF($A12=Control!$B$2,1+Control!$B$3,1) -> 2061.71 | H12: =SUMIFS(Data!$C$2:$C$1041,Data!$A$2:$A$1041,$A12,Data!$B$2:$B$1041,H$2)*IF($A12=Control!$B$2,1+Control!$B$3,1) -> 2049.89 | I12: =SUMIFS(Data!$C$2:$C$1041,Data!$A$2:$A$1041,$A12,Data!$B$2:$B$1041,I$2)*IF($A12=Control!$B$2,1+Control!$B$3,1) -> 2045.1 | ... BA12: =SUMIFS(Data!$C$2:$C$1041,Data!$A$2:$A$1041,$A12,Data!$B$2:$B$1041,BA$2)*IF($A12=Control!$B$2,1+Control!$B$3,1) -> 2269.55
A13: Banca Veneta | B13: =SUMIFS(Data!$C$2:$C$1041,Data!$A$2:$A$1041,$A13,Data!$B$2:$B$1041,B$2)*IF($A13=Control!$B$2,1+Control!$B$3,1) -> 2114.16 | C13: =SUMIFS(Data!$C$2:$C$1041,Data!$A$2:$A$1041,$A13,Data!$B$2:$B$1041,C$2)*IF($A13=Control!$B$2,1+Control!$B$3,1) -> 2160.13 | D13: =SUMIFS(Data!$C$2:$C$1041,Data!$A$2:$A$1041,$A13,Data!$B$2:$B$1041,D$2)*IF($A13=Control!$B$2,1+Control!$B$3,1) -> 2148.36 | E13: =SUMIFS(Data!$C$2:$C$1041,Data!$A$2:$A$1041,$A13,Data!$B$2:$B$1041,E$2)*IF($A13=Control!$B$2,1+Control!$B$3,1) -> 2117.86 | F13: =SUMIFS(Data!$C$2:$C$1041,Data!$A$2:$A$1041,$A13,Data!$B$2:$B$1041,F$2)*IF($A13=Control!$B$2,1+Control!$B$3,1) -> 2099.55 | G13: =SUMIFS(Data!$C$2:$C$1041,Data!$A$2:$A$1041,$A13,Data!$B$2:$B$1041,G$2)*IF($A13=Control!$B$2,1+Control!$B$3,1) -> 2118.87 | H13: =SUMIFS(Data!$C$2:$C$1041,Data!$A$2:$A$1041,$A13,Data!$B$2:$B$1041,H$2)*IF($A13=Control!$B$2,1+Control!$B$3,1) -> 2115.91 | I13: =SUMIFS(Data!$C$2:$C$1041,Data!$A$2:$A$1041,$A13,Data!$B$2:$B$1041,I$2)*IF($A13=Control!$B$2,1+Control!$B$3,1) -> 2162.32 | ... BA13: =SUMIFS(Data!$C$2:$C$1041,Data!$A$2:$A$1041,$A13,Data!$B$2:$B$1041,BA$2)*IF($A13=Control!$B$2,1+Control!$B$3,1) -> 2431.59
A14: Banca Friulana | B14: =SUMIFS(Data!$C$2:$C$1041,Data!$A$2:$A$1041,$A14,Data!$B$2:$B$1041,B$2)*IF($A14=Control!$B$2,1+Control!$B$3,1) -> 2206.7 | C14: =SUMIFS(Data!$C$2:$C$1041,Data!$A$2:$A$1041,$A14,Data!$B$2:$B$1041,C$2)*IF($A14=Control!$B$2,1+Control!$B$3,1) -> 2205.64 | D14: =SUMIFS(Data!$C$2:$C$1041,Data!$A$2:$A$1041,$A14,Data!$B$2:$B$1041,D$2)*IF($A14=Control!$B$2,1+Control!$B$3,1) -> 2247.91 | E14: =SUMIFS(Data!$C$2:$C$1041,Data!$A$2:$A$1041,$A14,Data!$B$2:$B$1041,E$2)*IF($A14=Control!$B$2,1+Control!$B$3,1) -> 2262.02 | F14: =SUMIFS(Data!$C$2:$C$1041,Data!$A$2:$A$1041,$A14,Data!$B$2:$B$1041,F$2)*IF($A14=Control!$B$2,1+Control!$B$3,1) -> 2206.32 | G14: =SUMIFS(Data!$C$2:$C$1041,Data!$A$2:$A$1041,$A14,Data!$B$2:$B$1041,G$2)*IF($A14=Control!$B$2,1+Control!$B$3,1) -> 2305.53 | H14: =SUMIFS(Data!$C$2:$C$1041,Data!$A$2:$A$1041,$A14,Data!$B$2:$B$1041,H$2)*IF($A14=Control!$B$2,1+Control!$B$3,1) -> 2283.85 | I14: =SUMIFS(Data!$C$2:$C$1041,Data!$A$2:$A$1041,$A14,Data!$B$2:$B$1041,I$2)*IF($A14=Control!$B$2,1+Control!$B$3,1) -> 2277.19 | ... BA14: =SUMIFS(Data!$C$2:$C$1041,Data!$A$2:$A$1041,$A14,Data!$B$2:$B$1041,BA$2)*IF($A14=Control!$B$2,1+Control!$B$3,1) -> 2557.91
... A22: Banca Città | B22: =SUMIFS(Data!$C$2:$C$1041,Data!$A$2:$A$1041,$A22,Data!$B$2:$B$1041,B$2)*IF($A22=Control!$B$2,1+Control!$B$3,1) -> 3154.7 | C22: =SUMIFS(Data!$C$2:$C$1041,Data!$A$2:$A$1041,$A22,Data!$B$2:$B$1041,C$2)*IF($A22=Control!$B$2,1+Control!$B$3,1) -> 3219.94 | D22: =SUMIFS(Data!$C$2:$C$1041,Data!$A$2:$A$1041,$A22,Data!$B$2:$B$1041,D$2)*IF($A22=Control!$B$2,1+Control!$B$3,1) -> 3190.8 | E22: =SUMIFS(Data!$C$2:$C$1041,Data!$A$2:$A$1041,$A22,Data!$B$2:$B$1041,E$2)*IF($A22=Control!$B$2,1+Control!$B$3,1) -> 3182.53 | F22: =SUMIFS(Data!$C$2:$C$1041,Data!$A$2:$A$1041,$A22,Data!$B$2:$B$1041,F$2)*IF($A22=Control!$B$2,1+Control!$B$3,1) -> 3194.91 | G22: =SUMIFS(Data!$C$2:$C$1041,Data!$A$2:$A$1041,$A22,Data!$B$2:$B$1041,G$2)*IF($A22=Control!$B$2,1+Control!$B$3,1) -> 3263.1 | H22: =SUMIFS(Data!$C$2:$C$1041,Data!$A$2:$A$1041,$A22,Data!$B$2:$B$1041,H$2)*IF($A22=Control!$B$2,1+Control!$B$3,1) -> 3260.31 | I22: =SUMIFS(Data!$C$2:$C$1041,Data!$A$2:$A$1041,$A22,Data!$B$2:$B$1041,I$2)*IF($A22=Control!$B$2,1+Control!$B$3,1) -> 3217.51 | ... BA22: =SUMIFS(Data!$C$2:$C$1041,Data!$A$2:$A$1041,$A22,Data!$B$2:$B$1041,BA$2)*IF($A22=Control!$B$2,1+Control!$B$3,1) -> 3702.13

Sheet Step01
A1: Sheet 1
A3: Banca Alpi | B3: {=Base!B3*(1+Control!$B$3/12)+IF(MOD(ROW()+COLUMN(),7)=0,INDEX(Base!$B$3:$BA$22,MOD(ROW(),20)+1,MOD(COLUMN(),52)+1)*0.001,0)} -> 889.27765 | C3: {=Base!C3*(1+Control!$B$3/12)+IF(MOD(ROW()+COLUMN(),7)=0,INDEX(Base!$B$3:$BA$22,MOD(ROW(),20)+1,MOD(COLUMN(),52)+1)*0.001,0)} -> 870.68127 | D3: {=Base!D3*(1+Control!$B$3/12)+IF(MOD(ROW()+COLUMN(),7)=0,INDEX(Base!$B$3:$BA$22,MOD(ROW(),20)+1,MOD(COLUMN(),52)+1)*0.001,0)} -> 863.38134 | E3: {=Base!E3*(1+Control!$B$3/12)+IF(MOD(ROW()+COLUMN(),7)=0,INDEX(Base!$B$3:$BA$22,MOD(ROW(),20)+1,MOD(COLUMN(),52)+1)*0.001,0)} -> 875.20255 | F3: {=Base!F3*(1+Control!$B$3/12)+IF(MOD(ROW()+COLUMN(),7)=0,INDEX(Base!$B$3:$BA$22,MOD(ROW(),20)+1,MOD(COLUMN(),52)+1)*0.001,0)} -> 871.83415 | G3: {=Base!G3*(1+Control!$B$3/12)+IF(MOD(ROW()+COLUMN(),7)=0,INDEX(Base!$B$3:$BA$22,MOD(ROW(),20)+1,MOD(COLUMN(),52)+1)*0.001,0)} -> 959.25215 | H3: {=Base!H3*(1+Control!$B$3/12)+IF(MOD(ROW()+COLUMN(),7)=0,INDEX(Base!$B$3:$BA$22,MOD(ROW(),20)+1,MOD(COLUMN(),52)+1)*0.001,0)} -> 960.4752 | I3: {=Base!I3*(1+Control!$B$3/12)+IF(MOD(ROW()+COLUMN(),7)=0,INDEX(Base!$B$3:$BA$22,MOD(ROW(),20)+1,MOD(COLUMN(),52)+1)*0.001,0)} -> 898.05955 | ... AY3: {=Base!AY3*(1+Control!$B$3/12)+IF(MOD(ROW()+COLUMN(),7)=0,INDEX(Base!$B$3:$BA$22,MOD(ROW(),20)+1,MOD(COLUMN(),52)+1)*0.001,0)} -> 1039.9133
A4: Banca Adriatica | B4: {=Base!B4*(1+Control!$B$3/12)+IF(MOD(ROW()+COLUMN(),7)=0,INDEX(Base!$B$3:$BA$22,MOD(ROW(),20)+1,MOD(COLUMN(),52)+1)*0.001,0)} -> 1039.9534 | C4: {=Base!C4*(1+Control!$B$3/12)+IF(MOD(ROW()+COLUMN(),7)=0,INDEX(Base!$B$3:$BA$22,MOD(ROW(),20)+1,MOD(COLUMN(),52)+1)*0.001,0)} -> 1074.6811 | D4: {=Base!D4*(1+Control!$B$3/12)+IF(MOD(ROW()+COLUMN(),7)=0,INDEX(Base!$B$3:$BA$22,MOD(ROW(),20)+1,MOD(COLUMN(),52)+1)*0.001,0)} -> 1055.7428 | E4: {=Base!E4*(1+Control!$B$3/12)+IF(MOD(ROW()+COLUMN(),7)=0,INDEX(Base!$B$3:$BA$22,MOD(ROW(),20)+1,MOD(COLUMN(),52)+1)*0.001,0)} -> 1061.6074 | F4: {=Base!F4*(1+Control!$B$3/12)+IF(MOD(ROW()+COLUMN(),7)=0,INDEX(Base!$B$3:$BA$22,MOD(ROW(),20)+1,MOD(COLUMN(),52)+1)*0.001,0)} -> 1012.3044 | G4: {=Base!G4*(1+Control!$B$3/12)+IF(MOD(ROW()+COLUMN(),7)=0,INDEX(Base!$B$3:$BA$22,MOD(ROW(),20)+1,MOD(COLUMN(),52)+1)*0.001,0)} -> 1051.5323 | H4: {=Base!H4*(1+Control!$B$3/12)+IF(MOD(ROW()+COLUMN(),7)=0,INDEX(Base!$B$3:$BA$22,MOD(ROW(),20)+1,MOD(COLUMN(),52)+1)*0.001,0)} -> 1084.4544 | I4: {=Base!I4*(1+Control!$B$3/12)+IF(MOD(ROW()+COLUMN(),7)=0,INDEX(Base!$B$3:$BA$22,MOD(ROW(),20)+1,MOD(COLUMN(),52)+1)*0.001,0)} -> 1055.7628 | ... AY4: {=Base!AY4*(1+Control!$B$3/12)+IF(MOD(ROW()+COLUMN(),7)=0,INDEX(Base!$B$3:$BA$22,MOD(ROW(),20)+1,MOD(COLUMN(),52)+1)*0.001,0)} -> 1178.7495
A5: Banca Tirrena | B5: {=Base!B5*(1+Control!$B$3/12)+IF(MOD(ROW()+COLUMN(),7)=0,INDEX(Base!$B$3:$BA$22,MOD(ROW(),20)+1,MOD(COLUMN(),52)+1)*0.001,0)} -> 1162.2355 | C5: {=Base!C5*(1+Control!$B$3/12)+IF(MOD(ROW()+COLUMN(),7)=0,INDEX(Base!$B$3:$BA$22,MOD(ROW(),20)+1,MOD(COLUMN(),52)+1)*0.001,0)} -> 1196.5639 | D5: {=Base!D5*(1+Control!$B$3/12)+IF(MOD(ROW()+COLUMN(),7)=0,INDEX(Base!$B$3:$BA$22,MOD(ROW(),20)+1,MOD(COLUMN(),52)+1)*0.001,0)} -> 1142.058 | E5: {=Base!E5*(1+Control!$B$3/12)+IF(MOD(ROW()+COLUMN(),7)=0,INDEX(Base!$B$3:$BA$22,MOD(ROW(),20)+1,MOD(COLUMN(),52)+1)*0.001,0)} -> 1166.3787 | F5: {=Base!F5*(1+Control!$B$3/12)+IF(MOD(ROW()+COLUMN(),7)=0,INDEX(Base!$B$3:$BA$22,MOD(ROW(),20)+1,MOD(COLUMN(),52)+1)*0.001,0)} -> 1161.4464 | G5: {=Base!G5*(1+Control!$B$3/12)+IF(MOD(ROW()+COLUMN(),7)=0,INDEX(Base!$B$3:$BA$22,MOD(ROW(),20)+1,MOD(COLUMN(),52)+1)*0.001,0)} -> 1165.0052 | H5: {=Base!H5*(1+Control!$B$3/12)+IF(MOD(ROW()+COLUMN(),7)=0,INDEX(Base!$B$3:$BA$22,MOD(ROW(),20)+1,MOD(COLUMN(),52)+1)*0.001,0)} -> 1172.4137 | I5: {=Base!I5*(1+Control!$B$3/12)+IF(MOD(ROW()+COLUMN(),7)=0,INDEX(Base!$B$3:$BA$22,MOD(ROW(),20)+1,MOD(COLUMN(),52)+1)*0.001,0)} -> 1198.3545 | ... AY5: {=Base!AY5*(1+Control!$B$3/12)+IF(MOD(ROW()+COLUMN(),7)=0,INDEX(Base!$B$3:$BA$22,MOD(ROW(),20)+1,MOD(COLUMN(),52)+1)*0.001,0)} -> 1346.0831
A6: Banca Padana | B6: {=Base!B6*(1+Control!$B$3/12)+IF(MOD(ROW()+COLUMN(),7)=0,INDEX(Base!$B$3:$BA$22,MOD(ROW(),20)+1,MOD(COLUMN(),52)+1)*0.001,0)} -> 1236.5437 | C6: {=Base!C6*(1+Control!$B$3/12)+IF(MOD(ROW()+COLUMN(),7)=0,INDEX(Base!$B$3:$BA$22,MOD(ROW(),20)+1,MOD(COLUMN(),52)+1)*0.001,0)} -> 1282.9594 | D6: {=Base!D6*(1+Control!$B$3/12)+IF(MOD(ROW()+COLUMN(),7)=0,INDEX(Base!$B$3:$BA$22,MOD(ROW(),20)+1,MOD(COLUMN(),52)+1)*0.001,0)} -> 1251.8218 | E6: {=Base!E6*(1+Control!$B$3/12)+IF(MOD(ROW()+COLUMN(),7)=0,INDEX(Base!$B$3:$BA$22,MOD(ROW(),20)+1,MOD(COLUMN(),52)+1)*0.001,0)} -> 1305.9968 | F6: {=Base!F6*(1+Control!$B$3/12)+IF(MOD(ROW()+COLUMN(),7)=0,INDEX(Base!$B$3:$BA$22,MOD(ROW(),20)+1,MOD(COLUMN(),52)+1)*0.001,0)} -> 1324.8739 | G6: {=Base!G6*(1+Control!$B$3/12)+IF(MOD(ROW()+COLUMN(),7)=0,INDEX(Base!$B$3:$BA$22,MOD(ROW(),20)+1,MOD(COLUMN(),52)+1)*0.001,0)} -> 1272.8642 | H6: {=Base!H6*(1+Control!$B$3/12)+IF(MOD(ROW()+COLUMN(),7)=0,INDEX(Base!$B$3:$BA$22,MOD(ROW(),20)+1,MOD(COLUMN(),52)+1)*0.001,0)} -> 1321.4346 | I6: {=Base!I6*(1+Control!$B$3/12)+IF(MOD(ROW()+COLUMN(),7)=0,INDEX(Base!$B$3:$BA$22,MOD(ROW(),20)+1,MOD(COLUMN(),52)+1)*0.001,0)} -> 1275.6211 | ... AY6: {=Base!AY6*(1+Control!$B$3/12)+IF(MOD(ROW()+COLUMN(),7)=0,INDEX(Base!$B$3:$BA$22,MOD(ROW(),20)+1,MOD(COLUMN(),52)+1)*0.001,0)} -> 1406.9787
A7: Banca Etrusca | B7: {=Base!B7*(1+Control!$B$3/12)+IF(MOD(ROW()+COLUMN(),7)=0,INDEX(Base!$B$3:$BA$22,MOD(ROW(),20)+1,MOD(COLUMN(),52)+1)*0.001,0)} -> 1372.0817 | C7: {=Base!C7*(1+Control!$B$3/12)+IF(MOD(ROW()+COLUMN(),7)=0,INDEX(Base!$B$3:$BA$22,MOD(ROW(),20)+1,MOD(COLUMN(),52)+1)*0.001,0)} -> 1360.7333 | D7: {=Base!D7*(1+Control!$B$3/12)+IF(MOD(ROW()+COLUMN(),7)=0,INDEX(Base!$B$3:$BA$22,MOD(ROW(),20)+1,MOD(COLUMN(),52)+1)*0.001,0)} -> 1385.4249 | E7: {=Base!E7*(1+Control!$B$3/12)+IF(MOD(ROW()+COLUMN(),7)=0,INDEX(Base!$B$3:$BA$22,MOD(ROW(),20)+1,MOD(COLUMN(),52)+1)*0.001,0)} -> 1357.8562 | F7: {=Base!F7*(1+Control!$B$3/12)+IF(MOD(ROW()+COLUMN(),7)=0,INDEX(Base!$B$3:$BA$22,MOD(ROW(),20)+1,MOD(COLUMN(),52)+1)*0.001,0)} -> 1395.47 | G7: {=Base!G7*(1+Control!$B$3/12)+IF(MOD(ROW()+COLUMN(),7)=0,INDEX(Base!$B$3:$BA$22,MOD(ROW(),20)+1,MOD(COLUMN(),52)+1)*0.001,0)} -> 1407.8821 | H7: {=Base!H7*(1+Control!$B$3/12)+IF(MOD(ROW()+COLUMN(),7)=0,INDEX(Base!$B$3:$BA$22,MOD(ROW(),20)+1,MOD(COLUMN(),52)+1)*0.001,0)} -> 1460.2615 | I7: {=Base!I7*(1+Control!$B$3/12)+IF(MOD(ROW()+COLUMN(),7)=0,INDEX(Base!$B$3:$BA$22,MOD(ROW(),20)+1,MOD(COLUMN(),52)+1)*0.001,0)} -> 1439.8105 | ... AY7: {=Base!AY7*(1+Control!$B$3/12)+IF(MOD(ROW()+COLUMN(),7)=0,INDEX(Base!$B$3:$BA$22,MOD(ROW(),20)+1,MOD(COLUMN(),52)+1)*0.001,0)} -> 1554.2158
A8: Banca Lariana | B8: {=Base!B8*(1+Control!$B$3/12)+IF(MOD(ROW()+COLUMN(),7)=0,INDEX(Base!$B$3:$BA$22,MOD(ROW(),20)+1,MOD(COLUMN(),52)+1)*0.001,0)} -> 1500.0107 | C8: {=Base!C8*(1+Control!$B$3/12)+IF(MOD(ROW()+COLUMN(),7)=0,INDEX(Base!$B$3:$BA$22,MOD(ROW(),20)+1,MOD(COLUMN(),52)+1)*0.001,0)} -> 1469.4845 | D8: {=Base!D8*(1+Control!$B$3/12)+IF(MOD(ROW()+COLUMN(),7)=0,INDEX(Base!$B$3:$BA$22,MOD(ROW(),20)+1,MOD(COLUMN(),52)+1)*0.001,0)} -> 1554.8574 | E8: {=Base!E8*(1+Control!$B$3/12)+IF(MOD(ROW()+COLUMN(),7)=0,INDEX(Base!$B$3:$BA$22,MOD(ROW(),20)+1,MOD(COLUMN(),52)+1)*0.001,0)} -> 1541.7849 | F8: {=Base!F8*(1+Control!$B$3/12)+IF(MOD(ROW()+COLUMN(),7)=0,INDEX(Base!$B$3:$BA$22,MOD(ROW(),20)+1,MOD(COLUMN(),52)+1)*0.001,0)} -> 1487.8936 | G8: {=Base!G8*(1+Control!$B$3/12)+IF(MOD(ROW()+COLUMN(),7)=0,INDEX(Base!$B$3:$BA$22,MOD(ROW(),20)+1,MOD(COLUMN(),52)+1)*0.001,0)} -> 1545.474 | H8: {=Base!H8*(1+Control!$B$3/12)+IF(MOD(ROW()+COLUMN(),7)=0,INDEX(Base!$B$3:$BA$22,MOD(ROW(),20)+1,MOD(COLUMN(),52)+1)*0.001,0)} -> 1492.3115 | I8: {=Base!I8*(1+Control!$B$3/12)+IF(MOD(ROW()+COLUMN(),7)=0,INDEX(Base!$B$3:$BA$22,MOD(ROW(),20)+1,MOD(COLUMN(),52)+1)*0.001,0)} -> 1560.1206 | ... AY8: {=Base!AY8*(1+Control!$B$3/12)+IF(MOD(ROW()+COLUMN(),7)=0,INDEX(Base!$B$3:$BA$22,MOD(ROW(),20)+1,MOD(COLUMN(),52)+1)*0.001,0)} -> 1687.5283
A9: Banca Sabina | B9: {=Base!B9*(1+Control!$B$3/12)+IF(MOD(ROW()+COLUMN(),7)=0,INDEX(Base!$B$3:$BA$22,MOD(ROW(),20)+1,MOD(COLUMN(),52)+1)*0.001,0)} -> 1664.972 | C9: {=Base!C9*(1+Control!$B$3/12)+IF(MOD(ROW()+COLUMN(),7)=0,INDEX(Base!$B$3:$BA$22,MOD(ROW(),20)+1,MOD(COLUMN(),52)+1)*0.001,0)} -> 1659.3881 | D9: {=Base!D9*(1+Control!$B$3/12)+IF(MOD(ROW()+COLUMN(),7)=0,INDEX(Base!$B$3:$BA$22,MOD(ROW(),20)+1,MOD(COLUMN(),52)+1)*0.001,0)} -> 1608.2807 | E9: {=Base!E9*(1+Control!$B$3/12)+IF(MOD(ROW()+COLUMN(),7)=0,INDEX(Base!$B$3:$BA$22,MOD(ROW(),20)+1,MOD(COLUMN(),52)+1)*0.001,0)} -> 1682.9835 | F9: {=Base!F9*(1+Control!$B$3/12)+IF(MOD(ROW()+COLUMN(),7)=0,INDEX(Base!$B$3:$BA$22,MOD(ROW(),20)+1,MOD(COLUMN(),52)+1)*0.001,0)} -> 1628.8921 | G9: {=Base!G9*(1+Control!$B$3/12)+IF(MOD(ROW()+COLUMN(),7)=0,INDEX(Base!$B$3:$BA$22,MOD(ROW(),20)+1,MOD(COLUMN(),52)+1)*0.001,0)} -> 1686.5358 | H9: {=Base!H9*(1+Control!$B$3/12)+IF(MOD(ROW()+COLUMN(),7)=0,INDEX(Base!$B$3:$BA$22,MOD(ROW(),20)+1,MOD(COLUMN(),52)+1)*0.001,0)} -> 1643.2679 | I9: {=Base!I9*(1+Control!$B$3/12)+IF(MOD(ROW()+COLUMN(),7)=0,INDEX(Base!$B$3:$BA$22,MOD(ROW(),20)+1,MOD(COLUMN(),52)+1)*0.001,0)} -> 1710.6861 | ... AY9: {=Base!AY9*(1+Control!$B$3/12)+IF(MOD(ROW()+COLUMN(),7)=0,INDEX(Base!$B$3:$BA$22,MOD(ROW(),20)+1,MOD(COLUMN(),52)+1)*0.001,0)} -> 1864.8304
A10: Banca Irpina | B10: {=Base!B10*(1+Control!$B$3/12)+IF(MOD(ROW()+COLUMN(),7)=0,INDEX(Base!$B$3:$BA$22,MOD(ROW(),20)+1,MOD(COLUMN(),52)+1)*0.001,0)} -> 1701.7738 | C10: {=Base!C10*(1+Control!$B$3/12)+IF(MOD(ROW()+COLUMN(),7)=0,INDEX(Base!$B$3:$BA$22,MOD(ROW(),20)+1,MOD(COLUMN(),52)+1)*0.001,0)} -> 1790.5953 | D10: {=Base!D10*(1+Control!$B$3/12)+IF(MOD(ROW()+COLUMN(),7)=0,INDEX(Base!$B$3:$BA$22,MOD(ROW(),20)+1,MOD(COLUMN(),52)+1)*0.001,0)} -> 1808.8652 | E10: {=Base!E10*(1+Control!$B$3/12)+IF(MOD(ROW()+COLUMN(),7)=0,INDEX(Base!$B$3:$BA$22,MOD(ROW(),20)+1,MOD(COLUMN(),52)+1)*0.001,0)} -> 1755.568 | F10: {=Base!F10*(1+Control!$B$3/12)+IF(MOD(ROW()+COLUMN(),7)=0,INDEX(Base!$B$3:$BA$22,MOD(ROW(),20)+1,MOD(COLUMN(),52)+1)*0.001,0)} -> 1783.4074 | G10: {=Base!G10*(1+Control!$B$3/12)+IF(MOD(ROW()+COLUMN(),7)=0,INDEX(Base!$B$3:$BA$22,MOD(ROW(),20)+1,MOD(COLUMN(),52)+1)*0.001,0)} -> 1770.024 | H10: {=Base!H10*(1+Control!$B$3/12)+IF(MOD(ROW()+COLUMN(),7)=0,INDEX(Base!$B$3:$BA$22,MOD(ROW(),20)+1,MOD(COLUMN(),52)+1)*0.001,0)} -> 1763.8386 | I10: {=Base!I10*(1+Control!$B$3/12)+IF(MOD(ROW()+COLUMN(),7)=0,INDEX(Base!$B$3:$BA$22,MOD(ROW(),20)+1,MOD(COLUMN(),52)+1)*0.001,0)} -> 1770.014 | ... AY10: {=Base!AY10*(1+Control!$B$3/12)+IF(MOD(ROW()+COLUMN(),7)=0,INDEX(Base!$B$3:$BA$22,MOD(ROW(),20)+1,MOD(COLUMN(),52)+1)*0.001,0)} -> 2020.3783
A11: Banca Sannita | B11: {=Base!B11*(1+Control!$B$3/12)+IF(MOD(ROW()+COLUMN(),7)=0,INDEX(Base!$B$3:$BA$22,MOD(ROW(),20)+1,MOD(COLUMN(),52)+1)*0.001,0)} -> 1845.3619 | C11: {=Base!C11*(1+Control!$B$3/12)+IF(MOD(ROW()+COLUMN(),7)=0,INDEX(Base!$B$3:$BA$22,MOD(ROW(),20)+1,MOD(COLUMN(),52)+1)*0.001,0)} -> 1899.4532 | D11: {=Base!D11*(1+Control!$B$3/12)+IF(MOD(ROW()+COLUMN(),7)=0,INDEX(Base!$B$3:$BA$22,MOD(ROW(),20)+1,MOD(COLUMN(),52)+1)*0.001,0)} -> 1859.4671 | E11: {=Base!E11*(1+Control!$B$3/12)+IF(MOD(ROW()+COLUMN(),7)=0,INDEX(Base!$B$3:$BA$22,MOD(ROW(),20)+1,MOD(COLUMN(),52)+1)*0.001,0)} -> 1872.8805 | F11: {=Base!F11*(1+Control!$B$3/12)+IF(MOD(ROW()+COLUMN(),7)=0,INDEX(Base!$B$3:$BA$22,MOD(ROW(),20)+1,MOD(COLUMN(),52)+1)*0.001,0)} -> 1897.3716 | G11: {=Base!G11*(1+Control!$B$3/12)+IF(MOD(ROW()+COLUMN(),7)=0,INDEX(Base!$B$3:$BA$22,MOD(ROW(),20)+1,MOD(COLUMN(),52)+1)*0.001,0)} -> 1935.8275 | H11: {=Base!H11*(1+Control!$B$3/12)+IF(MOD(ROW()+COLUMN(),7)=0,INDEX(Base!$B$3:$BA$22,MOD(ROW(),20)+1,MOD(COLUMN(),52)+1)*0.001,0)} -> 1932.7598 | I11: {=Base!I11*(1+Control!$B$3/12)+IF(MOD(ROW()+COLUMN(),7)=0,INDEX(Base!$B$3:$BA$22,MOD(ROW(),20)+1,MOD(COLUMN(),52)+1)*0.001,0)} -> 1879.4068 | ... AY11: {=Base!AY11*(1+Control!$B$3/12)+IF(MOD(ROW()+COLUMN(),7)=0,INDEX(Base!$B$3:$BA$22,MOD(ROW(),20)+1,MOD(COLUMN(),52)+1)*0.001,0)} -> 2156.7685
A12: Banca Ligure | B12: {=Base!B12*(1+Control!$B$3/12)+IF(MOD(ROW()+COLUMN(),7)=0,INDEX(Base!$B$3:$BA$22,MOD(ROW(),20)+1,MOD(COLUMN(),52)+1)*0.001,0)} -> 1945.488 | C12: {=Base!C12*(1+Control!$B$3/12)+IF(MOD(ROW()+COLUMN(),7)=0,INDEX(Base!$B$3:$BA$22,MOD(ROW(),20)+1,MOD(COLUMN(),52)+1)*0.001,0)} -> 2025.1603 | D12: {=Base!D12*(1+Control!$B$3/12)+IF(MOD(ROW()+COLUMN(),7)=0,INDEX(Base!$B$3:$BA$22,MOD(ROW(),20)+1,MOD(COLUMN(),52)+1)*0.001,0)} -> 2016.2581 | E12: {=Base!E12*(1+Control!$B$3/12)+IF(MOD(ROW()+COLUMN(),7)=0,INDEX(Base!$B$3:$BA$22,MOD(ROW(),20)+1,MOD(COLUMN(),52)+1)*0.001,0)} -> 2043.1551 | F12: {=Base!F12*(1+Control!$B$3/12)+IF(MOD(ROW()+COLUMN(),7)=0,INDEX(Base!$B$3:$BA$22,MOD(ROW(),20)+1,MOD(COLUMN(),52)+1)*0.001,0)} -> 1983.3159 | G12: {=Base!G12*(1+Control!$B$3/12)+IF(MOD(ROW()+COLUMN(),7)=0,INDEX(Base!$B$3:$BA$22,MOD(ROW(),20)+1,MOD(COLUMN(),52)+1)*0.001,0)} -> 2066.8643 | H12: {=Base!H12*(1+Control!$B$3/12)+IF(MOD(ROW()+COLUMN(),7)=0,INDEX(Base!$B$3:$BA$22,MOD(ROW(),20)+1,MOD(COLUMN(),52)+1)*0.001,0)} -> 2055.0147 | I12: {=Base!I12*(1+Control!$B$3/12)+IF(MOD(ROW()+COLUMN(),7)=0,INDEX(Base!$B$3:$BA$22,MOD(ROW(),20)+1,MOD(COLUMN(),52)+1)*0.001,0)} -> 2052.6111 | ... AY12: {=Base!AY12*(1+Control!$B$3/12)+IF(MOD(ROW()+COLUMN(),7)=0,INDEX(Base!$B$3:$BA$22,MOD(ROW(),20)+1,MOD(COLUMN(),52)+1)*0.001,0)} -> 2241.0993
A13: Banca Veneta | B13: {=Base!B13*(1+Control!$B$3/12)+IF(MOD(ROW()+COLUMN(),7)=0,INDEX(Base!$B$3:$BA$22,MOD(ROW(),20)+1,MOD(COLUMN(),52)+1)*0.001,0)} -> 2119.4454 | C13: {=Base!C13*(1+Control!$B$3/12)+IF(MOD(ROW()+COLUMN(),7)=0,INDEX(Base!$B$3:$BA$22,MOD(ROW(),20)+1,MOD(COLUMN(),52)+1)*0.001,0)} -> 2165.5303 | D13: {=Base!D13*(1+Control!$B$3/12)+IF(MOD(ROW()+COLUMN(),7)=0,INDEX(Base!$B$3:$BA$22,MOD(ROW(),20)+1,MOD(COLUMN(),52)+1)*0.001,0)} -> 2153.7309 | E13: {=Base!E13*(1+Control!$B$3/12)+IF(MOD(ROW()+COLUMN(),7)=0,INDEX(Base!$B$3:$BA$22,MOD(ROW(),20)+1,MOD(COLUMN(),52)+1)*0.001,0)} -> 2123.1546 | F13: {=Base!F13*(1+Control!$B$3/12)+IF(MOD(ROW()+COLUMN(),7)=0,INDEX(Base!$B$3:$BA$22,MOD(ROW(),20)+1,MOD(COLUMN(),52)+1)*0.001,0)} -> 2104.7989 | G13: {=Base!G13*(1+Control!$B$3/12)+IF(MOD(ROW()+COLUMN(),7)=0,INDEX(Base!$B$3:$BA$22,MOD(ROW(),20)+1,MOD(COLUMN(),52)+1)*0.001,0)} -> 2124.1672 | H13: {=Base!H13*(1+Control!$B$3/12)+IF(MOD(ROW()+COLUMN(),7)=0,INDEX(Base!$B$3:$BA$22,MOD(ROW(),20)+1,MOD(COLUMN(),52)+1)*0.001,0)} -> 2123.7144 | I13: {=Base!I13*(1+Control!$B$3/12)+IF(MOD(ROW()+COLUMN(),7)=0,INDEX(Base!$B$3:$BA$22,MOD(ROW(),20)+1,MOD(COLUMN(),52)+1)*0.001,0)} -> 2167.7258 | ... AY13: {=Base!AY13*(1+Control!$B$3/12)+IF(MOD(ROW()+COLUMN(),7)=0,INDEX(Base!$B$3:$BA$22,MOD(ROW(),20)+1,MOD(COLUMN(),52)+1)*0.001,0)} -> 2401.4086
A14: Banca Friulana | B14: {=Base!B14*(1+Control!$B$3/12)+IF(MOD(ROW()+COLUMN(),7)=0,INDEX(Base!$B$3:$BA$22,MOD(ROW(),20)+1,MOD(COLUMN(),52)+1)*0.001,0)} -> 2212.2167 | C14: {=Base!C14*(1+Control!$B$3/12)+IF(MOD(ROW()+COLUMN(),7)=0,INDEX(Base!$B$3:$BA$22,MOD(ROW(),20)+1,MOD(COLUMN(),52)+1)*0.001,0)} -> 2211.1541 | D14: {=Base!D14*(1+Control!$B$3/12)+IF(MOD(ROW()+COLUMN(),7)=0,INDEX(Base!$B$3:$BA$22,MOD(ROW(),20)+1,MOD(COLUMN(),52)+1)*0.001,0)} -> 2253.5298 | E14: {=Base!E14*(1+Control!$B$3/12)+IF(MOD(ROW()+COLUMN(),7)=0,INDEX(Base!$B$3:$BA$22,MOD(ROW(),20)+1,MOD(COLUMN(),52)+1)*0.001,0)} -> 2267.675 | F14: {=Base!F14*(1+Control!$B$3/12)+IF(MOD(ROW()+COLUMN(),7)=0,INDEX(Base!$B$3:$BA$22,MOD(ROW(),20)+1,MOD(COLUMN(),52)+1)*0.001,0)} -> 2211.8358 | G14: {=Base!G14*(1+Control!$B$3/12)+IF(MOD(ROW()+COLUMN(),7)=0,INDEX(Base!$B$3:$BA$22,MOD(ROW(),20)+1,MOD(COLUMN(),52)+1)*0.001,0)} -> 2313.9268 | H14: {=Base!H14*(1+Control!$B$3/12)+IF(MOD(ROW()+COLUMN(),7)=0,INDEX(Base!$B$3:$BA$22,MOD(ROW(),20)+1,MOD(COLUMN(),52)+1)*0.001,0)} -> 2289.5596 | I14: {=Base!I14*(1+Control!$B$3/12)+IF(MOD(ROW()+COLUMN(),7)=0,INDEX(Base!$B$3:$BA$22,MOD(ROW(),20)+1,MOD(COLUMN(),52)+1)*0.001,0)} -> 2282.883 | ... AY14: {=Base!AY14*(1+Control!$B$3/12)+IF(MOD(ROW()+COLUMN(),7)=0,INDEX(Base!$B$3:$BA$22,MOD(ROW(),20)+1,MOD(COLUMN(),52)+1)*0.001,0)} -> 2530.9315
... A32: Extra 10 | B32: {=Base!B32*(1+Control!$B$3/12)+IF(MOD(ROW()+COLUMN(),7)=0,INDEX(Base!$B$3:$BA$22,MOD(ROW(),20)+1,MOD(COLUMN(),52)+1)*0.001,0)} -> 0 | C32: {=Base!C32*(1+Control!$B$3/12)+IF(MOD(ROW()+COLUMN(),7)=0,INDEX(Base!$B$3:$BA$22,MOD(ROW(),20)+1,MOD(COLUMN(),52)+1)*0.001,0)} -> 2.33998 | D32: {=Base!D32*(1+Control!$B$3/12)+IF(MOD(ROW()+COLUMN(),7)=0,INDEX(Base!$B$3:$BA$22,MOD(ROW(),20)+1,MOD(COLUMN(),52)+1)*0.001,0)} -> 0 | E32: {=Base!E32*(1+Control!$B$3/12)+IF(MOD(ROW()+COLUMN(),7)=0,INDEX(Base!$B$3:$BA$22,MOD(ROW(),20)+1,MOD(COLUMN(),52)+1)*0.001,0)} -> 0 | F32: {=Base!F32*(1+Control!$B$3/12)+IF(MOD(ROW()+COLUMN(),7)=0,INDEX(Base!$B$3:$BA$22,MOD(ROW(),20)+1,MOD(COLUMN(),52)+1)*0.001,0)} -> 0 | G32: {=Base!G32*(1+Control!$B$3/12)+IF(MOD(ROW()+COLUMN(),7)=0,INDEX(Base!$B$3:$BA$22,MOD(ROW(),20)+1,MOD(COLUMN(),52)+1)*0.001,0)} -> 0 | H32: {=Base!H32*(1+Control!$B$3/12)+IF(MOD(ROW()+COLUMN(),7)=0,INDEX(Base!$B$3:$BA$22,MOD(ROW(),20)+1,MOD(COLUMN(),52)+1)*0.001,0)} -> 0 | I32: {=Base!I32*(1+Control!$B$3/12)+IF(MOD(ROW()+COLUMN(),7)=0,INDEX(Base!$B$3:$BA$22,MOD(ROW(),20)+1,MOD(COLUMN(),52)+1)*0.001,0)} -> 0 | ... AY32: {=Base!AY32*(1+Control!$B$3/12)+IF(MOD(ROW()+COLUMN(),7)=0,INDEX(Base!$B$3:$BA$22,MOD(ROW(),20)+1,MOD(COLUMN(),52)+1)*0.001,0)} -> 0

Sheet Step02
A1: Sheet 2
A3: Banca Alpi | B3: =ROUND(Step01!B3+Step01!$B3*0.0005,6) -> 889.72229 | C3: =ROUND(Step01!C3+Step01!$B3*0.0005,6) -> 871.12591 | D3: =ROUND(Step01!D3+Step01!$B3*0.0005,6) -> 863.82598 | E3: =ROUND(Step01!E3+Step01!$B3*0.0005,6) -> 875.64719 | F3: =ROUND(Step01!F3+Step01!$B3*0.0005,6) -> 872.27879 | G3: =ROUND(Step01!G3+Step01!$B3*0.0005,6) -> 959.69679 | H3: =ROUND(Step01!H3+Step01!$B3*0.0005,6) -> 960.91984 | I3: =ROUND(Step01!I3+Step01!$B3*0.0005,6) -> 898.50419 | ... AY3: =ROUND(Step01!AY3+Step01!$B3*0.0005,6) -> 1040.3579
A4: Banca Adriatica | B4: =ROUND(Step01!B4+Step01!$B4*0.0005,6) -> 1040.4734 | C4: =ROUND(Step01!C4+Step01!$B4*0.0005,6) -> 1075.2011 | D4: =ROUND(Step01!D4+Step01!$B4*0.0005,6) -> 1056.2628 | E4: =ROUND(Step01!E4+Step01!$B4*0.0005,6) -> 1062.1274 | F4: =ROUND(Step01!F4+Step01!$B4*0.0005,6) -> 1012.8244 | G4: =ROUND(Step01!G4+Step01!$B4*0.0005,6) -> 1052.0523 | H4: =ROUND(Step01!H4+Step01!$B4*0.0005,6) -> 1084.9744 | I4: =ROUND(Step01!I4+Step01!$B4*0.0005,6) -> 1056.2828 | ... AY4: =ROUND(Step01!AY4+Step01!$B4*0.0005,6) -> 1179.2695
A5: Banca Tirrena | B5: =ROUND(Step01!B5+Step01!$B5*0.0005,6) -> 1162.8166 | C5: =ROUND(Step01!C5+Step01!$B5*0.0005,6) -> 1197.1451 | D5: =ROUND(Step01!D5+Step01!$B5*0.0005,6) -> 1142.6391 | E5: =ROUND(Step01!E5+Step01!$B5*0.0005,6) -> 1166.9598 | F5: =ROUND(Step01!F5+Step01!$B5*0.0005,6) -> 1162.0275 | G5: =ROUND(Step01!G5+Step01!$B5*0.0005,6) -> 1165.5864 | H5: =ROUND(Step01!H5+Step01!$B5*0.0005,6) -> 1172.9948 | I5: =ROUND(Step01!I5+Step01!$B5*0.0005,6) -> 1198.9356 | ... AY5: =ROUND(Step01!AY5+Step01!$B5*0.0005,6) -> 1346.6642
A6: Banca Padana | B6: =ROUND(Step01!B6+Step01!$B6*0.0005,6) -> 1237.1619 | C6: =ROUND(Step01!C6+Step01!$B6*0.0005,6) -> 1283.5777 | D6: =ROUND(Step01!D6+Step01!$B6*0.0005,6) -> 1252.44 | E6: =ROUND(Step01!E6+Step01!$B6*0.0005,6) -> 1306.6151 | F6: =ROUND(Step01!F6+Step01!$B6*0.0005,6) -> 1325.4922 | G6: =ROUND(Step01!G6+Step01!$B6*0.0005,6) -> 1273.4825 | H6: =ROUND(Step01!H6+Step01!$B6*0.0005,6) -> 1322.0529 | I6: =ROUND(Step01!I6+Step01!$B6*0.0005,6) -> 1276.2394 | ... AY6: =ROUND(Step01!AY6+Step01!$B6*0.0005,6) -> 1407.5969
A7: Banca Etrusca | B7: =ROUND(Step01!B7+Step01!$B7*0.0005,6) -> 1372.7677 | C7: =ROUND(Step01!C7+Step01!$B7*0.0005,6) -> 1361.4194 | D7: =ROUND(Step01!D7+Step01!$B7*0.0005,6) -> 1386.111 | E7: =ROUND(Step01!E7+Step01!$B7*0.0005,6) -> 1358.5422 | F7: =ROUND(Step01!F7+Step01!$B7*0.0005,6) -> 1396.156 | G7: =ROUND(Step01!G7+Step01!$B7*0.0005,6) -> 1408.5682 | H7: =ROUND(Step01!H7+Step01!$B7*0.0005,6) -> 1460.9476 | I7: =ROUND(Step01!I7+Step01!$B7*0.0005,6) -> 1440.4966 | ... AY7: =ROUND(Step01!AY7+Step01!$B7*0.0005,6) -> 1554.9019
A8: Banca Lariana | B8: =ROUND(Step01!B8+Step01!$B8*0.0005,6) -> 1500.7607 | C8: =ROUND(Step01!C8+Step01!$B8*0.0005,6) -> 1470.2346 | D8: =ROUND(Step01!D8+Step01!$B8*0.0005,6) -> 1555.6075 | E8: =ROUND(Step01!E8+Step01!$B8*0.0005,6) -> 1542.5349 | F8: =ROUND(Step01!F8+Step01!$B8*0.0005,6) -> 1488.6436 | G8: =ROUND(Step01!G8+Step01!$B8*0.0005,6) -> 1546.2241 | H8: =ROUND(Step01!H8+Step01!$B8*0.0005,6) -> 1493.0615 | I8: =ROUND(Step01!I8+Step01!$B8*0.0005,6) -> 1560.8706 | ... AY8: =ROUND(Step01!AY8+Step01!$B8*0.0005,6) -> 1688.2783
A9: Banca Sabina | B9: =ROUND(Step01!B9+Step01!$B9*0.0005,6) -> 1665.8045 | C9: =ROUND(Step01!C9+Step01!$B9*0.0005,6) -> 1660.2206 | D9: =ROUND(Step01!D9+Step01!$B9*0.0005,6) -> 1609.1132 | E9: =ROUND(Step01!E9+Step01!$B9*0.0005,6) -> 1683.816 | F9: =ROUND(Step01!F9+Step01!$B9*0.0005,6) -> 1629.7246 | G9: =ROUND(Step01!G9+Step01!$B9*0.0005,6) -> 1687.3683 | H9: =ROUND(Step01!H9+Step01!$B9*0.0005,6) -> 1644.1004 | I9: =ROUND(Step01!I9+Step01!$B9*0.0005,6) -> 1711.5185 | ... AY9: =ROUND(Step01!AY9+Step01!$B9*0.0005,6) -> 1865.6629
A10: Banca Irpina | B10: =ROUND(Step01!B10+Step01!$B10*0.0005,6) -> 1702.6247 | C10: =ROUND(Step01!C10+Step01!$B10*0.0005,6) -> 1791.4462 | D10: =ROUND(Step01!D10+Step01!$B10*0.0005,6) -> 1809.7161 | E10: =ROUND(Step01!E10+Step01!$B10*0.0005,6) -> 1756.4189 | F10: =ROUND(Step01!F10+Step01!$B10*0.0005,6) -> 1784.2583 | G10: =ROUND(Step01!G10+Step01!$B10*0.0005,6) -> 1770.8749 | H10: =ROUND(Step01!H10+Step01!$B10*0.0005,6) -> 1764.6895 | I10: =ROUND(Step01!I10+Step01!$B10*0.0005,6) -> 1770.8649 | ... AY10: =ROUND(Step01!AY10+Step01!$B10*0.0005,6) -> 2021.2292
A11: Banca Sannita | B11: =ROUND(Step01!B11+Step01!$B11*0.0005,6) -> 1846.2846 | C11: =ROUND(Step01!C11+Step01!$B11*0.0005,6) -> 1900.3759 | D11: =ROUND(Step01!D11+Step01!$B11*0.0005,6) -> 1860.3898 | E11: =ROUND(Step01!E11+Step01!$B11*0.0005,6) -> 1873.8032 | F11: =ROUND(Step01!F11+Step01!$B11*0.0005,6) -> 1898.2943 | G11: =ROUND(Step01!G11+Step01!$B11*0.0005,6) -> 1936.7502 | H11: =ROUND(Step01!H11+Step01!$B11*0.0005,6) -> 1933.6825 | I11: =ROUND(Step01!I11+Step01!$B11*0.0005,6) -> 1880.3295 | ... AY11: =ROUND(Step01!AY11+Step01!$B11*0.0005,6) -> 2157.6912
A12: Banca Ligure | B12: =ROUND(Step01!B12+Step01!$B12*0.0005,6) -> 1946.4608 | C12: =ROUND(Step01!C12+Step01!$B12*0.0005,6) -> 2026.133 | D12: =ROUND(Step01!D12+Step01!$B12*0.0005,6) -> 2017.2308 | E12: =ROUND(Step01!E12+Step01!$B12*0.0005,6) -> 2044.1279 | F12: =ROUND(Step01!F12+Step01!$B12*0.0005,6) -> 1984.2887 | G12: =ROUND(Step01!G12+Step01!$B12*0.0005,6) -> 2067.837 | H12: =ROUND(Step01!H12+Step01!$B12*0.0005,6) -> 2055.9875 | I12: =ROUND(Step01!I12+Step01!$B12*0.0005,6) -> 2053.5839 | ... AY12: =ROUND(Step01!AY12+Step01!$B12*0.0005,6) -> 2242.072
A13: Banca Veneta | B13: =ROUND(Step01!B13+Step01!$B13*0.0005,6) -> 2120.5051 | C13: =ROUND(Step01!C13+Step01!$B13*0.0005,6) -> 2166.59 | D13: =ROUND(Step01!D13+Step01!$B13*0.0005,6) -> 2154.7906 | E13: =ROUND(Step01!E13+Step01!$B13*0.0005,6) -> 2124.2144 | F13: =ROUND(Step01!F13+Step01!$B13*0.0005,6) -> 2105.8586 | G13: =ROUND(Step01!G13+Step01!$B13*0.0005,6) -> 2125.2269 | H13: =ROUND(Step01!H13+Step01!$B13*0.0005,6) -> 2124.7741 | I13: =ROUND(Step01!I13+Step01!$B13*0.0005,6) -> 2168.7855 | ... AY13: =ROUND(Step01!AY13+Step01!$B13*0.0005,6) -> 2402.4683
A14: Banca Friulana | B14: =ROUND(Step01!B14+Step01!$B14*0.0005,6) -> 2213.3229 | C14: =ROUND(Step01!C14+Step01!$B14*0.0005,6) -> 2212.2602 | D14: =ROUND(Step01!D14+Step01!$B14*0.0005,6) -> 2254.6359 | E14: =ROUND(Step01!E14+Step01!$B14*0.0005,6) -> 2268.7812 | F14: =ROUND(Step01!F14+Step01!$B14*0.0005,6) -> 2212.9419 | G14: =ROUND(Step01!G14+Step01!$B14*0.0005,6) -> 2315.033 | H14: =ROUND(Step01!H14+Step01!$B14*0.0005,6) -> 2290.6657 | I14: =ROUND(Step01!I14+Step01!$B14*0.0005,6) -> 2283.9891 | ... AY14: =ROUND(Step01!AY14+Step01!$B14*0.0005,6) -> 2532.0377
... A32: Extra 10 | B32: =ROUND(Step01!B32+Step01!$B32*0.0005,6) -> 0 | C32: =ROUND(Step01!C32+Step01!$B32*0.0005,6) -> 2.33998 | D32: =ROUND(Step01!D32+Step01!$B32*0.0005,6) -> 0 | E32: =ROUND(Step01!E32+Step01!$B32*0.0005,6) -> 0 | F32: =ROUND(Step01!F32+Step01!$B32*0.0005,6) -> 0 | G32: =ROUND(Step01!G32+Step01!$B32*0.0005,6) -> 0 | H32: =ROUND(Step01!H32+Step01!$B32*0.0005,6) -> 0 | I32: =ROUND(Step01!I32+Step01!$B32*0.0005,6) -> 0 | ... AY32: =ROUND(Step01!AY32+Step01!$B32*0.0005,6) -> 0

Sheet Step03
A1: Sheet 3
A3: Banca Alpi | B3: =IF(Step02!B3>Step02!$B$3,Step02!B3-0.5,Step02!B3+0.5) -> 890.22229 | C3: =IF(Step02!C3>Step02!$B$3,Step02!C3-0.5,Step02!C3+0.5) -> 871.62591 | D3: =IF(Step02!D3>Step02!$B$3,Step02!D3-0.5,Step02!D3+0.5) -> 864.32598 | E3: =IF(Step02!E3>Step02!$B$3,Step02!E3-0.5,Step02!E3+0.5) -> 876.14719 | F3: =IF(Step02!F3>Step02!$B$3,Step02!F3-0.5,Step02!F3+0.5) -> 872.77879 | G3: =IF(Step02!G3>Step02!$B$3,Step02!G3-0.5,Step02!G3+0.5) -> 959.19679 | H3: =IF(Step02!H3>Step02!$B$3,Step02!H3-0.5,Step02!H3+0.5) -> 960.41984 | I3: =IF(Step02!I3>Step02!$B$3,Step02!I3-0.5,Step02!I3+0.5) -> 898.00419 | ... AY3: =IF(Step02!AY3>Step02!$B$3,Step02!AY3-0.5,Step02!AY3+0.5) -> 1039.8579
A4: Banca Adriatica | B4: =IF(Step02!B4>Step02!$B$3,Step02!B4-0.5,Step02!B4+0.5) -> 1039.9734 | C4: =IF(Step02!C4>Step02!$B$3,Step02!C4-0.5,Step02!C4+0.5) -> 1074.7011 | D4: =IF(Step02!D4>Step02!$B$3,Step02!D4-0.5,Step02!D4+0.5) -> 1055.7628 | E4: =IF(Step02!E4>Step02!$B$3,Step02!E4-0.5,Step02!E4+0.5) -> 1061.6274 | F4: =IF(Step02!F4>Step02!$B$3,Step02!F4-0.5,Step02!F4+0.5) -> 1012.3244 | G4: =IF(Step02!G4>Step02!$B$3,Step02!G4-0.5,Step02!G4+0.5) -> 1051.5523 | H4: =IF(Step02!H4>Step02!$B$3,Step02!H4-0.5,Step02!H4+0.5) -> 1084.4744 | I4: =IF(Step02!I4>Step02!$B$3,Step02!I4-0.5,Step02!I4+0.5) -> 1055.7828 | ... AY4: =IF(Step02!AY4>Step02!$B$3,Step02!AY4-0.5,Step02!AY4+0.5) -> 1178.7695
A5: Banca Tirrena | B5: =IF(Step02!B5>Step02!$B$3,Step02!B5-0.5,Step02!B5+0.5) -> 1162.3166 | C5: =IF(Step02!C5>Step02!$B$3,Step02!C5-0.5,Step02!C5+0.5) -> 1196.6451 | D5: =IF(Step02!D5>Step02!$B$3,Step02!D5-0.5,Step02!D5+0.5) -> 1142.1391 | E5: =IF(Step02!E5>Step02!$B$3,Step02!E5-0.5,Step02!E5+0.5) -> 1166.4598 | F5: =IF(Step02!F5>Step02!$B$3,Step02!F5-0.5,Step02!F5+0.5) -> 1161.5275 | G5: =IF(Step02!G5>Step02!$B$3,Step02!G5-0.5,Step02!G5+0.5) -> 1165.0864 | H5: =IF(Step02!H5>Step02!$B$3,Step02!H5-0.5,Step02!H5+0.5) -> 1172.4948 | I5: =IF(Step02!I5>Step02!$B$3,Step02!I5-0.5,Step02!I5+0.5) -> 1198.4356 | ... AY5: =IF(Step02!AY5>Step02!$B$3,Step02!AY5-0.5,Step02!AY5+0.5) -> 1346.1642
A6: Banca Padana | B6: =IF(Step02!B6>Step02!$B$3,Step02!B6-0.5,Step02!B6+0.5) -> 1236.6619 | C6: =IF(Step02!C6>Step02!$B$3,Step02!C6-0.5,Step02!C6+0.5) -> 1283.0777 | D6: =IF(Step02!D6>Step02!$B$3,Step02!D6-0.5,Step02!D6+0.5) -> 1251.94 | E6: =IF(Step02!E6>Step02!$B$3,Step02!E6-0.5,Step02!E6+0.5) -> 1306.1151 | F6: =IF(Step02!F6>Step02!$B$3,Step02!F6-0.5,Step02!F6+0.5) -> 1324.9922 | G6: =IF(Step02!G6>Step02!$B$3,Step02!G6-0.5,Step02!G6+0.5) -> 1272.9825 | H6: =IF(Step02!H6>Step02!$B$3,Step02!H6-0.5,Step02!H6+0.5) -> 1321.5529 | I6: =IF(Step02!I6>Step02!$B$3,Step02!I6-0.5,Step02!I6+0.5) -> 1275.7394 | ... AY6: =IF(Step02!AY6>Step02!$B$3,Step02!AY6-0.5,Step02!AY6+0.5) -> 1407.0969
A7: Banca Etrusca | B7: =IF(Step02!B7>Step02!$B$3,Step02!B7-0.5,Step02!B7+0.5) -> 1372.2677 | C7: =IF(Step02!C7>Step02!$B$3,Step02!C7-0.5,Step02!C7+0.5) -> 1360.9194 | D7: =IF(Step02!D7>Step02!$B$3,Step02!D7-0.5,Step02!D7+0.5) -> 1385.611 | E7: =IF(Step02!E7>Step02!$B$3,Step02!E7-0.5,Step02!E7+0.5) -> 1358.0422 | F7: =IF(Step02!F7>Step02!$B$3,Step02!F7-0.5,Step02!F7+0.5) -> 1395.656 | G7: =IF(Step02!G7>Step02!$B$3,Step02!G7-0.5,Step02!G7+0.5) -> 1408.0682 | H7: =IF(Step02!H7>Step02!$B$3,Step02!H7-0.5,Step02!H7+0.5) -> 1460.4476 | I7: =IF(Step02!I7>Step02!$B$3,Step02!I7-0.5,Step02!I7+0.5) -> 1439.9966 | ... AY7: =IF(Step02!AY7>Step02!$B$3,Step02!AY7-0.5,Step02!AY7+0.5) -> 1554.4019
A8: Banca Lariana | B8: =IF(Step02!B8>Step02!$B$3,Step02!B8-0.5,Step02!B8+0.5) -> 1500.2607 | C8: =IF(Step02!C8>Step02!$B$3,Step02!C8-0.5,Step02!C8+0.5) -> 1469.7346 | D8: =IF(Step02!D8>Step02!$B$3,Step02!D8-0.5,Step02!D8+0.5) -> 1555.1075 | E8: =IF(Step02!E8>Step02!$B$3,Step02!E8-0.5,Step02!E8+0.5) -> 1542.0349 | F8: =IF(Step02!F8>Step02!$B$3,Step02!F8-0.5,Step02!F8+0.5) -> 1488.1436 | G8: =IF(Step02!G8>Step02!$B$3,Step02!G8-0.5,Step02!G8+0.5) -> 1545.7241 | H8: =IF(Step02!H8>Step02!$B$3,Step02!H8-0.5,Step02!H8+0.5) -> 1492.5615 | I8: =IF(Step02!I8>Step02!$B$3,Step02!I8-0.5,Step02!I8+0.5) -> 1560.3706 | ... AY8: =IF(Step02!AY8>Step02!$B$3,Step02!AY8-0.5,Step02!AY8+0.5) -> 1687.7783
A9: Banca Sabina | B9: =IF(Step02!B9>Step02!$B$3,Step02!B9-0.5,Step02!B9+0.5) -> 1665.3045 | C9: =IF(Step02!C9>Step02!$B$3,Step02!C9-0.5,Step02!C9+0.5) -> 1659.7206 | D9: =IF(Step02!D9>Step02!$B$3,Step02!D9-0.5,Step02!D9+0.5) -> 1608.6132 | E9: =IF(Step02!E9>Step02!$B$3,Step02!E9-0.5,Step02!E9+0.5) -> 1683.316 | F9: =IF(Step02!F9>Step02!$B$3,Step02!F9-0.5,Step02!F9+0.5) -> 1629.2246 | G9: =IF(Step02!G9>Step02!$B$3,Step02!G9-0.5,Step02!G9+0.5) -> 1686.8683 | H9: =IF(Step02!H9>Step02!$B$3,Step02!H9-0.5,Step02!H9+0.5) -> 1643.6004 | I9: =IF(Step02!I9>Step02!$B$3,Step02!I9-0.5,Step02!I9+0.5) -> 1711.0185 | ... AY9: =IF(Step02!AY9>Step02!$B$3,Step02!AY9-0.5,Step02!AY9+0.5) -> 1865.1629
A10: Banca Irpina | B10: =IF(Step02!B10>Step02!$B$3,Step02!B10-0.5,Step02!B10+0.5) -> 1702.1247 | C10: =IF(Step02!C10>Step02!$B$3,Step02!C10-0.5,Step02!C10+0.5) -> 1790.9462 | D10: =IF(Step02!D10>Step02!$B$3,Step02!D10-0.5,Step02!D10+0.5) -> 1809.2161 | E10: =IF(Step02!E10>Step02!$B$3,Step02!E10-0.5,Step02!E10+0.5) -> 1755.9189 | F10: =IF(Step02!F10>Step02!$B$3,Step02!F10-0.5,Step02!F10+0.5) -> 1783.7583 | G10: =IF(Step02!G10>Step02!$B$3,Step02!G10-0.5,Step02!G10+0.5) -> 1770.3749 | H10: =IF(Step02!H10>Step02!$B$3,Step02!H10-0.5,Step02!H10+0.5) -> 1764.1895 | I10: =IF(Step02!I10>Step02!$B$3,Step02!I10-0.5,Step02!I10+0.5) -> 1770.3649 | ... AY10: =IF(Step02!AY10>Step02!$B$3,Step02!AY10-0.5,Step02!AY10+0.5) -> 2020.7292
A11: Banca Sannita | B11: =IF(Step02!B11>Step02!$B$3,Step02!B11-0.5,Step02!B11+0.5) -> 1845.7846 | C11: =IF(Step02!C11>Step02!$B$3,Step02!C11-0.5,Step02!C11+0.5) -> 1899.8759 | D11: =IF(Step02!D11>Step02!$B$3,Step02!D11-0.5,Step02!D11+0.5) -> 1859.8898 | E11: =IF(Step02!E11>Step02!$B$3,Step02!E11-0.5,Step02!E11+0.5) -> 1873.3032 | F11: =IF(Step02!F11>Step02!$B$3,Step02!F11-0.5,Step02!F11+0.5) -> 1897.7943 | G11: =IF(Step02!G11>Step02!$B$3,Step02!G11-0.5,Step02!G11+0.5) -> 1936.2502 | H11: =IF(Step02!H11>Step02!$B$3,Step02!H11-0.5,Step02!H11+0.5) -> 1933.1825 | I11: =IF(Step02!I11>Step02!$B$3,Step02!I11-0.5,Step02!I11+0.5) -> 1879.8295 | ... AY11: =IF(Step02!AY11>Step02!$B$3,Step02!AY11-0.5,Step02!AY11+0.5) -> 2157.1912
A12: Banca Ligure | B12: =IF(Step02!B12>Step02!$B$3,Step02!B12-0.5,Step02!B12+0.5) -> 1945.9608 | C12: =IF(Step02!C12>Step02!$B$3,Step02!C12-0.5,Step02!C12+0.5) -> 2025.633 | D12: =IF(Step02!D12>Step02!$B$3,Step02!D12-0.5,Step02!D12+0.5) -> 2016.7308 | E12: =IF(Step02!E12>Step02!$B$3,Step02!E12-0.5,Step02!E12+0.5) -> 2043.6279 | F12: =IF(Step02!F12>Step02!$B$3,Step02!F12-0.5,Step02!F12+0.5) -> 1983.7887 | G12: =IF(Step02!G12>Step02!$B$3,Step02!G12-0.5,Step02!G12+0.5) -> 2067.337 | H12: =IF(Step02!H12>Step02!$B$3,Step02!H12-0.5,Step02!H12+0.5) -> 2055.4875 | I12: =IF(Step02!I12>Step02!$B$3,Step02!I12-0.5,Step02!I12+0.5) -> 2053.0839 | ... AY12: =IF(Step02!AY12>Step02!$B$3,Step02!AY12-0.5,Step02!AY12+0.5) -> 2241.572
A13: Banca Veneta | B13: =IF(Step02!B13>Step02!$B$3,Step02!B13-0.5,Step02!B13+0.5) -> 2120.0051 | C13: =IF(Step02!C13>Step02!$B$3,Step02!C13-0.5,Step02!C13+0.5) -> 2166.09 | D13: =IF(Step02!D13>Step02!$B$3,Step02!D13-0.5,Step02!D13+0.5) -> 2154.2906 | E13: =IF(Step02!E13>Step02!$B$3,Step02!E13-0.5,Step02!E13+0.5) -> 2123.7144 | F13: =IF(Step02!F13>Step02!$B$3,Step02!F13-0.5,Step02!F13+0.5) -> 2105.3586 | G13: =IF(Step02!G13>Step02!$B$3,Step02!G13-0.5,Step02!G13+0.5) -> 2124.7269 | H13: =IF(Step02!H13>Step02!$B$3,Step02!H13-0.5,Step02!H13+0.5) -> 2124.2741 | I13: =IF(Step02!I13>Step02!$B$3,Step02!I13-0.5,Step02!I13+0.5) -> 2168.2855 | ... AY13: =IF(Step02!AY13>Step02!$B$3,Step02!AY13-0.5,Step02!AY13+0.5) -> 2401.9683
A14: Banca Friulana | B14: =IF(Step02!B14>Step02!$B$3,Step02!B14-0.5,Step02!B14+0.5) -> 2212.8229 | C14: =IF(Step02!C14>Step02!$B$3,Step02!C14-0.5,Step02!C14+0.5) -> 2211.7602 | D14: =IF(Step02!D14>Step02!$B$3,Step02!D14-0.5,Step02!D14+0.5) -> 2254.1359 | E14: =IF(Step02!E14>Step02!$B$3,Step02!E14-0.5,Step02!E14+0.5) -> 2268.2812 | F14: =IF(Step02!F14>Step02!$B$3,Step02!F14-0.5,Step02!F14+0.5) -> 2212.4419 | G14: =IF(Step02!G14>Step02!$B$3,Step02!G14-0.5,Step02!G14+0.5) -> 2314.533 | H14: =IF(Step02!H14>Step02!$B$3,Step02!H14-0.5,Step02!H14+0.5) -> 2290.1657 | I14: =IF(Step02!I14>Step02!$B$3,Step02!I14-0.5,Step02!I14+0.5) -> 2283.4891 | ... AY14: =IF(Step02!AY14>Step02!$B$3,Step02!AY14-0.5,Step02!AY14+0.5) -> 2531.5377
... A32: Extra 10 | B32: =IF(Step02!B32>Step02!$B$3,Step02!B32-0.5,Step02!B32+0.5) -> 0.5 | C32: =IF(Step02!C32>Step02!$B$3,Step02!C32-0.5,Step02!C32+0.5) -> 2.83998 | D32: =IF(Step02!D32>Step02!$B$3,Step02!D32-0.5,Step02!D32+0.5) -> 0.5 | E32: =IF(Step02!E32>Step02!$B$3,Step02!E32-0.5,Step02!E32+0.5) -> 0.5 | F32: =IF(Step02!F32>Step02!$B$3,Step02!F32-0.5,Step02!F32+0.5) -> 0.5 | G32: =IF(Step02!G32>Step02!$B$3,Step02!G32-0.5,Step02!G32+0.5) -> 0.5 | H32: =IF(Step02!H32>Step02!$B$3,Step02!H32-0.5,Step02!H32+0.5) -> 0.5 | I32: =IF(Step02!I32>Step02!$B$3,Step02!I32-0.5,Step02!I32+0.5) -> 0.5 | ... AY32: =IF(Step02!AY32>Step02!$B$3,Step02!AY32-0.5,Step02!AY32+0.5) -> 0.5

Sheet Step04
A1: Sheet 4
A3: Banca Alpi | B3: =Step03!B3+SUM(Step03!$B3:$F3)/1000-AVERAGE(Step03!B$3:B$7)/1000 -> 893.4571 | C3: =Step03!C3+SUM(Step03!$B3:$F3)/1000-AVERAGE(Step03!C$3:C$7)/1000 -> 874.84362 | D3: =Step03!D3+SUM(Step03!$B3:$F3)/1000-AVERAGE(Step03!D$3:D$7)/1000 -> 867.56113 | E3: =Step03!E3+SUM(Step03!$B3:$F3)/1000-AVERAGE(Step03!E$3:E$7)/1000 -> 879.36861 | F3: =Step03!F3+SUM(Step03!$B3:$F3)/1000-AVERAGE(Step03!F$3:F$7)/1000 -> 876.00043 | G3: =Step03!G3+SUM(Step03!$B3:$F3)/1000-AVERAGE(Step03!G$3:G$7)/1000 -> 962.40051 | H3: =Step03!H3+SUM(Step03!$B3:$F3)/1000-AVERAGE(Step03!H$3:H$7)/1000 -> 963.59506 | I3: =Step03!I3+SUM(Step03!$B3:$F3)/1000-AVERAGE(Step03!I$3:I$7)/1000 -> 901.2057 | ... AY3: =Step03!AY3+SUM(Step03!$B3:$F3)/1000-AVERAGE(Step03!AY$3:AY$7)/1000 -> 1042.9278
A4: Banca Adriatica | B4: =Step03!B4+SUM(Step03!$B4:$F4)/1000-AVERAGE(Step03!B$3:B$7)/1000 -> 1044.0775 | C4: =Step03!C4+SUM(Step03!$B4:$F4)/1000-AVERAGE(Step03!C$3:C$7)/1000 -> 1078.7881 | D4: =Step03!D4+SUM(Step03!$B4:$F4)/1000-AVERAGE(Step03!D$3:D$7)/1000 -> 1059.8672 | E4: =Step03!E4+SUM(Step03!$B4:$F4)/1000-AVERAGE(Step03!E$3:E$7)/1000 -> 1065.7181 | F4: =Step03!F4+SUM(Step03!$B4:$F4)/1000-AVERAGE(Step03!F$3:F$7)/1000 -> 1016.4154 | G4: =Step03!G4+SUM(Step03!$B4:$F4)/1000-AVERAGE(Step03!G$3:G$7)/1000 -> 1055.6253 | H4: =Step03!H4+SUM(Step03!$B4:$F4)/1000-AVERAGE(Step03!H$3:H$7)/1000 -> 1088.5189 | I4: =Step03!I4+SUM(Step03!$B4:$F4)/1000-AVERAGE(Step03!I$3:I$7)/1000 -> 1059.8536 | ... AY4: =Step03!AY4+SUM(Step03!$B4:$F4)/1000-AVERAGE(Step03!AY$3:AY$7)/1000 -> 1182.7086
A5: Banca Tirrena | B5: =Step03!B5+SUM(Step03!$B5:$F5)/1000-AVERAGE(Step03!B$3:B$7)/1000 -> 1167.0054 | C5: =Step03!C5+SUM(Step03!$B5:$F5)/1000-AVERAGE(Step03!C$3:C$7)/1000 -> 1201.3168 | D5: =Step03!D5+SUM(Step03!$B5:$F5)/1000-AVERAGE(Step03!D$3:D$7)/1000 -> 1146.8283 | E5: =Step03!E5+SUM(Step03!$B5:$F5)/1000-AVERAGE(Step03!E$3:E$7)/1000 -> 1171.1352 | F5: =Step03!F5+SUM(Step03!$B5:$F5)/1000-AVERAGE(Step03!F$3:F$7)/1000 -> 1166.2031 | G5: =Step03!G5+SUM(Step03!$B5:$F5)/1000-AVERAGE(Step03!G$3:G$7)/1000 -> 1169.7441 | H5: =Step03!H5+SUM(Step03!$B5:$F5)/1000-AVERAGE(Step03!H$3:H$7)/1000 -> 1177.1241 | I5: =Step03!I5+SUM(Step03!$B5:$F5)/1000-AVERAGE(Step03!I$3:I$7)/1000 -> 1203.0911 | ... AY5: =Step03!AY5+SUM(Step03!$B5:$F5)/1000-AVERAGE(Step03!AY$3:AY$7)/1000 -> 1350.688
A6: Banca Padana | B6: =Step03!B6+SUM(Step03!$B6:$F6)/1000-AVERAGE(Step03!B$3:B$7)/1000 -> 1241.9244 | C6: =Step03!C6+SUM(Step03!$B6:$F6)/1000-AVERAGE(Step03!C$3:C$7)/1000 -> 1288.3231 | D6: =Step03!D6+SUM(Step03!$B6:$F6)/1000-AVERAGE(Step03!D$3:D$7)/1000 -> 1257.2029 | E6: =Step03!E6+SUM(Step03!$B6:$F6)/1000-AVERAGE(Step03!E$3:E$7)/1000 -> 1311.3642 | F6: =Step03!F6+SUM(Step03!$B6:$F6)/1000-AVERAGE(Step03!F$3:F$7)/1000 -> 1330.2415 | G6: =Step03!G6+SUM(Step03!$B6:$F6)/1000-AVERAGE(Step03!G$3:G$7)/1000 -> 1278.2139 | H6: =Step03!H6+SUM(Step03!$B6:$F6)/1000-AVERAGE(Step03!H$3:H$7)/1000 -> 1326.7558 | I6: =Step03!I6+SUM(Step03!$B6:$F6)/1000-AVERAGE(Step03!I$3:I$7)/1000 -> 1280.9686 | ... AY6: =Step03!AY6+SUM(Step03!$B6:$F6)/1000-AVERAGE(Step03!AY$3:AY$7)/1000 -> 1412.1945
A7: Banca Etrusca | B7: =Step03!B7+SUM(Step03!$B7:$F7)/1000-AVERAGE(Step03!B$3:B$7)/1000 -> 1377.9999 | C7: =Step03!C7+SUM(Step03!$B7:$F7)/1000-AVERAGE(Step03!C$3:C$7)/1000 -> 1366.6345 | D7: =Step03!D7+SUM(Step03!$B7:$F7)/1000-AVERAGE(Step03!D$3:D$7)/1000 -> 1391.3435 | E7: =Step03!E7+SUM(Step03!$B7:$F7)/1000-AVERAGE(Step03!E$3:E$7)/1000 -> 1363.761 | F7: =Step03!F7+SUM(Step03!$B7:$F7)/1000-AVERAGE(Step03!F$3:F$7)/1000 -> 1401.3751 | G7: =Step03!G7+SUM(Step03!$B7:$F7)/1000-AVERAGE(Step03!G$3:G$7)/1000 -> 1413.7693 | H7: =Step03!H7+SUM(Step03!$B7:$F7)/1000-AVERAGE(Step03!H$3:H$7)/1000 -> 1466.1202 | I7: =Step03!I7+SUM(Step03!$B7:$F7)/1000-AVERAGE(Step03!I$3:I$7)/1000 -> 1445.6955 | ... AY7: =Step03!AY7+SUM(Step03!$B7:$F7)/1000-AVERAGE(Step03!AY$3:AY$7)/1000 -> 1559.9691
A8: Banca Lariana | B8: =Step03!B8+SUM(Step03!$B8:$F8)/1000-AVERAGE(Step03!B$3:B$7)/1000 -> 1506.6757 | C8: =Step03!C8+SUM(Step03!$B8:$F8)/1000-AVERAGE(Step03!C$3:C$7)/1000 -> 1476.1324 | D8: =Step03!D8+SUM(Step03!$B8:$F8)/1000-AVERAGE(Step03!D$3:D$7)/1000 -> 1561.5228 | E8: =Step03!E8+SUM(Step03!$B8:$F8)/1000-AVERAGE(Step03!E$3:E$7)/1000 -> 1548.4365 | F8: =Step03!F8+SUM(Step03!$B8:$F8)/1000-AVERAGE(Step03!F$3:F$7)/1000 -> 1494.5454 | G8: =Step03!G8+SUM(Step03!$B8:$F8)/1000-AVERAGE(Step03!G$3:G$7)/1000 -> 1552.108 | H8: =Step03!H8+SUM(Step03!$B8:$F8)/1000-AVERAGE(Step03!H$3:H$7)/1000 -> 1498.9169 | I8: =Step03!I8+SUM(Step03!$B8:$F8)/1000-AVERAGE(Step03!I$3:I$7)/1000 -> 1566.7523 | ... AY8: =Step03!AY8+SUM(Step03!$B8:$F8)/1000-AVERAGE(Step03!AY$3:AY$7)/1000 -> 1694.0283
A9: Banca Sabina | B9: =Step03!B9+SUM(Step03!$B9:$F9)/1000-AVERAGE(Step03!B$3:B$7)/1000 -> 1672.4104 | C9: =Step03!C9+SUM(Step03!$B9:$F9)/1000-AVERAGE(Step03!C$3:C$7)/1000 -> 1666.8094 | D9: =Step03!D9+SUM(Step03!$B9:$F9)/1000-AVERAGE(Step03!D$3:D$7)/1000 -> 1615.7194 | E9: =Step03!E9+SUM(Step03!$B9:$F9)/1000-AVERAGE(Step03!E$3:E$7)/1000 -> 1690.4085 | F9: =Step03!F9+SUM(Step03!$B9:$F9)/1000-AVERAGE(Step03!F$3:F$7)/1000 -> 1636.3173 | G9: =Step03!G9+SUM(Step03!$B9:$F9)/1000-AVERAGE(Step03!G$3:G$7)/1000 -> 1693.9431 | H9: =Step03!H9+SUM(Step03!$B9:$F9)/1000-AVERAGE(Step03!H$3:H$7)/1000 -> 1650.6467 | I9: =Step03!I9+SUM(Step03!$B9:$F9)/1000-AVERAGE(Step03!I$3:I$7)/1000 -> 1718.0911 | ... AY9: =Step03!AY9+SUM(Step03!$B9:$F9)/1000-AVERAGE(Step03!AY$3:AY$7)/1000 -> 1872.1039
A10: Banca Irpina | B10: =Step03!B10+SUM(Step03!$B10:$F10)/1000-AVERAGE(Step03!B$3:B$7)/1000 -> 1709.8264 | C10: =Step03!C10+SUM(Step03!$B10:$F10)/1000-AVERAGE(Step03!C$3:C$7)/1000 -> 1798.6308 | D10: =Step03!D10+SUM(Step03!$B10:$F10)/1000-AVERAGE(Step03!D$3:D$7)/1000 -> 1816.9181 | E10: =Step03!E10+SUM(Step03!$B10:$F10)/1000-AVERAGE(Step03!E$3:E$7)/1000 -> 1763.6071 | F10: =Step03!F10+SUM(Step03!$B10:$F10)/1000-AVERAGE(Step03!F$3:F$7)/1000 -> 1791.4468 | G10: =Step03!G10+SUM(Step03!$B10:$F10)/1000-AVERAGE(Step03!G$3:G$7)/1000 -> 1778.0455 | H10: =Step03!H10+SUM(Step03!$B10:$F10)/1000-AVERAGE(Step03!H$3:H$7)/1000 -> 1771.8316 | I10: =Step03!I10+SUM(Step03!$B10:$F10)/1000-AVERAGE(Step03!I$3:I$7)/1000 -> 1778.0333 | ... AY10: =Step03!AY10+SUM(Step03!$B10:$F10)/1000-AVERAGE(Step03!AY$3:AY$7)/1000 -> 2028.2659
A11: Banca Sannita | B11: =Step03!B11+SUM(Step03!$B11:$F11)/1000-AVERAGE(Step03!B$3:B$7)/1000 -> 1854.0209 | C11: =Step03!C11+SUM(Step03!$B11:$F11)/1000-AVERAGE(Step03!C$3:C$7)/1000 -> 1908.0951 | D11: =Step03!D11+SUM(Step03!$B11:$F11)/1000-AVERAGE(Step03!D$3:D$7)/1000 -> 1868.1264 | E11: =Step03!E11+SUM(Step03!$B11:$F11)/1000-AVERAGE(Step03!E$3:E$7)/1000 -> 1881.5262 | F11: =Step03!F11+SUM(Step03!$B11:$F11)/1000-AVERAGE(Step03!F$3:F$7)/1000 -> 1906.0175 | G11: =Step03!G11+SUM(Step03!$B11:$F11)/1000-AVERAGE(Step03!G$3:G$7)/1000 -> 1944.4555 | H11: =Step03!H11+SUM(Step03!$B11:$F11)/1000-AVERAGE(Step03!H$3:H$7)/1000 -> 1941.3593 | I11: =Step03!I11+SUM(Step03!$B11:$F11)/1000-AVERAGE(Step03!I$3:I$7)/1000 -> 1888.0325 | ... AY11: =Step03!AY11+SUM(Step03!$B11:$F11)/1000-AVERAGE(Step03!AY$3:AY$7)/1000 -> 2165.2625
A12: Banca Ligure | B12: =Step03!B12+SUM(Step03!$B12:$F12)/1000-AVERAGE(Step03!B$3:B$7)/1000 -> 1954.8362 | C12: =Step03!C12+SUM(Step03!$B12:$F12)/1000-AVERAGE(Step03!C$3:C$7)/1000 -> 2034.4914 | D12: =Step03!D12+SUM(Step03!$B12:$F12)/1000-AVERAGE(Step03!D$3:D$7)/1000 -> 2025.6066 | E12: =Step03!E12+SUM(Step03!$B12:$F12)/1000-AVERAGE(Step03!E$3:E$7)/1000 -> 2052.49 | F12: =Step03!F12+SUM(Step03!$B12:$F12)/1000-AVERAGE(Step03!F$3:F$7)/1000 -> 1992.651 | G12: =Step03!G12+SUM(Step03!$B12:$F12)/1000-AVERAGE(Step03!G$3:G$7)/1000 -> 2076.1814 | H12: =Step03!H12+SUM(Step03!$B12:$F12)/1000-AVERAGE(Step03!H$3:H$7)/1000 -> 2064.3033 | I12: =Step03!I12+SUM(Step03!$B12:$F12)/1000-AVERAGE(Step03!I$3:I$7)/1000 -> 2061.926 | ... AY12: =Step03!AY12+SUM(Step03!$B12:$F12)/1000-AVERAGE(Step03!AY$3:AY$7)/1000 -> 2250.2825
A13: Banca Veneta | B13: =Step03!B13+SUM(Step03!$B13:$F13)/1000-AVERAGE(Step03!B$3:B$7)/1000 -> 2129.5343 | C13: =Step03!C13+SUM(Step03!$B13:$F13)/1000-AVERAGE(Step03!C$3:C$7)/1000 -> 2175.6021 | D13: =Step03!D13+SUM(Step03!$B13:$F13)/1000-AVERAGE(Step03!D$3:D$7)/1000 -> 2163.8201 | E13: =Step03!E13+SUM(Step03!$B13:$F13)/1000-AVERAGE(Step03!E$3:E$7)/1000 -> 2133.2302 | F13: =Step03!F13+SUM(Step03!$B13:$F13)/1000-AVERAGE(Step03!F$3:F$7)/1000 -> 2114.8746 | G13: =Step03!G13+SUM(Step03!$B13:$F13)/1000-AVERAGE(Step03!G$3:G$7)/1000 -> 2134.225 | H13: =Step03!H13+SUM(Step03!$B13:$F13)/1000-AVERAGE(Step03!H$3:H$7)/1000 -> 2133.7437 | I13: =Step03!I13+SUM(Step03!$B13:$F13)/1000-AVERAGE(Step03!I$3:I$7)/1000 -> 2177.7814 | ... AY13: =Step03!AY13+SUM(Step03!$B13:$F13)/1000-AVERAGE(Step03!AY$3:AY$7)/1000 -> 2411.3325
A14: Banca Friulana | B14: =Step03!B14+SUM(Step03!$B14:$F14)/1000-AVERAGE(Step03!B$3:B$7)/1000 -> 2222.842 | C14: =Step03!C14+SUM(Step03!$B14:$F14)/1000-AVERAGE(Step03!C$3:C$7)/1000 -> 2221.7623 | D14: =Step03!D14+SUM(Step03!$B14:$F14)/1000-AVERAGE(Step03!D$3:D$7)/1000 -> 2264.1554 | E14: =Step03!E14+SUM(Step03!$B14:$F14)/1000-AVERAGE(Step03!E$3:E$7)/1000 -> 2278.2869 | F14: =Step03!F14+SUM(Step03!$B14:$F14)/1000-AVERAGE(Step03!F$3:F$7)/1000 -> 2222.4479 | G14: =Step03!G14+SUM(Step03!$B14:$F14)/1000-AVERAGE(Step03!G$3:G$7)/1000 -> 2324.521 | H14: =Step03!H14+SUM(Step03!$B14:$F14)/1000-AVERAGE(Step03!H$3:H$7)/1000 -> 2300.1253 | I14: =Step03!I14+SUM(Step03!$B14:$F14)/1000-AVERAGE(Step03!I$3:I$7)/1000 -> 2293.4749 | ... AY14: =Step03!AY14+SUM(Step03!$B14:$F14)/1000-AVERAGE(Step03!AY$3:AY$7)/1000 -> 2541.3918
... A32: Extra 10 | B32: =Step03!B32+SUM(Step03!$B32:$F32)/1000-AVERAGE(Step03!B$3:B$7)/1000 -> -0.63544839 | C32: =Step03!C32+SUM(Step03!$B32:$F32)/1000-AVERAGE(Step03!C$3:C$7)/1000 -> 1.6874262 | D32: =Step03!D32+SUM(Step03!$B32:$F32)/1000-AVERAGE(Step03!D$3:D$7)/1000 -> -0.63511579 | E32: =Step03!E32+SUM(Step03!$B32:$F32)/1000-AVERAGE(Step03!E$3:E$7)/1000 -> -0.64883836 | F32: =Step03!F32+SUM(Step03!$B32:$F32)/1000-AVERAGE(Step03!F$3:F$7)/1000 -> -0.6486158 | G32: =Step03!G32+SUM(Step03!$B32:$F32)/1000-AVERAGE(Step03!G$3:G$7)/1000 -> -0.66653723 | H32: =Step03!H32+SUM(Step03!$B32:$F32)/1000-AVERAGE(Step03!H$3:H$7)/1000 -> -0.69503792 | I32: =Step03!I32+SUM(Step03!$B32:$F32)/1000-AVERAGE(Step03!I$3:I$7)/1000 -> -0.66875173 | ... AY32: =Step03!AY32+SUM(Step03!$B32:$F32)/1000-AVERAGE(Step03!AY$3:AY$7)/1000 -> -0.80041811

Sheet Step05
A1: Sheet 5
A3: Banca Alpi | B3: =IFERROR(VLOOKUP($A3,Step04!$A$3:$AY$32,COLUMN(),FALSE),0)*0.999+MAX(Step04!B3,0)*0.001 -> 893.4571 | C3: =IFERROR(VLOOKUP($A3,Step04!$A$3:$AY$32,COLUMN(),FALSE),0)*0.999+MAX(Step04!C3,0)*0.001 -> 874.84362 | D3: =IFERROR(VLOOKUP($A3,Step04!$A$3:$AY$32,COLUMN(),FALSE),0)*0.999+MAX(Step04!D3,0)*0.001 -> 867.56113 | E3: =IFERROR(VLOOKUP($A3,Step04!$A$3:$AY$32,COLUMN(),FALSE),0)*0.999+MAX(Step04!E3,0)*0.001 -> 879.36861 | F3: =IFERROR(VLOOKUP($A3,Step04!$A$3:$AY$32,COLUMN(),FALSE),0)*0.999+MAX(Step04!F3,0)*0.001 -> 876.00043 | G3: =IFERROR(VLOOKUP($A3,Step04!$A$3:$AY$32,COLUMN(),FALSE),0)*0.999+MAX(Step04!G3,0)*0.001 -> 962.40051 | H3: =IFERROR(VLOOKUP($A3,Step04!$A$3:$AY$32,COLUMN(),FALSE),0)*0.999+MAX(Step04!H3,0)*0.001 -> 963.59506 | I3: =IFERROR(VLOOKUP($A3,Step04!$A$3:$AY$32,COLUMN(),FALSE),0)*0.999+MAX(Step04!I3,0)*0.001 -> 901.2057 | ... AY3: =IFERROR(VLOOKUP($A3,Step04!$A$3:$AY$32,COLUMN(),FALSE),0)*0.999+MAX(Step04!AY3,0)*0.001 -> 1042.9278
A4: Banca Adriatica | B4: =IFERROR(VLOOKUP($A4,Step04!$A$3:$AY$32,COLUMN(),FALSE),0)*0.999+MAX(Step04!B4,0)*0.001 -> 1044.0775 | C4: =IFERROR(VLOOKUP($A4,Step04!$A$3:$AY$32,COLUMN(),FALSE),0)*0.999+MAX(Step04!C4,0)*0.001 -> 1078.7881 | D4: =IFERROR(VLOOKUP($A4,Step04!$A$3:$AY$32,COLUMN(),FALSE),0)*0.999+MAX(Step04!D4,0)*0.001 -> 1059.8672 | E4: =IFERROR(VLOOKUP($A4,Step04!$A$3:$AY$32,COLUMN(),FALSE),0)*0.999+MAX(Step04!E4,0)*0.001 -> 1065.7181 | F4: =IFERROR(VLOOKUP($A4,Step04!$A$3:$AY$32,COLUMN(),FALSE),0)*0.999+MAX(Step04!F4,0)*0.001 -> 1016.4154 | G4: =IFERROR(VLOOKUP($A4,Step04!$A$3:$AY$32,COLUMN(),FALSE),0)*0.999+MAX(Step04!G4,0)*0.001 -> 1055.6253 | H4: =IFERROR(VLOOKUP($A4,Step04!$A$3:$AY$32,COLUMN(),FALSE),0)*0.999+MAX(Step04!H4,0)*0.001 -> 1088.5189 | I4: =IFERROR(VLOOKUP($A4,Step04!$A$3:$AY$32,COLUMN(),FALSE),0)*0.999+MAX(Step04!I4,0)*0.001 -> 1059.8536 | ... AY4: =IFERROR(VLOOKUP($A4,Step04!$A$3:$AY$32,COLUMN(),FALSE),0)*0.999+MAX(Step04!AY4,0)*0.001 -> 1182.7086
A5: Banca Tirrena | B5: =IFERROR(VLOOKUP($A5,Step04!$A$3:$AY$32,COLUMN(),FALSE),0)*0.999+MAX(Step04!B5,0)*0.001 -> 1167.0054 | C5: =IFERROR(VLOOKUP($A5,Step04!$A$3:$AY$32,COLUMN(),FALSE),0)*0.999+MAX(Step04!C5,0)*0.001 -> 1201.3168 | D5: =IFERROR(VLOOKUP($A5,Step04!$A$3:$AY$32,COLUMN(),FALSE),0)*0.999+MAX(Step04!D5,0)*0.001 -> 1146.8283 | E5: =IFERROR(VLOOKUP($A5,Step04!$A$3:$AY$32,COLUMN(),FALSE),0)*0.999+MAX(Step04!E5,0)*0.001 -> 1171.1352 | F5: =IFERROR(VLOOKUP($A5,Step04!$A$3:$AY$32,COLUMN(),FALSE),0)*0.999+MAX(Step04!F5,0)*0.001 -> 1166.2031 | G5: =IFERROR(VLOOKUP($A5,Step04!$A$3:$AY$32,COLUMN(),FALSE),0)*0.999+MAX(Step04!G5,0)*0.001 -> 1169.7441 | H5: =IFERROR(VLOOKUP($A5,Step04!$A$3:$AY$32,COLUMN(),FALSE),0)*0.999+MAX(Step04!H5,0)*0.001 -> 1177.1241 | I5: =IFERROR(VLOOKUP($A5,Step04!$A$3:$AY$32,COLUMN(),FALSE),0)*0.999+MAX(Step04!I5,0)*0.001 -> 1203.0911 | ... AY5: =IFERROR(VLOOKUP($A5,Step04!$A$3:$AY$32,COLUMN(),FALSE),0)*0.999+MAX(Step04!AY5,0)*0.001 -> 1350.688
A6: Banca Padana | B6: =IFERROR(VLOOKUP($A6,Step04!$A$3:$AY$32,COLUMN(),FALSE),0)*0.999+MAX(Step04!B6,0)*0.001 -> 1241.9244 | C6: =IFERROR(VLOOKUP($A6,Step04!$A$3:$AY$32,COLUMN(),FALSE),0)*0.999+MAX(Step04!C6,0)*0.001 -> 1288.3231 | D6: =IFERROR(VLOOKUP($A6,Step04!$A$3:$AY$32,COLUMN(),FALSE),0)*0.999+MAX(Step04!D6,0)*0.001 -> 1257.2029 | E6: =IFERROR(VLOOKUP($A6,Step04!$A$3:$AY$32,COLUMN(),FALSE),0)*0.999+MAX(Step04!E6,0)*0.001 -> 1311.3642 | F6: =IFERROR(VLOOKUP($A6,Step04!$A$3:$AY$32,COLUMN(),FALSE),0)*0.999+MAX(Step04!F6,0)*0.001 -> 1330.2415 | G6: =IFERROR(VLOOKUP($A6,Step04!$A$3:$AY$32,COLUMN(),FALSE),0)*0.999+MAX(Step04!G6,0)*0.001 -> 1278.2139 | H6: =IFERROR(VLOOKUP($A6,Step04!$A$3:$AY$32,COLUMN(),FALSE),0)*0.999+MAX(Step04!H6,0)*0.001 -> 1326.7558 | I6: =IFERROR(VLOOKUP($A6,Step04!$A$3:$AY$32,COLUMN(),FALSE),0)*0.999+MAX(Step04!I6,0)*0.001 -> 1280.9686 | ... AY6: =IFERROR(VLOOKUP($A6,Step04!$A$3:$AY$32,COLUMN(),FALSE),0)*0.999+MAX(Step04!AY6,0)*0.001 -> 1412.1945
A7: Banca Etrusca | B7: =IFERROR(VLOOKUP($A7,Step04!$A$3:$AY$32,COLUMN(),FALSE),0)*0.999+MAX(Step04!B7,0)*0.001 -> 1377.9999 | C7: =IFERROR(VLOOKUP($A7,Step04!$A$3:$AY$32,COLUMN(),FALSE),0)*0.999+MAX(Step04!C7,0)*0.001 -> 1366.6345 | D7: =IFERROR(VLOOKUP($A7,Step04!$A$3:$AY$32,COLUMN(),FALSE),0)*0.999+MAX(Step04!D7,0)*0.001 -> 1391.3435 | E7: =IFERROR(VLOOKUP($A7,Step04!$A$3:$AY$32,COLUMN(),FALSE),0)*0.999+MAX(Step04!E7,0)*0.001 -> 1363.761 | F7: =IFERROR(VLOOKUP($A7,Step04!$A$3:$AY$32,COLUMN(),FALSE),0)*0.999+MAX(Step04!F7,0)*0.001 -> 1401.3751 | G7: =IFERROR(VLOOKUP($A7,Step04!$A$3:$AY$32,COLUMN(),FALSE),0)*0.999+MAX(Step04!G7,0)*0.001 -> 1413.7693 | H7: =IFERROR(VLOOKUP($A7,Step04!$A$3:$AY$32,COLUMN(),FALSE),0)*0.999+MAX(Step04!H7,0)*0.001 -> 1466.1202 | I7: =IFERROR(VLOOKUP($A7,Step04!$A$3:$AY$32,COLUMN(),FALSE),0)*0.999+MAX(Step04!I7,0)*0.001 -> 1445.6955 | ... AY7: =IFERROR(VLOOKUP($A7,Step04!$A$3:$AY$32,COLUMN(),FALSE),0)*0.999+MAX(Step04!AY7,0)*0.001 -> 1559.9691
A8: Banca Lariana | B8: =IFERROR(VLOOKUP($A8,Step04!$A$3:$AY$32,COLUMN(),FALSE),0)*0.999+MAX(Step04!B8,0)*0.001 -> 1506.6757 | C8: =IFERROR(VLOOKUP($A8,Step04!$A$3:$AY$32,COLUMN(),FALSE),0)*0.999+MAX(Step04!C8,0)*0.001 -> 1476.1324 | D8: =IFERROR(VLOOKUP($A8,Step04!$A$3:$AY$32,COLUMN(),FALSE),0)*0.999+MAX(Step04!D8,0)*0.001 -> 1561.5228 | E8: =IFERROR(VLOOKUP($A8,Step04!$A$3:$AY$32,COLUMN(),FALSE),0)*0.999+MAX(Step04!E8,0)*0.001 -> 1548.4365 | F8: =IFERROR(VLOOKUP($A8,Step04!$A$3:$AY$32,COLUMN(),FALSE),0)*0.999+MAX(Step04!F8,0)*0.001 -> 1494.5454 | G8: =IFERROR(VLOOKUP($A8,Step04!$A$3:$AY$32,COLUMN(),FALSE),0)*0.999+MAX(Step04!G8,0)*0.001 -> 1552.108 | H8: =IFERROR(VLOOKUP($A8,Step04!$A$3:$AY$32,COLUMN(),FALSE),0)*0.999+MAX(Step04!H8,0)*0.001 -> 1498.9169 | I8: =IFERROR(VLOOKUP($A8,Step04!$A$3:$AY$32,COLUMN(),FALSE),0)*0.999+MAX(Step04!I8,0)*0.001 -> 1566.7523 | ... AY8: =IFERROR(VLOOKUP($A8,Step04!$A$3:$AY$32,COLUMN(),FALSE),0)*0.999+MAX(Step04!AY8,0)*0.001 -> 1694.0283
A9: Banca Sabina | B9: =IFERROR(VLOOKUP($A9,Step04!$A$3:$AY$32,COLUMN(),FALSE),0)*0.999+MAX(Step04!B9,0)*0.001 -> 1672.4104 | C9: =IFERROR(VLOOKUP($A9,Step04!$A$3:$AY$32,COLUMN(),FALSE),0)*0.999+MAX(Step04!C9,0)*0.001 -> 1666.8094 | D9: =IFERROR(VLOOKUP($A9,Step04!$A$3:$AY$32,COLUMN(),FALSE),0)*0.999+MAX(Step04!D9,0)*0.001 -> 1615.7194 | E9: =IFERROR(VLOOKUP($A9,Step04!$A$3:$AY$32,COLUMN(),FALSE),0)*0.999+MAX(Step04!E9,0)*0.001 -> 1690.4085 | F9: =IFERROR(VLOOKUP($A9,Step04!$A$3:$AY$32,COLUMN(),FALSE),0)*0.999+MAX(Step04!F9,0)*0.001 -> 1636.3173 | G9: =IFERROR(VLOOKUP($A9,Step04!$A$3:$AY$32,COLUMN(),FALSE),0)*0.999+MAX(Step04!G9,0)*0.001 -> 1693.9431 | H9: =IFERROR(VLOOKUP($A9,Step04!$A$3:$AY$32,COLUMN(),FALSE),0)*0.999+MAX(Step04!H9,0)*0.001 -> 1650.6467 | I9: =IFERROR(VLOOKUP($A9,Step04!$A$3:$AY$32,COLUMN(),FALSE),0)*0.999+MAX(Step04!I9,0)*0.001 -> 1718.0911 | ... AY9: =IFERROR(VLOOKUP($A9,Step04!$A$3:$AY$32,COLUMN(),FALSE),0)*0.999+MAX(Step04!AY9,0)*0.001 -> 1872.1039
A10: Banca Irpina | B10: =IFERROR(VLOOKUP($A10,Step04!$A$3:$AY$32,COLUMN(),FALSE),0)*0.999+MAX(Step04!B10,0)*0.001 -> 1709.8264 | C10: =IFERROR(VLOOKUP($A10,Step04!$A$3:$AY$32,COLUMN(),FALSE),0)*0.999+MAX(Step04!C10,0)*0.001 -> 1798.6308 | D10: =IFERROR(VLOOKUP($A10,Step04!$A$3:$AY$32,COLUMN(),FALSE),0)*0.999+MAX(Step04!D10,0)*0.001 -> 1816.9181 | E10: =IFERROR(VLOOKUP($A10,Step04!$A$3:$AY$32,COLUMN(),FALSE),0)*0.999+MAX(Step04!E10,0)*0.001 -> 1763.6071 | F10: =IFERROR(VLOOKUP($A10,Step04!$A$3:$AY$32,COLUMN(),FALSE),0)*0.999+MAX(Step04!F10,0)*0.001 -> 1791.4468 | G10: =IFERROR(VLOOKUP($A10,Step04!$A$3:$AY$32,COLUMN(),FALSE),0)*0.999+MAX(Step04!G10,0)*0.001 -> 1778.0455 | H10: =IFERROR(VLOOKUP($A10,Step04!$A$3:$AY$32,COLUMN(),FALSE),0)*0.999+MAX(Step04!H10,0)*0.001 -> 1771.8316 | I10: =IFERROR(VLOOKUP($A10,Step04!$A$3:$AY$32,COLUMN(),FALSE),0)*0.999+MAX(Step04!I10,0)*0.001 -> 1778.0333 | ... AY10: =IFERROR(VLOOKUP($A10,Step04!$A$3:$AY$32,COLUMN(),FALSE),0)*0.999+MAX(Step04!AY10,0)*0.001 -> 2028.2659
A11: Banca Sannita | B11: =IFERROR(VLOOKUP($A11,Step04!$A$3:$AY$32,COLUMN(),FALSE),0)*0.999+MAX(Step04!B11,0)*0.001 -> 1854.0209 | C11: =IFERROR(VLOOKUP($A11,Step04!$A$3:$AY$32,COLUMN(),FALSE),0)*0.999+MAX(Step04!C11,0)*0.001 -> 1908.0951 | D11: =IFERROR(VLOOKUP($A11,Step04!$A$3:$AY$32,COLUMN(),FALSE),0)*0.999+MAX(Step04!D11,0)*0.001 -> 1868.1264 | E11: =IFERROR(VLOOKUP($A11,Step04!$A$3:$AY$32,COLUMN(),FALSE),0)*0.999+MAX(Step04!E11,0)*0.001 -> 1881.5262 | F11: =IFERROR(VLOOKUP($A11,Step04!$A$3:$AY$32,COLUMN(),FALSE),0)*0.999+MAX(Step04!F11,0)*0.001 -> 1906.0175 | G11: =IFERROR(VLOOKUP($A11,Step04!$A$3:$AY$32,COLUMN(),FALSE),0)*0.999+MAX(Step04!G11,0)*0.001 -> 1944.4555 | H11: =IFERROR(VLOOKUP($A11,Step04!$A$3:$AY$32,COLUMN(),FALSE),0)*0.999+MAX(Step04!H11,0)*0.001 -> 1941.3593 | I11: =IFERROR(VLOOKUP($A11,Step04!$A$3:$AY$32,COLUMN(),FALSE),0)*0.999+MAX(Step04!I11,0)*0.001 -> 1888.0325 | ... AY11: =IFERROR(VLOOKUP($A11,Step04!$A$3:$AY$32,COLUMN(),FALSE),0)*0.999+MAX(Step04!AY11,0)*0.001 -> 2165.2625
A12: Banca Ligure | B12: =IFERROR(VLOOKUP($A12,Step04!$A$3:$AY$32,COLUMN(),FALSE),0)*0.999+MAX(Step04!B12,0)*0.001 -> 1954.8362 | C12: =IFERROR(VLOOKUP($A12,Step04!$A$3:$AY$32,COLUMN(),FALSE),0)*0.999+MAX(Step04!C12,0)*0.001 -> 2034.4914 | D12: =IFERROR(VLOOKUP($A12,Step04!$A$3:$AY$32,COLUMN(),FALSE),0)*0.999+MAX(Step04!D12,0)*0.001 -> 2025.6066 | E12: =IFERROR(VLOOKUP($A12,Step04!$A$3:$AY$32,COLUMN(),FALSE),0)*0.999+MAX(Step04!E12,0)*0.001 -> 2052.49 | F12: =IFERROR(VLOOKUP($A12,Step04!$A$3:$AY$32,COLUMN(),FALSE),0)*0.999+MAX(Step04!F12,0)*0.001 -> 1992.651 | G12: =IFERROR(VLOOKUP($A12,Step04!$A$3:$AY$32,COLUMN(),FALSE),0)*0.999+MAX(Step04!G12,0)*0.001 -> 2076.1814 | H12: =IFERROR(VLOOKUP($A12,Step04!$A$3:$AY$32,COLUMN(),FALSE),0)*0.999+MAX(Step04!H12,0)*0.001 -> 2064.3033 | I12: =IFERROR(VLOOKUP($A12,Step04!$A$3:$AY$32,COLUMN(),FALSE),0)*0.999+MAX(Step04!I12,0)*0.001 -> 2061.926 | ... AY12: =IFERROR(VLOOKUP($A12,Step04!$A$3:$AY$32,COLUMN(),FALSE),0)*0.999+MAX(Step04!AY12,0)*0.001 -> 2250.2825
A13: Banca Veneta | B13: =IFERROR(VLOOKUP($A13,Step04!$A$3:$AY$32,COLUMN(),FALSE),0)*0.999+MAX(Step04!B13,0)*0.001 -> 2129.5343 | C13: =IFERROR(VLOOKUP($A13,Step04!$A$3:$AY$32,COLUMN(),FALSE),0)*0.999+MAX(Step04!C13,0)*0.001 -> 2175.6021 | D13: =IFERROR(VLOOKUP($A13,Step04!$A$3:$AY$32,COLUMN(),FALSE),0)*0.999+MAX(Step04!D13,0)*0.001 -> 2163.8201 | E13: =IFERROR(VLOOKUP($A13,Step04!$A$3:$AY$32,COLUMN(),FALSE),0)*0.999+MAX(Step04!E13,0)*0.001 -> 2133.2302 | F13: =IFERROR(VLOOKUP($A13,Step04!$A$3:$AY$32,COLUMN(),FALSE),0)*0.999+MAX(Step04!F13,0)*0.001 -> 2114.8746 | G13: =IFERROR(VLOOKUP($A13,Step04!$A$3:$AY$32,COLUMN(),FALSE),0)*0.999+MAX(Step04!G13,0)*0.001 -> 2134.225 | H13: =IFERROR(VLOOKUP($A13,Step04!$A$3:$AY$32,COLUMN(),FALSE),0)*0.999+MAX(Step04!H13,0)*0.001 -> 2133.7437 | I13: =IFERROR(VLOOKUP($A13,Step04!$A$3:$AY$32,COLUMN(),FALSE),0)*0.999+MAX(Step04!I13,0)*0.001 -> 2177.7814 | ... AY13: =IFERROR(VLOOKUP($A13,Step04!$A$3:$AY$32,COLUMN(),FALSE),0)*0.999+MAX(Step04!AY13,0)*0.001 -> 2411.3325
A14: Banca Friulana | B14: =IFERROR(VLOOKUP($A14,Step04!$A$3:$AY$32,COLUMN(),FALSE),0)*0.999+MAX(Step04!B14,0)*0.001 -> 2222.842 | C14: =IFERROR(VLOOKUP($A14,Step04!$A$3:$AY$32,COLUMN(),FALSE),0)*0.999+MAX(Step04!C14,0)*0.001 -> 2221.7623 | D14: =IFERROR(VLOOKUP($A14,Step04!$A$3:$AY$32,COLUMN(),FALSE),0)*0.999+MAX(Step04!D14,0)*0.001 -> 2264.1554 | E14: =IFERROR(VLOOKUP($A14,Step04!$A$3:$AY$32,COLUMN(),FALSE),0)*0.999+MAX(Step04!E14,0)*0.001 -> 2278.2869 | F14: =IFERROR(VLOOKUP($A14,Step04!$A$3:$AY$32,COLUMN(),FALSE),0)*0.999+MAX(Step04!F14,0)*0.001 -> 2222.4479 | G14: =IFERROR(VLOOKUP($A14,Step04!$A$3:$AY$32,COLUMN(),FALSE),0)*0.999+MAX(Step04!G14,0)*0.001 -> 2324.521 | H14: =IFERROR(VLOOKUP($A14,Step04!$A$3:$AY$32,COLUMN(),FALSE),0)*0.999+MAX(Step04!H14,0)*0.001 -> 2300.1253 | I14: =IFERROR(VLOOKUP($A14,Step04!$A$3:$AY$32,COLUMN(),FALSE),0)*0.999+MAX(Step04!I14,0)*0.001 -> 2293.4749 | ... AY14: =IFERROR(VLOOKUP($A14,Step04!$A$3:$AY$32,COLUMN(),FALSE),0)*0.999+MAX(Step04!AY14,0)*0.001 -> 2541.3918
... A32: Extra 10 | B32: =IFERROR(VLOOKUP($A32,Step04!$A$3:$AY$32,COLUMN(),FALSE),0)*0.999+MAX(Step04!B32,0)*0.001 -> -0.63481294 | C32: =IFERROR(VLOOKUP($A32,Step04!$A$3:$AY$32,COLUMN(),FALSE),0)*0.999+MAX(Step04!C32,0)*0.001 -> 1.6874262 | D32: =IFERROR(VLOOKUP($A32,Step04!$A$3:$AY$32,COLUMN(),FALSE),0)*0.999+MAX(Step04!D32,0)*0.001 -> -0.63448068 | E32: =IFERROR(VLOOKUP($A32,Step04!$A$3:$AY$32,COLUMN(),FALSE),0)*0.999+MAX(Step04!E32,0)*0.001 -> -0.64818952 | F32: =IFERROR(VLOOKUP($A32,Step04!$A$3:$AY$32,COLUMN(),FALSE),0)*0.999+MAX(Step04!F32,0)*0.001 -> -0.64796719 | G32: =IFERROR(VLOOKUP($A32,Step04!$A$3:$AY$32,COLUMN(),FALSE),0)*0.999+MAX(Step04!G32,0)*0.001 -> -0.6658707 | H32: =IFERROR(VLOOKUP($A32,Step04!$A$3:$AY$32,COLUMN(),FALSE),0)*0.999+MAX(Step04!H32,0)*0.001 -> -0.69434288 | I32: =IFERROR(VLOOKUP($A32,Step04!$A$3:$AY$32,COLUMN(),FALSE),0)*0.999+MAX(Step04!I32,0)*0.001 -> -0.66808298 | ... AY32: =IFERROR(VLOOKUP($A32,Step04!$A$3:$AY$32,COLUMN(),FALSE),0)*0.999+MAX(Step04!AY32,0)*0.001 -> -0.79961769

Sheet Step06
A1: Sheet 6
A3: Banca Alpi | B3: {=Step05!B3*(1+Control!$B$3/12)+IF(MOD(ROW()+COLUMN(),7)=0,INDEX(Base!$B$3:$BA$22,MOD(ROW(),20)+1,MOD(COLUMN(),52)+1)*0.001,0)} -> 895.69074 | C3: {=Step05!C3*(1+Control!$B$3/12)+IF(MOD(ROW()+COLUMN(),7)=0,INDEX(Base!$B$3:$BA$22,MOD(ROW(),20)+1,MOD(COLUMN(),52)+1)*0.001,0)} -> 877.03073 | D3: {=Step05!D3*(1+Control!$B$3/12)+IF(MOD(ROW()+COLUMN(),7)=0,INDEX(Base!$B$3:$BA$22,MOD(ROW(),20)+1,MOD(COLUMN(),52)+1)*0.001,0)} -> 871.0516 | E3: {=Step05!E3*(1+Control!$B$3/12)+IF(MOD(ROW()+COLUMN(),7)=0,INDEX(Base!$B$3:$BA$22,MOD(ROW(),20)+1,MOD(COLUMN(),52)+1)*0.001,0)} -> 881.56703 | F3: {=Step05!F3*(1+Control!$B$3/12)+IF(MOD(ROW()+COLUMN(),7)=0,INDEX(Base!$B$3:$BA$22,MOD(ROW(),20)+1,MOD(COLUMN(),52)+1)*0.001,0)} -> 878.19043 | G3: {=Step05!G3*(1+Control!$B$3/12)+IF(MOD(ROW()+COLUMN(),7)=0,INDEX(Base!$B$3:$BA$22,MOD(ROW(),20)+1,MOD(COLUMN(),52)+1)*0.001,0)} -> 964.80651 | H3: {=Step05!H3*(1+Control!$B$3/12)+IF(MOD(ROW()+COLUMN(),7)=0,INDEX(Base!$B$3:$BA$22,MOD(ROW(),20)+1,MOD(COLUMN(),52)+1)*0.001,0)} -> 966.00405 | I3: {=Step05!I3*(1+Control!$B$3/12)+IF(MOD(ROW()+COLUMN(),7)=0,INDEX(Base!$B$3:$BA$22,MOD(ROW(),20)+1,MOD(COLUMN(),52)+1)*0.001,0)} -> 903.45871 | ... AY3: {=Step05!AY3*(1+Control!$B$3/12)+IF(MOD(ROW()+COLUMN(),7)=0,INDEX(Base!$B$3:$BA$22,MOD(ROW(),20)+1,MOD(COLUMN(),52)+1)*0.001,0)} -> 1045.5351
A4: Banca Adriatica | B4: {=Step05!B4*(1+Control!$B$3/12)+IF(MOD(ROW()+COLUMN(),7)=0,INDEX(Base!$B$3:$BA$22,MOD(ROW(),20)+1,MOD(COLUMN(),52)+1)*0.001,0)} -> 1046.6877 | C4: {=Step05!C4*(1+Control!$B$3/12)+IF(MOD(ROW()+COLUMN(),7)=0,INDEX(Base!$B$3:$BA$22,MOD(ROW(),20)+1,MOD(COLUMN(),52)+1)*0.001,0)} -> 1082.8395 | D4: {=Step05!D4*(1+Control!$B$3/12)+IF(MOD(ROW()+COLUMN(),7)=0,INDEX(Base!$B$3:$BA$22,MOD(ROW(),20)+1,MOD(COLUMN(),52)+1)*0.001,0)} -> 1062.5169 | E4: {=Step05!E4*(1+Control!$B$3/12)+IF(MOD(ROW()+COLUMN(),7)=0,INDEX(Base!$B$3:$BA$22,MOD(ROW(),20)+1,MOD(COLUMN(),52)+1)*0.001,0)} -> 1068.3824 | F4: {=Step05!F4*(1+Control!$B$3/12)+IF(MOD(ROW()+COLUMN(),7)=0,INDEX(Base!$B$3:$BA$22,MOD(ROW(),20)+1,MOD(COLUMN(),52)+1)*0.001,0)} -> 1018.9564 | G4: {=Step05!G4*(1+Control!$B$3/12)+IF(MOD(ROW()+COLUMN(),7)=0,INDEX(Base!$B$3:$BA$22,MOD(ROW(),20)+1,MOD(COLUMN(),52)+1)*0.001,0)} -> 1058.2643 | H4: {=Step05!H4*(1+Control!$B$3/12)+IF(MOD(ROW()+COLUMN(),7)=0,INDEX(Base!$B$3:$BA$22,MOD(ROW(),20)+1,MOD(COLUMN(),52)+1)*0.001,0)} -> 1091.2402 | I4: {=Step05!I4*(1+Control!$B$3/12)+IF(MOD(ROW()+COLUMN(),7)=0,INDEX(Base!$B$3:$BA$22,MOD(ROW(),20)+1,MOD(COLUMN(),52)+1)*0.001,0)} -> 1062.5032 | ... AY4: {=Step05!AY4*(1+Control!$B$3/12)+IF(MOD(ROW()+COLUMN(),7)=0,INDEX(Base!$B$3:$BA$22,MOD(ROW(),20)+1,MOD(COLUMN(),52)+1)*0.001,0)} -> 1185.6654
A5: Banca Tirrena | B5: {=Step05!B5*(1+Control!$B$3/12)+IF(MOD(ROW()+COLUMN(),7)=0,INDEX(Base!$B$3:$BA$22,MOD(ROW(),20)+1,MOD(COLUMN(),52)+1)*0.001,0)} -> 1171.4739 | C5: {=Step05!C5*(1+Control!$B$3/12)+IF(MOD(ROW()+COLUMN(),7)=0,INDEX(Base!$B$3:$BA$22,MOD(ROW(),20)+1,MOD(COLUMN(),52)+1)*0.001,0)} -> 1204.3201 | D5: {=Step05!D5*(1+Control!$B$3/12)+IF(MOD(ROW()+COLUMN(),7)=0,INDEX(Base!$B$3:$BA$22,MOD(ROW(),20)+1,MOD(COLUMN(),52)+1)*0.001,0)} -> 1149.6953 | E5: {=Step05!E5*(1+Control!$B$3/12)+IF(MOD(ROW()+COLUMN(),7)=0,INDEX(Base!$B$3:$BA$22,MOD(ROW(),20)+1,MOD(COLUMN(),52)+1)*0.001,0)} -> 1174.063 | F5: {=Step05!F5*(1+Control!$B$3/12)+IF(MOD(ROW()+COLUMN(),7)=0,INDEX(Base!$B$3:$BA$22,MOD(ROW(),20)+1,MOD(COLUMN(),52)+1)*0.001,0)} -> 1169.1186 | G5: {=Step05!G5*(1+Control!$B$3/12)+IF(MOD(ROW()+COLUMN(),7)=0,INDEX(Base!$B$3:$BA$22,MOD(ROW(),20)+1,MOD(COLUMN(),52)+1)*0.001,0)} -> 1172.6684 | H5: {=Step05!H5*(1+Control!$B$3/12)+IF(MOD(ROW()+COLUMN(),7)=0,INDEX(Base!$B$3:$BA$22,MOD(ROW(),20)+1,MOD(COLUMN(),52)+1)*0.001,0)} -> 1180.0669 | I5: {=Step05!I5*(1+Control!$B$3/12)+IF(MOD(ROW()+COLUMN(),7)=0,INDEX(Base!$B$3:$BA$22,MOD(ROW(),20)+1,MOD(COLUMN(),52)+1)*0.001,0)} -> 1207.5986 | ... AY5: {=Step05!AY5*(1+Control!$B$3/12)+IF(MOD(ROW()+COLUMN(),7)=0,INDEX(Base!$B$3:$BA$22,MOD(ROW(),20)+1,MOD(COLUMN(),52)+1)*0.001,0)} -> 1355.7652
A6: Banca Padana | B6: {=Step05!B6*(1+Control!$B$3/12)+IF(MOD(ROW()+COLUMN(),7)=0,INDEX(Base!$B$3:$BA$22,MOD(ROW(),20)+1,MOD(COLUMN(),52)+1)*0.001,0)} -> 1245.0292 | C6: {=Step05!C6*(1+Control!$B$3/12)+IF(MOD(ROW()+COLUMN(),7)=0,INDEX(Base!$B$3:$BA$22,MOD(ROW(),20)+1,MOD(COLUMN(),52)+1)*0.001,0)} -> 1291.5439 | D6: {=Step05!D6*(1+Control!$B$3/12)+IF(MOD(ROW()+COLUMN(),7)=0,INDEX(Base!$B$3:$BA$22,MOD(ROW(),20)+1,MOD(COLUMN(),52)+1)*0.001,0)} -> 1260.3459 | E6: {=Step05!E6*(1+Control!$B$3/12)+IF(MOD(ROW()+COLUMN(),7)=0,INDEX(Base!$B$3:$BA$22,MOD(ROW(),20)+1,MOD(COLUMN(),52)+1)*0.001,0)} -> 1314.6426 | F6: {=Step05!F6*(1+Control!$B$3/12)+IF(MOD(ROW()+COLUMN(),7)=0,INDEX(Base!$B$3:$BA$22,MOD(ROW(),20)+1,MOD(COLUMN(),52)+1)*0.001,0)} -> 1333.5671 | G6: {=Step05!G6*(1+Control!$B$3/12)+IF(MOD(ROW()+COLUMN(),7)=0,INDEX(Base!$B$3:$BA$22,MOD(ROW(),20)+1,MOD(COLUMN(),52)+1)*0.001,0)} -> 1281.4094 | H6: {=Step05!H6*(1+Control!$B$3/12)+IF(MOD(ROW()+COLUMN(),7)=0,INDEX(Base!$B$3:$BA$22,MOD(ROW(),20)+1,MOD(COLUMN(),52)+1)*0.001,0)} -> 1331.7361 | I6: {=Step05!I6*(1+Control!$B$3/12)+IF(MOD(ROW()+COLUMN(),7)=0,INDEX(Base!$B$3:$BA$22,MOD(ROW(),20)+1,MOD(COLUMN(),52)+1)*0.001,0)} -> 1284.171 | ... AY6: {=Step05!AY6*(1+Control!$B$3/12)+IF(MOD(ROW()+COLUMN(),7)=0,INDEX(Base!$B$3:$BA$22,MOD(ROW(),20)+1,MOD(COLUMN(),52)+1)*0.001,0)} -> 1415.725
A7: Banca Etrusca | B7: {=Step05!B7*(1+Control!$B$3/12)+IF(MOD(ROW()+COLUMN(),7)=0,INDEX(Base!$B$3:$BA$22,MOD(ROW(),20)+1,MOD(COLUMN(),52)+1)*0.001,0)} -> 1381.4449 | C7: {=Step05!C7*(1+Control!$B$3/12)+IF(MOD(ROW()+COLUMN(),7)=0,INDEX(Base!$B$3:$BA$22,MOD(ROW(),20)+1,MOD(COLUMN(),52)+1)*0.001,0)} -> 1370.0511 | D7: {=Step05!D7*(1+Control!$B$3/12)+IF(MOD(ROW()+COLUMN(),7)=0,INDEX(Base!$B$3:$BA$22,MOD(ROW(),20)+1,MOD(COLUMN(),52)+1)*0.001,0)} -> 1394.8219 | E7: {=Step05!E7*(1+Control!$B$3/12)+IF(MOD(ROW()+COLUMN(),7)=0,INDEX(Base!$B$3:$BA$22,MOD(ROW(),20)+1,MOD(COLUMN(),52)+1)*0.001,0)} -> 1367.1704 | F7: {=Step05!F7*(1+Control!$B$3/12)+IF(MOD(ROW()+COLUMN(),7)=0,INDEX(Base!$B$3:$BA$22,MOD(ROW(),20)+1,MOD(COLUMN(),52)+1)*0.001,0)} -> 1404.8785 | G7: {=Step05!G7*(1+Control!$B$3/12)+IF(MOD(ROW()+COLUMN(),7)=0,INDEX(Base!$B$3:$BA$22,MOD(ROW(),20)+1,MOD(COLUMN(),52)+1)*0.001,0)} -> 1419.0693 | H7: {=Step05!H7*(1+Control!$B$3/12)+IF(MOD(ROW()+COLUMN(),7)=0,INDEX(Base!$B$3:$BA$22,MOD(ROW(),20)+1,MOD(COLUMN(),52)+1)*0.001,0)} -> 1469.7855 | I7: {=Step05!I7*(1+Control!$B$3/12)+IF(MOD(ROW()+COLUMN(),7)=0,INDEX(Base!$B$3:$BA$22,MOD(ROW(),20)+1,MOD(COLUMN(),52)+1)*0.001,0)} -> 1449.3097 | ... AY7: {=Step05!AY7*(1+Control!$B$3/12)+IF(MOD(ROW()+COLUMN(),7)=0,INDEX(Base!$B$3:$BA$22,MOD(ROW(),20)+1,MOD(COLUMN(),52)+1)*0.001,0)} -> 1563.8691
A8: Banca Lariana | B8: {=Step05!B8*(1+Control!$B$3/12)+IF(MOD(ROW()+COLUMN(),7)=0,INDEX(Base!$B$3:$BA$22,MOD(ROW(),20)+1,MOD(COLUMN(),52)+1)*0.001,0)} -> 1510.4424 | C8: {=Step05!C8*(1+Control!$B$3/12)+IF(MOD(ROW()+COLUMN(),7)=0,INDEX(Base!$B$3:$BA$22,MOD(ROW(),20)+1,MOD(COLUMN(),52)+1)*0.001,0)} -> 1479.8228 | D8: {=Step05!D8*(1+Control!$B$3/12)+IF(MOD(ROW()+COLUMN(),7)=0,INDEX(Base!$B$3:$BA$22,MOD(ROW(),20)+1,MOD(COLUMN(),52)+1)*0.001,0)} -> 1565.4266 | E8: {=Step05!E8*(1+Control!$B$3/12)+IF(MOD(ROW()+COLUMN(),7)=0,INDEX(Base!$B$3:$BA$22,MOD(ROW(),20)+1,MOD(COLUMN(),52)+1)*0.001,0)} -> 1552.3075 | F8: {=Step05!F8*(1+Control!$B$3/12)+IF(MOD(ROW()+COLUMN(),7)=0,INDEX(Base!$B$3:$BA$22,MOD(ROW(),20)+1,MOD(COLUMN(),52)+1)*0.001,0)} -> 1500.2097 | G8: {=Step05!G8*(1+Control!$B$3/12)+IF(MOD(ROW()+COLUMN(),7)=0,INDEX(Base!$B$3:$BA$22,MOD(ROW(),20)+1,MOD(COLUMN(),52)+1)*0.001,0)} -> 1555.9882 | H8: {=Step05!H8*(1+Control!$B$3/12)+IF(MOD(ROW()+COLUMN(),7)=0,INDEX(Base!$B$3:$BA$22,MOD(ROW(),20)+1,MOD(COLUMN(),52)+1)*0.001,0)} -> 1502.6642 | I8: {=Step05!I8*(1+Control!$B$3/12)+IF(MOD(ROW()+COLUMN(),7)=0,INDEX(Base!$B$3:$BA$22,MOD(ROW(),20)+1,MOD(COLUMN(),52)+1)*0.001,0)} -> 1570.6692 | ... AY8: {=Step05!AY8*(1+Control!$B$3/12)+IF(MOD(ROW()+COLUMN(),7)=0,INDEX(Base!$B$3:$BA$22,MOD(ROW(),20)+1,MOD(COLUMN(),52)+1)*0.001,0)} -> 1698.2634
A9: Banca Sabina | B9: {=Step05!B9*(1+Control!$B$3/12)+IF(MOD(ROW()+COLUMN(),7)=0,INDEX(Base!$B$3:$BA$22,MOD(ROW(),20)+1,MOD(COLUMN(),52)+1)*0.001,0)} -> 1676.5915 | C9: {=Step05!C9*(1+Control!$B$3/12)+IF(MOD(ROW()+COLUMN(),7)=0,INDEX(Base!$B$3:$BA$22,MOD(ROW(),20)+1,MOD(COLUMN(),52)+1)*0.001,0)} -> 1670.9764 | D9: {=Step05!D9*(1+Control!$B$3/12)+IF(MOD(ROW()+COLUMN(),7)=0,INDEX(Base!$B$3:$BA$22,MOD(ROW(),20)+1,MOD(COLUMN(),52)+1)*0.001,0)} -> 1619.7587 | E9: {=Step05!E9*(1+Control!$B$3/12)+IF(MOD(ROW()+COLUMN(),7)=0,INDEX(Base!$B$3:$BA$22,MOD(ROW(),20)+1,MOD(COLUMN(),52)+1)*0.001,0)} -> 1696.6963 | F9: {=Step05!F9*(1+Control!$B$3/12)+IF(MOD(ROW()+COLUMN(),7)=0,INDEX(Base!$B$3:$BA$22,MOD(ROW(),20)+1,MOD(COLUMN(),52)+1)*0.001,0)} -> 1640.4081 | G9: {=Step05!G9*(1+Control!$B$3/12)+IF(MOD(ROW()+COLUMN(),7)=0,INDEX(Base!$B$3:$BA$22,MOD(ROW(),20)+1,MOD(COLUMN(),52)+1)*0.001,0)} -> 1698.178 | H9: {=Step05!H9*(1+Control!$B$3/12)+IF(MOD(ROW()+COLUMN(),7)=0,INDEX(Base!$B$3:$BA$22,MOD(ROW(),20)+1,MOD(COLUMN(),52)+1)*0.001,0)} -> 1654.7733 | I9: {=Step05!I9*(1+Control!$B$3/12)+IF(MOD(ROW()+COLUMN(),7)=0,INDEX(Base!$B$3:$BA$22,MOD(ROW(),20)+1,MOD(COLUMN(),52)+1)*0.001,0)} -> 1722.3864 | ... AY9: {=Step05!AY9*(1+Control!$B$3/12)+IF(MOD(ROW()+COLUMN(),7)=0,INDEX(Base!$B$3:$BA$22,MOD(ROW(),20)+1,MOD(COLUMN(),52)+1)*0.001,0)} -> 1876.7841
A10: Banca Irpina | B10: {=Step05!B10*(1+Control!$B$3/12)+IF(MOD(ROW()+COLUMN(),7)=0,INDEX(Base!$B$3:$BA$22,MOD(ROW(),20)+1,MOD(COLUMN(),52)+1)*0.001,0)} -> 1714.101 | C10: {=Step05!C10*(1+Control!$B$3/12)+IF(MOD(ROW()+COLUMN(),7)=0,INDEX(Base!$B$3:$BA$22,MOD(ROW(),20)+1,MOD(COLUMN(),52)+1)*0.001,0)} -> 1803.1274 | D10: {=Step05!D10*(1+Control!$B$3/12)+IF(MOD(ROW()+COLUMN(),7)=0,INDEX(Base!$B$3:$BA$22,MOD(ROW(),20)+1,MOD(COLUMN(),52)+1)*0.001,0)} -> 1823.5599 | E10: {=Step05!E10*(1+Control!$B$3/12)+IF(MOD(ROW()+COLUMN(),7)=0,INDEX(Base!$B$3:$BA$22,MOD(ROW(),20)+1,MOD(COLUMN(),52)+1)*0.001,0)} -> 1768.0162 | F10: {=Step05!F10*(1+Control!$B$3/12)+IF(MOD(ROW()+COLUMN(),7)=0,INDEX(Base!$B$3:$BA$22,MOD(ROW(),20)+1,MOD(COLUMN(),52)+1)*0.001,0)} -> 1795.9254 | G10: {=Step05!G10*(1+Control!$B$3/12)+IF(MOD(ROW()+COLUMN(),7)=0,INDEX(Base!$B$3:$BA$22,MOD(ROW(),20)+1,MOD(COLUMN(),52)+1)*0.001,0)} -> 1782.4906 | H10: {=Step05!H10*(1+Control!$B$3/12)+IF(MOD(ROW()+COLUMN(),7)=0,INDEX(Base!$B$3:$BA$22,MOD(ROW(),20)+1,MOD(COLUMN(),52)+1)*0.001,0)} -> 1776.2612 | I10: {=Step05!I10*(1+Control!$B$3/12)+IF(MOD(ROW()+COLUMN(),7)=0,INDEX(Base!$B$3:$BA$22,MOD(ROW(),20)+1,MOD(COLUMN(),52)+1)*0.001,0)} -> 1782.4783 | ... AY10: {=Step05!AY10*(1+Control!$B$3/12)+IF(MOD(ROW()+COLUMN(),7)=0,INDEX(Base!$B$3:$BA$22,MOD(ROW(),20)+1,MOD(COLUMN(),52)+1)*0.001,0)} -> 2033.3366
A11: Banca Sannita | B11: {=Step05!B11*(1+Control!$B$3/12)+IF(MOD(ROW()+COLUMN(),7)=0,INDEX(Base!$B$3:$BA$22,MOD(ROW(),20)+1,MOD(COLUMN(),52)+1)*0.001,0)} -> 1858.656 | C11: {=Step05!C11*(1+Control!$B$3/12)+IF(MOD(ROW()+COLUMN(),7)=0,INDEX(Base!$B$3:$BA$22,MOD(ROW(),20)+1,MOD(COLUMN(),52)+1)*0.001,0)} -> 1915.1274 | D11: {=Step05!D11*(1+Control!$B$3/12)+IF(MOD(ROW()+COLUMN(),7)=0,INDEX(Base!$B$3:$BA$22,MOD(ROW(),20)+1,MOD(COLUMN(),52)+1)*0.001,0)} -> 1872.7968 | E11: {=Step05!E11*(1+Control!$B$3/12)+IF(MOD(ROW()+COLUMN(),7)=0,INDEX(Base!$B$3:$BA$22,MOD(ROW(),20)+1,MOD(COLUMN(),52)+1)*0.001,0)} -> 1886.23 | F11: {=Step05!F11*(1+Control!$B$3/12)+IF(MOD(ROW()+COLUMN(),7)=0,INDEX(Base!$B$3:$BA$22,MOD(ROW(),20)+1,MOD(COLUMN(),52)+1)*0.001,0)} -> 1910.7825 | G11: {=Step05!G11*(1+Control!$B$3/12)+IF(MOD(ROW()+COLUMN(),7)=0,INDEX(Base!$B$3:$BA$22,MOD(ROW(),20)+1,MOD(COLUMN(),52)+1)*0.001,0)} -> 1949.3166 | H11: {=Step05!H11*(1+Control!$B$3/12)+IF(MOD(ROW()+COLUMN(),7)=0,INDEX(Base!$B$3:$BA$22,MOD(ROW(),20)+1,MOD(COLUMN(),52)+1)*0.001,0)} -> 1946.2127 | I11: {=Step05!I11*(1+Control!$B$3/12)+IF(MOD(ROW()+COLUMN(),7)=0,INDEX(Base!$B$3:$BA$22,MOD(ROW(),20)+1,MOD(COLUMN(),52)+1)*0.001,0)} -> 1892.7526 | ... AY11: {=Step05!AY11*(1+Control!$B$3/12)+IF(MOD(ROW()+COLUMN(),7)=0,INDEX(Base!$B$3:$BA$22,MOD(ROW(),20)+1,MOD(COLUMN(),52)+1)*0.001,0)} -> 2170.6757
A12: Banca Ligure | B12: {=Step05!B12*(1+Control!$B$3/12)+IF(MOD(ROW()+COLUMN(),7)=0,INDEX(Base!$B$3:$BA$22,MOD(ROW(),20)+1,MOD(COLUMN(),52)+1)*0.001,0)} -> 1962.0355 | C12: {=Step05!C12*(1+Control!$B$3/12)+IF(MOD(ROW()+COLUMN(),7)=0,INDEX(Base!$B$3:$BA$22,MOD(ROW(),20)+1,MOD(COLUMN(),52)+1)*0.001,0)} -> 2039.5776 | D12: {=Step05!D12*(1+Control!$B$3/12)+IF(MOD(ROW()+COLUMN(),7)=0,INDEX(Base!$B$3:$BA$22,MOD(ROW(),20)+1,MOD(COLUMN(),52)+1)*0.001,0)} -> 2030.6706 | E12: {=Step05!E12*(1+Control!$B$3/12)+IF(MOD(ROW()+COLUMN(),7)=0,INDEX(Base!$B$3:$BA$22,MOD(ROW(),20)+1,MOD(COLUMN(),52)+1)*0.001,0)} -> 2057.6212 | F12: {=Step05!F12*(1+Control!$B$3/12)+IF(MOD(ROW()+COLUMN(),7)=0,INDEX(Base!$B$3:$BA$22,MOD(ROW(),20)+1,MOD(COLUMN(),52)+1)*0.001,0)} -> 1997.6326 | G12: {=Step05!G12*(1+Control!$B$3/12)+IF(MOD(ROW()+COLUMN(),7)=0,INDEX(Base!$B$3:$BA$22,MOD(ROW(),20)+1,MOD(COLUMN(),52)+1)*0.001,0)} -> 2081.3718 | H12: {=Step05!H12*(1+Control!$B$3/12)+IF(MOD(ROW()+COLUMN(),7)=0,INDEX(Base!$B$3:$BA$22,MOD(ROW(),20)+1,MOD(COLUMN(),52)+1)*0.001,0)} -> 2069.4641 | I12: {=Step05!I12*(1+Control!$B$3/12)+IF(MOD(ROW()+COLUMN(),7)=0,INDEX(Base!$B$3:$BA$22,MOD(ROW(),20)+1,MOD(COLUMN(),52)+1)*0.001,0)} -> 2069.4793 | ... AY12: {=Step05!AY12*(1+Control!$B$3/12)+IF(MOD(ROW()+COLUMN(),7)=0,INDEX(Base!$B$3:$BA$22,MOD(ROW(),20)+1,MOD(COLUMN(),52)+1)*0.001,0)} -> 2258.6255
A13: Banca Veneta | B13: {=Step05!B13*(1+Control!$B$3/12)+IF(MOD(ROW()+COLUMN(),7)=0,INDEX(Base!$B$3:$BA$22,MOD(ROW(),20)+1,MOD(COLUMN(),52)+1)*0.001,0)} -> 2134.8581 | C13: {=Step05!C13*(1+Control!$B$3/12)+IF(MOD(ROW()+COLUMN(),7)=0,INDEX(Base!$B$3:$BA$22,MOD(ROW(),20)+1,MOD(COLUMN(),52)+1)*0.001,0)} -> 2181.0411 | D13: {=Step05!D13*(1+Control!$B$3/12)+IF(MOD(ROW()+COLUMN(),7)=0,INDEX(Base!$B$3:$BA$22,MOD(ROW(),20)+1,MOD(COLUMN(),52)+1)*0.001,0)} -> 2169.2297 | E13: {=Step05!E13*(1+Control!$B$3/12)+IF(MOD(ROW()+COLUMN(),7)=0,INDEX(Base!$B$3:$BA$22,MOD(ROW(),20)+1,MOD(COLUMN(),52)+1)*0.001,0)} -> 2138.5632 | F13: {=Step05!F13*(1+Control!$B$3/12)+IF(MOD(ROW()+COLUMN(),7)=0,INDEX(Base!$B$3:$BA$22,MOD(ROW(),20)+1,MOD(COLUMN(),52)+1)*0.001,0)} -> 2120.1618 | G13: {=Step05!G13*(1+Control!$B$3/12)+IF(MOD(ROW()+COLUMN(),7)=0,INDEX(Base!$B$3:$BA$22,MOD(ROW(),20)+1,MOD(COLUMN(),52)+1)*0.001,0)} -> 2139.5605 | H13: {=Step05!H13*(1+Control!$B$3/12)+IF(MOD(ROW()+COLUMN(),7)=0,INDEX(Base!$B$3:$BA$22,MOD(ROW(),20)+1,MOD(COLUMN(),52)+1)*0.001,0)} -> 2141.5926 | I13: {=Step05!I13*(1+Control!$B$3/12)+IF(MOD(ROW()+COLUMN(),7)=0,INDEX(Base!$B$3:$BA$22,MOD(ROW(),20)+1,MOD(COLUMN(),52)+1)*0.001,0)} -> 2183.2258 | ... AY13: {=Step05!AY13*(1+Control!$B$3/12)+IF(MOD(ROW()+COLUMN(),7)=0,INDEX(Base!$B$3:$BA$22,MOD(ROW(),20)+1,MOD(COLUMN(),52)+1)*0.001,0)} -> 2417.3608
A14: Banca Friulana | B14: {=Step05!B14*(1+Control!$B$3/12)+IF(MOD(ROW()+COLUMN(),7)=0,INDEX(Base!$B$3:$BA$22,MOD(ROW(),20)+1,MOD(COLUMN(),52)+1)*0.001,0)} -> 2228.3991 | C14: {=Step05!C14*(1+Control!$B$3/12)+IF(MOD(ROW()+COLUMN(),7)=0,INDEX(Base!$B$3:$BA$22,MOD(ROW(),20)+1,MOD(COLUMN(),52)+1)*0.001,0)} -> 2227.3167 | D14: {=Step05!D14*(1+Control!$B$3/12)+IF(MOD(ROW()+COLUMN(),7)=0,INDEX(Base!$B$3:$BA$22,MOD(ROW(),20)+1,MOD(COLUMN(),52)+1)*0.001,0)} -> 2269.8158 | E14: {=Step05!E14*(1+Control!$B$3/12)+IF(MOD(ROW()+COLUMN(),7)=0,INDEX(Base!$B$3:$BA$22,MOD(ROW(),20)+1,MOD(COLUMN(),52)+1)*0.001,0)} -> 2283.9826 | F14: {=Step05!F14*(1+Control!$B$3/12)+IF(MOD(ROW()+COLUMN(),7)=0,INDEX(Base!$B$3:$BA$22,MOD(ROW(),20)+1,MOD(COLUMN(),52)+1)*0.001,0)} -> 2228.004 | G14: {=Step05!G14*(1+Control!$B$3/12)+IF(MOD(ROW()+COLUMN(),7)=0,INDEX(Base!$B$3:$BA$22,MOD(ROW(),20)+1,MOD(COLUMN(),52)+1)*0.001,0)} -> 2332.9653 | H14: {=Step05!H14*(1+Control!$B$3/12)+IF(MOD(ROW()+COLUMN(),7)=0,INDEX(Base!$B$3:$BA$22,MOD(ROW(),20)+1,MOD(COLUMN(),52)+1)*0.001,0)} -> 2305.8756 | I14: {=Step05!I14*(1+Control!$B$3/12)+IF(MOD(ROW()+COLUMN(),7)=0,INDEX(Base!$B$3:$BA$22,MOD(ROW(),20)+1,MOD(COLUMN(),52)+1)*0.001,0)} -> 2299.2086 | ... AY14: {=Step05!AY14*(1+Control!$B$3/12)+IF(MOD(ROW()+COLUMN(),7)=0,INDEX(Base!$B$3:$BA$22,MOD(ROW(),20)+1,MOD(COLUMN(),52)+1)*0.001,0)} -> 2547.7453
... A32: Extra 10 | B32: {=Step05!B32*(1+Control!$B$3/12)+IF(MOD(ROW()+COLUMN(),7)=0,INDEX(Base!$B$3:$BA$22,MOD(ROW(),20)+1,MOD(COLUMN(),52)+1)*0.001,0)} -> -0.63639997 | C32: {=Step05!C32*(1+Control!$B$3/12)+IF(MOD(ROW()+COLUMN(),7)=0,INDEX(Base!$B$3:$BA$22,MOD(ROW(),20)+1,MOD(COLUMN(),52)+1)*0.001,0)} -> 4.0316247 | D32: {=Step05!D32*(1+Control!$B$3/12)+IF(MOD(ROW()+COLUMN(),7)=0,INDEX(Base!$B$3:$BA$22,MOD(ROW(),20)+1,MOD(COLUMN(),52)+1)*0.001,0)} -> -0.63606688 | E32: {=Step05!E32*(1+Control!$B$3/12)+IF(MOD(ROW()+COLUMN(),7)=0,INDEX(Base!$B$3:$BA$22,MOD(ROW(),20)+1,MOD(COLUMN(),52)+1)*0.001,0)} -> -0.64980999 | F32: {=Step05!F32*(1+Control!$B$3/12)+IF(MOD(ROW()+COLUMN(),7)=0,INDEX(Base!$B$3:$BA$22,MOD(ROW(),20)+1,MOD(COLUMN(),52)+1)*0.001,0)} -> -0.64958711 | G32: {=Step05!G32*(1+Control!$B$3/12)+IF(MOD(ROW()+COLUMN(),7)=0,INDEX(Base!$B$3:$BA$22,MOD(ROW(),20)+1,MOD(COLUMN(),52)+1)*0.001,0)} -> -0.66753537 | H32: {=Step05!H32*(1+Control!$B$3/12)+IF(MOD(ROW()+COLUMN(),7)=0,INDEX(Base!$B$3:$BA$22,MOD(ROW(),20)+1,MOD(COLUMN(),52)+1)*0.001,0)} -> -0.69607874 | I32: {=Step05!I32*(1+Control!$B$3/12)+IF(MOD(ROW()+COLUMN(),7)=0,INDEX(Base!$B$3:$BA$22,MOD(ROW(),20)+1,MOD(COLUMN(),52)+1)*0.001,0)} -> -0.66975319 | ... AY32: {=Step05!AY32*(1+Control!$B$3/12)+IF(MOD(ROW()+COLUMN(),7)=0,INDEX(Base!$B$3:$BA$22,MOD(ROW(),20)+1,MOD(COLUMN(),52)+1)*0.001,0)} -> -0.80161674

Sheet Step07
A1: Sheet 7
A3: Banca Alpi | B3: =ROUND(Step06!B3+Step06!$B3*0.0005,6) -> 896.13859 | C3: =ROUND(Step06!C3+Step06!$B3*0.0005,6) -> 877.47857 | D3: =ROUND(Step06!D3+Step06!$B3*0.0005,6) -> 871.49945 | E3: =ROUND(Step06!E3+Step06!$B3*0.0005,6) -> 882.01488 | F3: =ROUND(Step06!F3+Step06!$B3*0.0005,6) -> 878.63828 | G3: =ROUND(Step06!G3+Step06!$B3*0.0005,6) -> 965.25436 | H3: =ROUND(Step06!H3+Step06!$B3*0.0005,6) -> 966.45189 | I3: =ROUND(Step06!I3+Step06!$B3*0.0005,6) -> 903.90656 | ... AY3: =ROUND(Step06!AY3+Step06!$B3*0.0005,6) -> 1045.9829
A4: Banca Adriatica | B4: =ROUND(Step06!B4+Step06!$B4*0.0005,6) -> 1047.211 | C4: =ROUND(Step06!C4+Step06!$B4*0.0005,6) -> 1083.3629 | D4: =ROUND(Step06!D4+Step06!$B4*0.0005,6) -> 1063.0402 | E4: =ROUND(Step06!E4+Step06!$B4*0.0005,6) -> 1068.9057 | F4: =ROUND(Step06!F4+Step06!$B4*0.0005,6) -> 1019.4797 | G4: =ROUND(Step06!G4+Step06!$B4*0.0005,6) -> 1058.7877 | H4: =ROUND(Step06!H4+Step06!$B4*0.0005,6) -> 1091.7635 | I4: =ROUND(Step06!I4+Step06!$B4*0.0005,6) -> 1063.0266 | ... AY4: =ROUND(Step06!AY4+Step06!$B4*0.0005,6) -> 1186.1887
A5: Banca Tirrena | B5: =ROUND(Step06!B5+Step06!$B5*0.0005,6) -> 1172.0596 | C5: =ROUND(Step06!C5+Step06!$B5*0.0005,6) -> 1204.9058 | D5: =ROUND(Step06!D5+Step06!$B5*0.0005,6) -> 1150.2811 | E5: =ROUND(Step06!E5+Step06!$B5*0.0005,6) -> 1174.6488 | F5: =ROUND(Step06!F5+Step06!$B5*0.0005,6) -> 1169.7044 | G5: =ROUND(Step06!G5+Step06!$B5*0.0005,6) -> 1173.2542 | H5: =ROUND(Step06!H5+Step06!$B5*0.0005,6) -> 1180.6526 | I5: =ROUND(Step06!I5+Step06!$B5*0.0005,6) -> 1208.1844 | ... AY5: =ROUND(Step06!AY5+Step06!$B5*0.0005,6) -> 1356.3509
A6: Banca Padana | B6: =ROUND(Step06!B6+Step06!$B6*0.0005,6) -> 1245.6517 | C6: =ROUND(Step06!C6+Step06!$B6*0.0005,6) -> 1292.1664 | D6: =ROUND(Step06!D6+Step06!$B6*0.0005,6) -> 1260.9684 | E6: =ROUND(Step06!E6+Step06!$B6*0.0005,6) -> 1315.2652 | F6: =ROUND(Step06!F6+Step06!$B6*0.0005,6) -> 1334.1896 | G6: =ROUND(Step06!G6+Step06!$B6*0.0005,6) -> 1282.032 | H6: =ROUND(Step06!H6+Step06!$B6*0.0005,6) -> 1332.3586 | I6: =ROUND(Step06!I6+Step06!$B6*0.0005,6) -> 1284.7935 | ... AY6: =ROUND(Step06!AY6+Step06!$B6*0.0005,6) -> 1416.3475
A7: Banca Etrusca | B7: =ROUND(Step06!B7+Step06!$B7*0.0005,6) -> 1382.1356 | C7: =ROUND(Step06!C7+Step06!$B7*0.0005,6) -> 1370.7418 | D7: =ROUND(Step06!D7+Step06!$B7*0.0005,6) -> 1395.5126 | E7: =ROUND(Step06!E7+Step06!$B7*0.0005,6) -> 1367.8612 | F7: =ROUND(Step06!F7+Step06!$B7*0.0005,6) -> 1405.5692 | G7: =ROUND(Step06!G7+Step06!$B7*0.0005,6) -> 1419.76 | H7: =ROUND(Step06!H7+Step06!$B7*0.0005,6) -> 1470.4762 | I7: =ROUND(Step06!I7+Step06!$B7*0.0005,6) -> 1450.0005 | ... AY7: =ROUND(Step06!AY7+Step06!$B7*0.0005,6) -> 1564.5598
A8: Banca Lariana | B8: =ROUND(Step06!B8+Step06!$B8*0.0005,6) -> 1511.1976 | C8: =ROUND(Step06!C8+Step06!$B8*0.0005,6) -> 1480.578 | D8: =ROUND(Step06!D8+Step06!$B8*0.0005,6) -> 1566.1818 | E8: =ROUND(Step06!E8+Step06!$B8*0.0005,6) -> 1553.0628 | F8: =ROUND(Step06!F8+Step06!$B8*0.0005,6) -> 1500.9649 | G8: =ROUND(Step06!G8+Step06!$B8*0.0005,6) -> 1556.7434 | H8: =ROUND(Step06!H8+Step06!$B8*0.0005,6) -> 1503.4194 | I8: =ROUND(Step06!I8+Step06!$B8*0.0005,6) -> 1571.4244 | ... AY8: =ROUND(Step06!AY8+Step06!$B8*0.0005,6) -> 1699.0186
A9: Banca Sabina | B9: =ROUND(Step06!B9+Step06!$B9*0.0005,6) -> 1677.4297 | C9: =ROUND(Step06!C9+Step06!$B9*0.0005,6) -> 1671.8147 | D9: =ROUND(Step06!D9+Step06!$B9*0.0005,6) -> 1620.597 | E9: =ROUND(Step06!E9+Step06!$B9*0.0005,6) -> 1697.5345 | F9: =ROUND(Step06!F9+Step06!$B9*0.0005,6) -> 1641.2464 | G9: =ROUND(Step06!G9+Step06!$B9*0.0005,6) -> 1699.0163 | H9: =ROUND(Step06!H9+Step06!$B9*0.0005,6) -> 1655.6116 | I9: =ROUND(Step06!I9+Step06!$B9*0.0005,6) -> 1723.2246 | ... AY9: =ROUND(Step06!AY9+Step06!$B9*0.0005,6) -> 1877.6224
A10: Banca Irpina | B10: =ROUND(Step06!B10+Step06!$B10*0.0005,6) -> 1714.958 | C10: =ROUND(Step06!C10+Step06!$B10*0.0005,6) -> 1803.9844 | D10: =ROUND(Step06!D10+Step06!$B10*0.0005,6) -> 1824.417 | E10: =ROUND(Step06!E10+Step06!$B10*0.0005,6) -> 1768.8732 | F10: =ROUND(Step06!F10+Step06!$B10*0.0005,6) -> 1796.7825 | G10: =ROUND(Step06!G10+Step06!$B10*0.0005,6) -> 1783.3477 | H10: =ROUND(Step06!H10+Step06!$B10*0.0005,6) -> 1777.1182 | I10: =ROUND(Step06!I10+Step06!$B10*0.0005,6) -> 1783.3354 | ... AY10: =ROUND(Step06!AY10+Step06!$B10*0.0005,6) -> 2034.1937
A11: Banca Sannita | B11: =ROUND(Step06!B11+Step06!$B11*0.0005,6) -> 1859.5853 | C11: =ROUND(Step06!C11+Step06!$B11*0.0005,6) -> 1916.0567 | D11: =ROUND(Step06!D11+Step06!$B11*0.0005,6) -> 1873.7261 | E11: =ROUND(Step06!E11+Step06!$B11*0.0005,6) -> 1887.1593 | F11: =ROUND(Step06!F11+Step06!$B11*0.0005,6) -> 1911.7118 | G11: =ROUND(Step06!G11+Step06!$B11*0.0005,6) -> 1950.2459 | H11: =ROUND(Step06!H11+Step06!$B11*0.0005,6) -> 1947.142 | I11: =ROUND(Step06!I11+Step06!$B11*0.0005,6) -> 1893.6819 | ... AY11: =ROUND(Step06!AY11+Step06!$B11*0.0005,6) -> 2171.605
A12: Banca Ligure | B12: =ROUND(Step06!B12+Step06!$B12*0.0005,6) -> 1963.0165 | C12: =ROUND(Step06!C12+Step06!$B12*0.0005,6) -> 2040.5586 | D12: =ROUND(Step06!D12+Step06!$B12*0.0005,6) -> 2031.6516 | E12: =ROUND(Step06!E12+Step06!$B12*0.0005,6) -> 2058.6022 | F12: =ROUND(Step06!F12+Step06!$B12*0.0005,6) -> 1998.6136 | G12: =ROUND(Step06!G12+Step06!$B12*0.0005,6) -> 2082.3529 | H12: =ROUND(Step06!H12+Step06!$B12*0.0005,6) -> 2070.4451 | I12: =ROUND(Step06!I12+Step06!$B12*0.0005,6) -> 2070.4603 | ... AY12: =ROUND(Step06!AY12+Step06!$B12*0.0005,6) -> 2259.6065
A13: Banca Veneta | B13: =ROUND(Step06!B13+Step06!$B13*0.0005,6) -> 2135.9256 | C13: =ROUND(Step06!C13+Step06!$B13*0.0005,6) -> 2182.1085 | D13: =ROUND(Step06!D13+Step06!$B13*0.0005,6) -> 2170.2971 | E13: =ROUND(Step06!E13+Step06!$B13*0.0005,6) -> 2139.6307 | F13: =ROUND(Step06!F13+Step06!$B13*0.0005,6) -> 2121.2292 | G13: =ROUND(Step06!G13+Step06!$B13*0.0005,6) -> 2140.628 | H13: =ROUND(Step06!H13+Step06!$B13*0.0005,6) -> 2142.66 | I13: =ROUND(Step06!I13+Step06!$B13*0.0005,6) -> 2184.2933 | ... AY13: =ROUND(Step06!AY13+Step06!$B13*0.0005,6) -> 2418.4282
A14: Banca Friulana | B14: =ROUND(Step06!B14+Step06!$B14*0.0005,6) -> 2229.5133 | C14: =ROUND(Step06!C14+Step06!$B14*0.0005,6) -> 2228.4309 | D14: =ROUND(Step06!D14+Step06!$B14*0.0005,6) -> 2270.93 | E14: =ROUND(Step06!E14+Step06!$B14*0.0005,6) -> 2285.0968 | F14: =ROUND(Step06!F14+Step06!$B14*0.0005,6) -> 2229.1182 | G14: =ROUND(Step06!G14+Step06!$B14*0.0005,6) -> 2334.0795 | H14: =ROUND(Step06!H14+Step06!$B14*0.0005,6) -> 2306.9898 | I14: =ROUND(Step06!I14+Step06!$B14*0.0005,6) -> 2300.3228 | ... AY14: =ROUND(Step06!AY14+Step06!$B14*0.0005,6) -> 2548.8595
... A32: Extra 10 | B32: =ROUND(Step06!B32+Step06!$B32*0.0005,6) -> -0.636718 | C32: =ROUND(Step06!C32+Step06!$B32*0.0005,6) -> 4.031307 | D32: =ROUND(Step06!D32+Step06!$B32*0.0005,6) -> -0.636385 | E32: =ROUND(Step06!E32+Step06!$B32*0.0005,6) -> -0.650128 | F32: =ROUND(Step06!F32+Step06!$B32*0.0005,6) -> -0.649905 | G32: =ROUND(Step06!G32+Step06!$B32*0.0005,6) -> -0.667854 | H32: =ROUND(Step06!H32+Step06!$B32*0.0005,6) -> -0.696397 | I32: =ROUND(Step06!I32+Step06!$B32*0.0005,6) -> -0.670071 | ... AY32: =ROUND(Step06!AY32+Step06!$B32*0.0005,6) -> -0.801935

Sheet Step08
A1: Sheet 8
A3: Banca Alpi | B3: =IF(Step07!B3>Step07!$B$3,Step07!B3-0.5,Step07!B3+0.5) -> 896.63859 | C3: =IF(Step07!C3>Step07!$B$3,Step07!C3-0.5,Step07!C3+0.5) -> 877.97857 | D3: =IF(Step07!D3>Step07!$B$3,Step07!D3-0.5,Step07!D3+0.5) -> 871.99945 | E3: =IF(Step07!E3>Step07!$B$3,Step07!E3-0.5,Step07!E3+0.5) -> 882.51488 | F3: =IF(Step07!F3>Step07!$B$3,Step07!F3-0.5,Step07!F3+0.5) -> 879.13828 | G3: =IF(Step07!G3>Step07!$B$3,Step07!G3-0.5,Step07!G3+0.5) -> 964.75436 | H3: =IF(Step07!H3>Step07!$B$3,Step07!H3-0.5,Step07!H3+0.5) -> 965.95189 | I3: =IF(Step07!I3>Step07!$B$3,Step07!I3-0.5,Step07!I3+0.5) -> 903.40656 | ... AY3: =IF(Step07!AY3>Step07!$B$3,Step07!AY3-0.5,Step07!AY3+0.5) -> 1045.4829
A4: Banca Adriatica | B4: =IF(Step07!B4>Step07!$B$3,Step07!B4-0.5,Step07!B4+0.5) -> 1046.711 | C4: =IF(Step07!C4>Step07!$B$3,Step07!C4-0.5,Step07!C4+0.5) -> 1082.8629 | D4: =IF(Step07!D4>Step07!$B$3,Step07!D4-0.5,Step07!D4+0.5) -> 1062.5402 | E4: =IF(Step07!E4>Step07!$B$3,Step07!E4-0.5,Step07!E4+0.5) -> 1068.4057 | F4: =IF(Step07!F4>Step07!$B$3,Step07!F4-0.5,Step07!F4+0.5) -> 1018.9797 | G4: =IF(Step07!G4>Step07!$B$3,Step07!G4-0.5,Step07!G4+0.5) -> 1058.2877 | H4: =IF(Step07!H4>Step07!$B$3,Step07!H4-0.5,Step07!H4+0.5) -> 1091.2635 | I4: =IF(Step07!I4>Step07!$B$3,Step07!I4-0.5,Step07!I4+0.5) -> 1062.5266 | ... AY4: =IF(Step07!AY4>Step07!$B$3,Step07!AY4-0.5,Step07!AY4+0.5) -> 1185.6887
A5: Banca Tirrena | B5: =IF(Step07!B5>Step07!$B$3,Step07!B5-0.5,Step07!B5+0.5) -> 1171.5596 | C5: =IF(Step07!C5>Step07!$B$3,Step07!C5-0.5,Step07!C5+0.5) -> 1204.4058 | D5: =IF(Step07!D5>Step07!$B$3,Step07!D5-0.5,Step07!D5+0.5) -> 1149.7811 | E5: =IF(Step07!E5>Step07!$B$3,Step07!E5-0.5,Step07!E5+0.5) -> 1174.1488 | F5: =IF(Step07!F5>Step07!$B$3,Step07!F5-0.5,Step07!F5+0.5) -> 1169.2044 | G5: =IF(Step07!G5>Step07!$B$3,Step07!G5-0.5,Step07!G5+0.5) -> 1172.7542 | H5: =IF(Step07!H5>Step07!$B$3,Step07!H5-0.5,Step07!H5+0.5) -> 1180.1526 | I5: =IF(Step07!I5>Step07!$B$3,Step07!I5-0.5,Step07!I5+0.5) -> 1207.6844 | ... AY5: =IF(Step07!AY5>Step07!$B$3,Step07!AY5-0.5,Step07!AY5+0.5) -> 1355.8509
A6: Banca Padana | B6: =IF(Step07!B6>Step07!$B$3,Step07!B6-0.5,Step07!B6+0.5) -> 1245.1517 | C6: =IF(Step07!C6>Step07!$B$3,Step07!C6-0.5,Step07!C6+0.5) -> 1291.6664 | D6: =IF(Step07!D6>Step07!$B$3,Step07!D6-0.5,Step07!D6+0.5) -> 1260.4684 | E6: =IF(Step07!E6>Step07!$B$3,Step07!E6-0.5,Step07!E6+0.5) -> 1314.7652 | F6: =IF(Step07!F6>Step07!$B$3,Step07!F6-0.5,Step07!F6+0.5) -> 1333.6896 | G6: =IF(Step07!G6>Step07!$B$3,Step07!G6-0.5,Step07!G6+0.5) -> 1281.532 | H6: =IF(Step07!H6>Step07!$B$3,Step07!H6-0.5,Step07!H6+0.5) -> 1331.8586 | I6: =IF(Step07!I6>Step07!$B$3,Step07!I6-0.5,Step07!I6+0.5) -> 1284.2935 | ... AY6: =IF(Step07!AY6>Step07!$B$3,Step07!AY6-0.5,Step07!AY6+0.5) -> 1415.8475
A7: Banca Etrusca | B7: =IF(Step07!B7>Step07!$B$3,Step07!B7-0.5,Step07!B7+0.5) -> 1381.6356 | C7: =IF(Step07!C7>Step07!$B$3,Step07!C7-0.5,Step07!C7+0.5) -> 1370.2418 | D7: =IF(Step07!D7>Step07!$B$3,Step07!D7-0.5,Step07!D7+0.5) -> 1395.0126 | E7: =IF(Step07!E7>Step07!$B$3,Step07!E7-0.5,Step07!E7+0.5) -> 1367.3612 | F7: =IF(Step07!F7>Step07!$B$3,Step07!F7-0.5,Step07!F7+0.5) -> 1405.0692 | G7: =IF(Step07!G7>Step07!$B$3,Step07!G7-0.5,Step07!G7+0.5) -> 1419.26 | H7: =IF(Step07!H7>Step07!$B$3,Step07!H7-0.5,Step07!H7+0.5) -> 1469.9762 | I7: =IF(Step07!I7>Step07!$B$3,Step07!I7-0.5,Step07!I7+0.5) -> 1449.5005 | ... AY7: =IF(Step07!AY7>Step07!$B$3,Step07!AY7-0.5,Step07!AY7+0.5) -> 1564.0598
A8: Banca Lariana | B8: =IF(Step07!B8>Step07!$B$3,Step07!B8-0.5,Step07!B8+0.5) -> 1510.6976 | C8: =IF(Step07!C8>Step07!$B$3,Step07!C8-0.5,Step07!C8+0.5) -> 1480.078 | D8: =IF(Step07!D8>Step07!$B$3,Step07!D8-0.5,Step07!D8+0.5) -> 1565.6818 | E8: =IF(Step07!E8>Step07!$B$3,Step07!E8-0.5,Step07!E8+0.5) -> 1552.5628 | F8: =IF(Step07!F8>Step07!$B$3,Step07!F8-0.5,Step07!F8+0.5) -> 1500.4649 | G8: =IF(Step07!G8>Step07!$B$3,Step07!G8-0.5,Step07!G8+0.5) -> 1556.2434 | H8: =IF(Step07!H8>Step07!$B$3,Step07!H8-0.5,Step07!H8+0.5) -> 1502.9194 | I8: =IF(Step07!I8>Step07!$B$3,Step07!I8-0.5,Step07!I8+0.5) -> 1570.9244 | ... AY8: =IF(Step07!AY8>Step07!$B$3,Step07!AY8-0.5,Step07!AY8+0.5) -> 1698.5186
A9: Banca Sabina | B9: =IF(Step07!B9>Step07!$B$3,Step07!B9-0.5,Step07!B9+0.5) -> 1676.9297 | C9: =IF(Step07!C9>Step07!$B$3,Step07!C9-0.5,Step07!C9+0.5) -> 1671.3147 | D9: =IF(Step07!D9>Step07!$B$3,Step07!D9-0.5,Step07!D9+0.5) -> 1620.097 | E9: =IF(Step07!E9>Step07!$B$3,Step07!E9-0.5,Step07!E9+0.5) -> 1697.0345 | F9: =IF(Step07!F9>Step07!$B$3,Step07!F9-0.5,Step07!F9+0.5) -> 1640.7464 | G9: =IF(Step07!G9>Step07!$B$3,Step07!G9-0.5,Step07!G9+0.5) -> 1698.5163 | H9: =IF(Step07!H9>Step07!$B$3,Step07!H9-0.5,Step07!H9+0.5) -> 1655.1116 | I9: =IF(Step07!I9>Step07!$B$3,Step07!I9-0.5,Step07!I9+0.5) -> 1722.7246 | ... AY9: =IF(Step07!AY9>Step07!$B$3,Step07!AY9-0.5,Step07!AY9+0.5) -> 1877.1224
A10: Banca Irpina | B10: =IF(Step07!B10>Step07!$B$3,Step07!B10-0.5,Step07!B10+0.5) -> 1714.458 | C10: =IF(Step07!C10>Step07!$B$3,Step07!C10-0.5,Step07!C10+0.5) -> 1803.4844 | D10: =IF(Step07!D10>Step07!$B$3,Step07!D10-0.5,Step07!D10+0.5) -> 1823.917 | E10: =IF(Step07!E10>Step07!$B$3,Step07!E10-0.5,Step07!E10+0.5) -> 1768.3732 | F10: =IF(Step07!F10>Step07!$B$3,Step07!F10-0.5,Step07!F10+0.5) -> 1796.2825 | G10: =IF(Step07!G10>Step07!$B$3,Step07!G10-0.5,Step07!G10+0.5) -> 1782.8477 | H10: =IF(Step07!H10>Step07!$B$3,Step07!H10-0.5,Step07!H10+0.5) -> 1776.6182 | I10: =IF(Step07!I10>Step07!$B$3,Step07!I10-0.5,Step07!I10+0.5) -> 1782.8354 | ... AY10: =IF(Step07!AY10>Step07!$B$3,Step07!AY10-0.5,Step07!AY10+0.5) -> 2033.6937
A11: Banca Sannita | B11: =IF(Step07!B11>Step07!$B$3,Step07!B11-0.5,Step07!B11+0.5) -> 1859.0853 | C11: =IF(Step07!C11>Step07!$B$3,Step07!C11-0.5,Step07!C11+0.5) -> 1915.5567 | D11: =IF(Step07!D11>Step07!$B$3,Step07!D11-0.5,Step07!D11+0.5) -> 1873.2261 | E11: =IF(Step07!E11>Step07!$B$3,Step07!E11-0.5,Step07!E11+0.5) -> 1886.6593 | F11: =IF(Step07!F11>Step07!$B$3,Step07!F11-0.5,Step07!F11+0.5) -> 1911.2118 | G11: =IF(Step07!G11>Step07!$B$3,Step07!G11-0.5,Step07!G11+0.5) -> 1949.7459 | H11: =IF(Step07!H11>Step07!$B$3,Step07!H11-0.5,Step07!H11+0.5) -> 1946.642 | I11: =IF(Step07!I11>Step07!$B$3,Step07!I11-0.5,Step07!I11+0.5) -> 1893.1819 | ... AY11: =IF(Step07!AY11>Step07!$B$3,Step07!AY11-0.5,Step07!AY11+0.5) -> 2171.105
A12: Banca Ligure | B12: =IF(Step07!B12>Step07!$B$3,Step07!B12-0.5,Step07!B12+0.5) -> 1962.5165 | C12: =IF(Step07!C12>Step07!$B$3,Step07!C12-0.5,Step07!C12+0.5) -> 2040.0586 | D12: =IF(Step07!D12>Step07!$B$3,Step07!D12-0.5,Step07!D12+0.5) -> 2031.1516 | E12: =IF(Step07!E12>Step07!$B$3,Step07!E12-0.5,Step07!E12+0.5) -> 2058.1022 | F12: =IF(Step07!F12>Step07!$B$3,Step07!F12-0.5,Step07!F12+0.5) -> 1998.1136 | G12: =IF(Step07!G12>Step07!$B$3,Step07!G12-0.5,Step07!G12+0.5) -> 2081.8529 | H12: =IF(Step07!H12>Step07!$B$3,Step07!H12-0.5,Step07!H12+0.5) -> 2069.9451 | I12: =IF(Step07!I12>Step07!$B$3,Step07!I12-0.5,Step07!I12+0.5) -> 2069.9603 | ... AY12: =IF(Step07!AY12>Step07!$B$3,Step07!AY12-0.5,Step07!AY12+0.5) -> 2259.1065
A13: Banca Veneta | B13: =IF(Step07!B13>Step07!$B$3,Step07!B13-0.5,Step07!B13+0.5) -> 2135.4256 | C13: =IF(Step07!C13>Step07!$B$3,Step07!C13-0.5,Step07!C13+0.5) -> 2181.6085 | D13: =IF(Step07!D13>Step07!$B$3,Step07!D13-0.5,Step07!D13+0.5) -> 2169.7971 | E13: =IF(Step07!E13>Step07!$B$3,Step07!E13-0.5,Step07!E13+0.5) -> 2139.1307 | F13: =IF(Step07!F13>Step07!$B$3,Step07!F13-0.5,Step07!F13+0.5) -> 2120.7292 | G13: =IF(Step07!G13>Step07!$B$3,Step07!G13-0.5,Step07!G13+0.5) -> 2140.128 | H13: =IF(Step07!H13>Step07!$B$3,Step07!H13-0.5,Step07!H13+0.5) -> 2142.16 | I13: =IF(Step07!I13>Step07!$B$3,Step07!I13-0.5,Step07!I13+0.5) -> 2183.7933 | ... AY13: =IF(Step07!AY13>Step07!$B$3,Step07!AY13-0.5,Step07!AY13+0.5) -> 2417.9282
A14: Banca Friulana | B14: =IF(Step07!B14>Step07!$B$3,Step07!B14-0.5,Step07!B14+0.5) -> 2229.0133 | C14: =IF(Step07!C14>Step07!$B$3,Step07!C14-0.5,Step07!C14+0.5) -> 2227.9309 | D14: =IF(Step07!D14>Step07!$B$3,Step07!D14-0.5,Step07!D14+0.5) -> 2270.43 | E14: =IF(Step07!E14>Step07!$B$3,Step07!E14-0.5,Step07!E14+0.5) -> 2284.5968 | F14: =IF(Step07!F14>Step07!$B$3,Step07!F14-0.5,Step07!F14+0.5) -> 2228.6182 | G14: =IF(Step07!G14>Step07!$B$3,Step07!G14-0.5,Step07!G14+0.5) -> 2333.5795 | H14: =IF(Step07!H14>Step07!$B$3,Step07!H14-0.5,Step07!H14+0.5) -> 2306.4898 | I14: =IF(Step07!I14>Step07!$B$3,Step07!I14-0.5,Step07!I14+0.5) -> 2299.8228 | ... AY14: =IF(Step07!AY14>Step07!$B$3,Step07!AY14-0.5,Step07!AY14+0.5) -> 2548.3595
... A32: Extra 10 | B32: =IF(Step07!B32>Step07!$B$3,Step07!B32-0.5,Step07!B32+0.5) -> -0.136718 | C32: =IF(Step07!C32>Step07!$B$3,Step07!C32-0.5,Step07!C32+0.5) -> 4.531307 | D32: =IF(Step07!D32>Step07!$B$3,Step07!D32-0.5,Step07!D32+0.5) -> -0.136385 | E32: =IF(Step07!E32>Step07!$B$3,Step07!E32-0.5,Step07!E32+0.5) -> -0.150128 | F32: =IF(Step07!F32>Step07!$B$3,Step07!F32-0.5,Step07!F32+0.5) -> -0.149905 | G32: =IF(Step07!G32>Step07!$B$3,Step07!G32-0.5,Step07!G32+0.5) -> -0.167854 | H32: =IF(Step07!H32>Step07!$B$3,Step07!H32-0.5,Step07!H32+0.5) -> -0.196397 | I32: =IF(Step07!I32>Step07!$B$3,Step07!I32-0.5,Step07!I32+0.5) -> -0.170071 | ... AY32: =IF(Step07!AY32>Step07!$B$3,Step07!AY32-0.5,Step07!AY32+0.5) -> -0.301935

Sheet Step09
A1: Sheet 9
A3: Banca Alpi | B3: =Step08!B3+SUM(Step08!$B3:$F3)/1000-AVERAGE(Step08!B$3:B$7)/1000 -> 899.89852 | C3: =Step08!C3+SUM(Step08!$B3:$F3)/1000-AVERAGE(Step08!C$3:C$7)/1000 -> 881.22141 | D3: =Step08!D3+SUM(Step08!$B3:$F3)/1000-AVERAGE(Step08!D$3:D$7)/1000 -> 875.25976 | E3: =Step08!E3+SUM(Step08!$B3:$F3)/1000-AVERAGE(Step08!E$3:E$7)/1000 -> 885.76171 | F3: =Step08!F3+SUM(Step08!$B3:$F3)/1000-AVERAGE(Step08!F$3:F$7)/1000 -> 882.38533 | G3: =Step08!G3+SUM(Step08!$B3:$F3)/1000-AVERAGE(Step08!G$3:G$7)/1000 -> 967.98331 | H3: =Step08!H3+SUM(Step08!$B3:$F3)/1000-AVERAGE(Step08!H$3:H$7)/1000 -> 969.15232 | I3: =Step08!I3+SUM(Step08!$B3:$F3)/1000-AVERAGE(Step08!I$3:I$7)/1000 -> 906.63334 | ... AY3: =Step08!AY3+SUM(Step08!$B3:$F3)/1000-AVERAGE(Step08!AY$3:AY$7)/1000 -> 1048.5778
A4: Banca Adriatica | B4: =Step08!B4+SUM(Step08!$B4:$F4)/1000-AVERAGE(Step08!B$3:B$7)/1000 -> 1050.8422 | C4: =Step08!C4+SUM(Step08!$B4:$F4)/1000-AVERAGE(Step08!C$3:C$7)/1000 -> 1086.9769 | D4: =Step08!D4+SUM(Step08!$B4:$F4)/1000-AVERAGE(Step08!D$3:D$7)/1000 -> 1066.6717 | E4: =Step08!E4+SUM(Step08!$B4:$F4)/1000-AVERAGE(Step08!E$3:E$7)/1000 -> 1072.5238 | F4: =Step08!F4+SUM(Step08!$B4:$F4)/1000-AVERAGE(Step08!F$3:F$7)/1000 -> 1023.098 | G4: =Step08!G4+SUM(Step08!$B4:$F4)/1000-AVERAGE(Step08!G$3:G$7)/1000 -> 1062.3879 | H4: =Step08!H4+SUM(Step08!$B4:$F4)/1000-AVERAGE(Step08!H$3:H$7)/1000 -> 1095.3352 | I4: =Step08!I4+SUM(Step08!$B4:$F4)/1000-AVERAGE(Step08!I$3:I$7)/1000 -> 1066.6246 | ... AY4: =Step08!AY4+SUM(Step08!$B4:$F4)/1000-AVERAGE(Step08!AY$3:AY$7)/1000 -> 1189.6549
A5: Banca Tirrena | B5: =Step08!B5+SUM(Step08!$B5:$F5)/1000-AVERAGE(Step08!B$3:B$7)/1000 -> 1176.2804 | C5: =Step08!C5+SUM(Step08!$B5:$F5)/1000-AVERAGE(Step08!C$3:C$7)/1000 -> 1209.1095 | D5: =Step08!D5+SUM(Step08!$B5:$F5)/1000-AVERAGE(Step08!D$3:D$7)/1000 -> 1154.5022 | E5: =Step08!E5+SUM(Step08!$B5:$F5)/1000-AVERAGE(Step08!E$3:E$7)/1000 -> 1178.8564 | F5: =Step08!F5+SUM(Step08!$B5:$F5)/1000-AVERAGE(Step08!F$3:F$7)/1000 -> 1173.9123 | G5: =Step08!G5+SUM(Step08!$B5:$F5)/1000-AVERAGE(Step08!G$3:G$7)/1000 -> 1177.444 | H5: =Step08!H5+SUM(Step08!$B5:$F5)/1000-AVERAGE(Step08!H$3:H$7)/1000 -> 1184.8139 | I5: =Step08!I5+SUM(Step08!$B5:$F5)/1000-AVERAGE(Step08!I$3:I$7)/1000 -> 1212.372 | ... AY5: =Step08!AY5+SUM(Step08!$B5:$F5)/1000-AVERAGE(Step08!AY$3:AY$7)/1000 -> 1360.4067
A6: Banca Padana | B6: =Step08!B6+SUM(Step08!$B6:$F6)/1000-AVERAGE(Step08!B$3:B$7)/1000 -> 1250.4491 | C6: =Step08!C6+SUM(Step08!$B6:$F6)/1000-AVERAGE(Step08!C$3:C$7)/1000 -> 1296.9467 | D6: =Step08!D6+SUM(Step08!$B6:$F6)/1000-AVERAGE(Step08!D$3:D$7)/1000 -> 1265.7662 | E6: =Step08!E6+SUM(Step08!$B6:$F6)/1000-AVERAGE(Step08!E$3:E$7)/1000 -> 1320.0495 | F6: =Step08!F6+SUM(Step08!$B6:$F6)/1000-AVERAGE(Step08!F$3:F$7)/1000 -> 1338.9742 | G6: =Step08!G6+SUM(Step08!$B6:$F6)/1000-AVERAGE(Step08!G$3:G$7)/1000 -> 1286.7984 | H6: =Step08!H6+SUM(Step08!$B6:$F6)/1000-AVERAGE(Step08!H$3:H$7)/1000 -> 1337.0965 | I6: =Step08!I6+SUM(Step08!$B6:$F6)/1000-AVERAGE(Step08!I$3:I$7)/1000 -> 1289.5578 | ... AY6: =Step08!AY6+SUM(Step08!$B6:$F6)/1000-AVERAGE(Step08!AY$3:AY$7)/1000 -> 1420.9798
A7: Banca Etrusca | B7: =Step08!B7+SUM(Step08!$B7:$F7)/1000-AVERAGE(Step08!B$3:B$7)/1000 -> 1387.4066 | C7: =Step08!C7+SUM(Step08!$B7:$F7)/1000-AVERAGE(Step08!C$3:C$7)/1000 -> 1375.9957 | D7: =Step08!D7+SUM(Step08!$B7:$F7)/1000-AVERAGE(Step08!D$3:D$7)/1000 -> 1400.7839 | E7: =Step08!E7+SUM(Step08!$B7:$F7)/1000-AVERAGE(Step08!E$3:E$7)/1000 -> 1373.119 | F7: =Step08!F7+SUM(Step08!$B7:$F7)/1000-AVERAGE(Step08!F$3:F$7)/1000 -> 1410.8273 | G7: =Step08!G7+SUM(Step08!$B7:$F7)/1000-AVERAGE(Step08!G$3:G$7)/1000 -> 1425 | H7: =Step08!H7+SUM(Step08!$B7:$F7)/1000-AVERAGE(Step08!H$3:H$7)/1000 -> 1475.6877 | I7: =Step08!I7+SUM(Step08!$B7:$F7)/1000-AVERAGE(Step08!I$3:I$7)/1000 -> 1455.2383 | ... AY7: =Step08!AY7+SUM(Step08!$B7:$F7)/1000-AVERAGE(Step08!AY$3:AY$7)/1000 -> 1569.6657
A8: Banca Lariana | B8: =Step08!B8+SUM(Step08!$B8:$F8)/1000-AVERAGE(Step08!B$3:B$7)/1000 -> 1517.1587 | C8: =Step08!C8+SUM(Step08!$B8:$F8)/1000-AVERAGE(Step08!C$3:C$7)/1000 -> 1486.522 | D8: =Step08!D8+SUM(Step08!$B8:$F8)/1000-AVERAGE(Step08!D$3:D$7)/1000 -> 1572.1433 | E8: =Step08!E8+SUM(Step08!$B8:$F8)/1000-AVERAGE(Step08!E$3:E$7)/1000 -> 1559.0108 | F8: =Step08!F8+SUM(Step08!$B8:$F8)/1000-AVERAGE(Step08!F$3:F$7)/1000 -> 1506.9132 | G8: =Step08!G8+SUM(Step08!$B8:$F8)/1000-AVERAGE(Step08!G$3:G$7)/1000 -> 1562.6736 | H8: =Step08!H8+SUM(Step08!$B8:$F8)/1000-AVERAGE(Step08!H$3:H$7)/1000 -> 1509.321 | I8: =Step08!I8+SUM(Step08!$B8:$F8)/1000-AVERAGE(Step08!I$3:I$7)/1000 -> 1577.3524 | ... AY8: =Step08!AY8+SUM(Step08!$B8:$F8)/1000-AVERAGE(Step08!AY$3:AY$7)/1000 -> 1704.8147
A9: Banca Sabina | B9: =Step08!B9+SUM(Step08!$B9:$F9)/1000-AVERAGE(Step08!B$3:B$7)/1000 -> 1684.0875 | C9: =Step08!C9+SUM(Step08!$B9:$F9)/1000-AVERAGE(Step08!C$3:C$7)/1000 -> 1678.4554 | D9: =Step08!D9+SUM(Step08!$B9:$F9)/1000-AVERAGE(Step08!D$3:D$7)/1000 -> 1627.2551 | E9: =Step08!E9+SUM(Step08!$B9:$F9)/1000-AVERAGE(Step08!E$3:E$7)/1000 -> 1704.1792 | F9: =Step08!F9+SUM(Step08!$B9:$F9)/1000-AVERAGE(Step08!F$3:F$7)/1000 -> 1647.8913 | G9: =Step08!G9+SUM(Step08!$B9:$F9)/1000-AVERAGE(Step08!G$3:G$7)/1000 -> 1705.6431 | H9: =Step08!H9+SUM(Step08!$B9:$F9)/1000-AVERAGE(Step08!H$3:H$7)/1000 -> 1662.2099 | I9: =Step08!I9+SUM(Step08!$B9:$F9)/1000-AVERAGE(Step08!I$3:I$7)/1000 -> 1729.8493 | ... AY9: =Step08!AY9+SUM(Step08!$B9:$F9)/1000-AVERAGE(Step08!AY$3:AY$7)/1000 -> 1884.1151
A10: Banca Irpina | B10: =Step08!B10+SUM(Step08!$B10:$F10)/1000-AVERAGE(Step08!B$3:B$7)/1000 -> 1722.2162 | C10: =Step08!C10+SUM(Step08!$B10:$F10)/1000-AVERAGE(Step08!C$3:C$7)/1000 -> 1811.2255 | D10: =Step08!D10+SUM(Step08!$B10:$F10)/1000-AVERAGE(Step08!D$3:D$7)/1000 -> 1831.6755 | E10: =Step08!E10+SUM(Step08!$B10:$F10)/1000-AVERAGE(Step08!E$3:E$7)/1000 -> 1776.1183 | F10: =Step08!F10+SUM(Step08!$B10:$F10)/1000-AVERAGE(Step08!F$3:F$7)/1000 -> 1804.0278 | G10: =Step08!G10+SUM(Step08!$B10:$F10)/1000-AVERAGE(Step08!G$3:G$7)/1000 -> 1790.5749 | H10: =Step08!H10+SUM(Step08!$B10:$F10)/1000-AVERAGE(Step08!H$3:H$7)/1000 -> 1784.3169 | I10: =Step08!I10+SUM(Step08!$B10:$F10)/1000-AVERAGE(Step08!I$3:I$7)/1000 -> 1790.5604 | ... AY10: =Step08!AY10+SUM(Step08!$B10:$F10)/1000-AVERAGE(Step08!AY$3:AY$7)/1000 -> 2041.2868
A11: Banca Sannita | B11: =Step08!B11+SUM(Step08!$B11:$F11)/1000-AVERAGE(Step08!B$3:B$7)/1000 -> 1867.3827 | C11: =Step08!C11+SUM(Step08!$B11:$F11)/1000-AVERAGE(Step08!C$3:C$7)/1000 -> 1923.837 | D11: =Step08!D11+SUM(Step08!$B11:$F11)/1000-AVERAGE(Step08!D$3:D$7)/1000 -> 1881.5239 | E11: =Step08!E11+SUM(Step08!$B11:$F11)/1000-AVERAGE(Step08!E$3:E$7)/1000 -> 1894.9436 | F11: =Step08!F11+SUM(Step08!$B11:$F11)/1000-AVERAGE(Step08!F$3:F$7)/1000 -> 1919.4964 | G11: =Step08!G11+SUM(Step08!$B11:$F11)/1000-AVERAGE(Step08!G$3:G$7)/1000 -> 1958.0123 | H11: =Step08!H11+SUM(Step08!$B11:$F11)/1000-AVERAGE(Step08!H$3:H$7)/1000 -> 1954.8799 | I11: =Step08!I11+SUM(Step08!$B11:$F11)/1000-AVERAGE(Step08!I$3:I$7)/1000 -> 1901.4462 | ... AY11: =Step08!AY11+SUM(Step08!$B11:$F11)/1000-AVERAGE(Step08!AY$3:AY$7)/1000 -> 2179.2374
A12: Banca Ligure | B12: =Step08!B12+SUM(Step08!$B12:$F12)/1000-AVERAGE(Step08!B$3:B$7)/1000 -> 1971.4581 | C12: =Step08!C12+SUM(Step08!$B12:$F12)/1000-AVERAGE(Step08!C$3:C$7)/1000 -> 2048.9831 | D12: =Step08!D12+SUM(Step08!$B12:$F12)/1000-AVERAGE(Step08!D$3:D$7)/1000 -> 2040.0936 | E12: =Step08!E12+SUM(Step08!$B12:$F12)/1000-AVERAGE(Step08!E$3:E$7)/1000 -> 2067.0307 | F12: =Step08!F12+SUM(Step08!$B12:$F12)/1000-AVERAGE(Step08!F$3:F$7)/1000 -> 2007.0423 | G12: =Step08!G12+SUM(Step08!$B12:$F12)/1000-AVERAGE(Step08!G$3:G$7)/1000 -> 2090.7635 | H12: =Step08!H12+SUM(Step08!$B12:$F12)/1000-AVERAGE(Step08!H$3:H$7)/1000 -> 2078.8272 | I12: =Step08!I12+SUM(Step08!$B12:$F12)/1000-AVERAGE(Step08!I$3:I$7)/1000 -> 2078.8687 | ... AY12: =Step08!AY12+SUM(Step08!$B12:$F12)/1000-AVERAGE(Step08!AY$3:AY$7)/1000 -> 2267.883
A13: Banca Veneta | B13: =Step08!B13+SUM(Step08!$B13:$F13)/1000-AVERAGE(Step08!B$3:B$7)/1000 -> 2145.0239 | C13: =Step08!C13+SUM(Step08!$B13:$F13)/1000-AVERAGE(Step08!C$3:C$7)/1000 -> 2191.1898 | D13: =Step08!D13+SUM(Step08!$B13:$F13)/1000-AVERAGE(Step08!D$3:D$7)/1000 -> 2179.3958 | E13: =Step08!E13+SUM(Step08!$B13:$F13)/1000-AVERAGE(Step08!E$3:E$7)/1000 -> 2148.7159 | F13: =Step08!F13+SUM(Step08!$B13:$F13)/1000-AVERAGE(Step08!F$3:F$7)/1000 -> 2130.3147 | G13: =Step08!G13+SUM(Step08!$B13:$F13)/1000-AVERAGE(Step08!G$3:G$7)/1000 -> 2149.6953 | H13: =Step08!H13+SUM(Step08!$B13:$F13)/1000-AVERAGE(Step08!H$3:H$7)/1000 -> 2151.6989 | I13: =Step08!I13+SUM(Step08!$B13:$F13)/1000-AVERAGE(Step08!I$3:I$7)/1000 -> 2193.3585 | ... AY13: =Step08!AY13+SUM(Step08!$B13:$F13)/1000-AVERAGE(Step08!AY$3:AY$7)/1000 -> 2427.3615
A14: Banca Friulana | B14: =Step08!B14+SUM(Step08!$B14:$F14)/1000-AVERAGE(Step08!B$3:B$7)/1000 -> 2239.1056 | C14: =Step08!C14+SUM(Step08!$B14:$F14)/1000-AVERAGE(Step08!C$3:C$7)/1000 -> 2238.006 | D14: =Step08!D14+SUM(Step08!$B14:$F14)/1000-AVERAGE(Step08!D$3:D$7)/1000 -> 2280.5226 | E14: =Step08!E14+SUM(Step08!$B14:$F14)/1000-AVERAGE(Step08!E$3:E$7)/1000 -> 2294.676 | F14: =Step08!F14+SUM(Step08!$B14:$F14)/1000-AVERAGE(Step08!F$3:F$7)/1000 -> 2238.6976 | G14: =Step08!G14+SUM(Step08!$B14:$F14)/1000-AVERAGE(Step08!G$3:G$7)/1000 -> 2343.6408 | H14: =Step08!H14+SUM(Step08!$B14:$F14)/1000-AVERAGE(Step08!H$3:H$7)/1000 -> 2316.5226 | I14: =Step08!I14+SUM(Step08!$B14:$F14)/1000-AVERAGE(Step08!I$3:I$7)/1000 -> 2309.8819 | ... AY14: =Step08!AY14+SUM(Step08!$B14:$F14)/1000-AVERAGE(Step08!AY$3:AY$7)/1000 -> 2558.2867
... A32: Extra 10 | B32: =Step08!B32+SUM(Step08!$B32:$F32)/1000-AVERAGE(Step08!B$3:B$7)/1000 -> -1.2810991 | C32: =Step08!C32+SUM(Step08!$B32:$F32)/1000-AVERAGE(Step08!C$3:C$7)/1000 -> 3.3698341 | D32: =Step08!D32+SUM(Step08!$B32:$F32)/1000-AVERAGE(Step08!D$3:D$7)/1000 -> -1.2803872 | E32: =Step08!E32+SUM(Step08!$B32:$F32)/1000-AVERAGE(Step08!E$3:E$7)/1000 -> -1.307609 | F32: =Step08!F32+SUM(Step08!$B32:$F32)/1000-AVERAGE(Step08!F$3:F$7)/1000 -> -1.3071631 | G32: =Step08!G32+SUM(Step08!$B32:$F32)/1000-AVERAGE(Step08!G$3:G$7)/1000 -> -1.3432135 | H32: =Step08!H32+SUM(Step08!$B32:$F32)/1000-AVERAGE(Step08!H$3:H$7)/1000 -> -1.4002794 | I32: =Step08!I32+SUM(Step08!$B32:$F32)/1000-AVERAGE(Step08!I$3:I$7)/1000 -> -1.3475951 | ... AY32: =Step08!AY32+SUM(Step08!$B32:$F32)/1000-AVERAGE(Step08!AY$3:AY$7)/1000 -> -1.6113628

Sheet Step10
A1: Sheet 10
A3: Banca Alpi | B3: =IFERROR(VLOOKUP($A3,Step09!$A$3:$AY$32,COLUMN(),FALSE),0)*0.999+MAX(Step09!B3,0)*0.001 -> 899.89852 | C3: =IFERROR(VLOOKUP($A3,Step09!$A$3:$AY$32,COLUMN(),FALSE),0)*0.999+MAX(Step09!C3,0)*0.001 -> 881.22141 | D3: =IFERROR(VLOOKUP($A3,Step09!$A$3:$AY$32,COLUMN(),FALSE),0)*0.999+MAX(Step09!D3,0)*0.001 -> 875.25976 | E3: =IFERROR(VLOOKUP($A3,Step09!$A$3:$AY$32,COLUMN(),FALSE),0)*0.999+MAX(Step09!E3,0)*0.001 -> 885.76171 | F3: =IFERROR(VLOOKUP($A3,Step09!$A$3:$AY$32,COLUMN(),FALSE),0)*0.999+MAX(Step09!F3,0)*0.001 -> 882.38533 | G3: =IFERROR(VLOOKUP($A3,Step09!$A$3:$AY$32,COLUMN(),FALSE),0)*0.999+MAX(Step09!G3,0)*0.001 -> 967.98331 | H3: =IFERROR(VLOOKUP($A3,Step09!$A$3:$AY$32,COLUMN(),FALSE),0)*0.999+MAX(Step09!H3,0)*0.001 -> 969.15232 | I3: =IFERROR(VLOOKUP($A3,Step09!$A$3:$AY$32,COLUMN(),FALSE),0)*0.999+MAX(Step09!I3,0)*0.001 -> 906.63334 | ... AY3: =IFERROR(VLOOKUP($A3,Step09!$A$3:$AY$32,COLUMN(),FALSE),0)*0.999+MAX(Step09!AY3,0)*0.001 -> 1048.5778
A4: Banca Adriatica | B4: =IFERROR(VLOOKUP($A4,Step09!$A$3:$AY$32,COLUMN(),FALSE),0)*0.999+MAX(Step09!B4,0)*0.001 -> 1050.8422 | C4: =IFERROR(VLOOKUP($A4,Step09!$A$3:$AY$32,COLUMN(),FALSE),0)*0.999+MAX(Step09!C4,0)*0.001 -> 1086.9769 | D4: =IFERROR(VLOOKUP($A4,Step09!$A$3:$AY$32,COLUMN(),FALSE),0)*0.999+MAX(Step09!D4,0)*0.001 -> 1066.6717 | E4: =IFERROR(VLOOKUP($A4,Step09!$A$3:$AY$32,COLUMN(),FALSE),0)*0.999+MAX(Step09!E4,0)*0.001 -> 1072.5238 | F4: =IFERROR(VLOOKUP($A4,Step09!$A$3:$AY$32,COLUMN(),FALSE),0)*0.999+MAX(Step09!F4,0)*0.001 -> 1023.098 | G4: =IFERROR(VLOOKUP($A4,Step09!$A$3:$AY$32,COLUMN(),FALSE),0)*0.999+MAX(Step09!G4,0)*0.001 -> 1062.3879 | H4: =IFERROR(VLOOKUP($A4,Step09!$A$3:$AY$32,COLUMN(),FALSE),0)*0.999+MAX(Step09!H4,0)*0.001 -> 1095.3352 | I4: =IFERROR(VLOOKUP($A4,Step09!$A$3:$AY$32,COLUMN(),FALSE),0)*0.999+MAX(Step09!I4,0)*0.001 -> 1066.6246 | ... AY4: =IFERROR(VLOOKUP($A4,Step09!$A$3:$AY$32,COLUMN(),FALSE),0)*0.999+MAX(Step09!AY4,0)*0.001 -> 1189.6549
A5: Banca Tirrena | B5: =IFERROR(VLOOKUP($A5,Step09!$A$3:$AY$32,COLUMN(),FALSE),0)*0.999+MAX(Step09!B5,0)*0.001 -> 1176.2804 | C5: =IFERROR(VLOOKUP($A5,Step09!$A$3:$AY$32,COLUMN(),FALSE),0)*0.999+MAX(Step09!C5,0)*0.001 -> 1209.1095 | D5: =IFERROR(VLOOKUP($A5,Step09!$A$3:$AY$32,COLUMN(),FALSE),0)*0.999+MAX(Step09!D5,0)*0.001 -> 1154.5022 | E5: =IFERROR(VLOOKUP($A5,Step09!$A$3:$AY$32,COLUMN(),FALSE),0)*0.999+MAX(Step09!E5,0)*0.001 -> 1178.8564 | F5: =IFERROR(VLOOKUP($A5,Step09!$A$3:$AY$32,COLUMN(),FALSE),0)*0.999+MAX(Step09!F5,0)*0.001 -> 1173.9123 | G5: =IFERROR(VLOOKUP($A5,Step09!$A$3:$AY$32,COLUMN(),FALSE),0)*0.999+MAX(Step09!G5,0)*0.001 -> 1177.444 | H5: =IFERROR(VLOOKUP($A5,Step09!$A$3:$AY$32,COLUMN(),FALSE),0)*0.999+MAX(Step09!H5,0)*0.001 -> 1184.8139 | I5: =IFERROR(VLOOKUP($A5,Step09!$A$3:$AY$32,COLUMN(),FALSE),0)*0.999+MAX(Step09!I5,0)*0.001 -> 1212.372 | ... AY5: =IFERROR(VLOOKUP($A5,Step09!$A$3:$AY$32,COLUMN(),FALSE),0)*0.999+MAX(Step09!AY5,0)*0.001 -> 1360.4067
A6: Banca Padana | B6: =IFERROR(VLOOKUP($A6,Step09!$A$3:$AY$32,COLUMN(),FALSE),0)*0.999+MAX(Step09!B6,0)*0.001 -> 1250.4491 | C6: =IFERROR(VLOOKUP($A6,Step09!$A$3:$AY$32,COLUMN(),FALSE),0)*0.999+MAX(Step09!C6,0)*0.001 -> 1296.9467 | D6: =IFERROR(VLOOKUP($A6,Step09!$A$3:$AY$32,COLUMN(),FALSE),0)*0.999+MAX(Step09!D6,0)*0.001 -> 1265.7662 | E6: =IFERROR(VLOOKUP($A6,Step09!$A$3:$AY$32,COLUMN(),FALSE),0)*0.999+MAX(Step09!E6,0)*0.001 -> 1320.0495 | F6: =IFERROR(VLOOKUP($A6,Step09!$A$3:$AY$32,COLUMN(),FALSE),0)*0.999+MAX(Step09!F6,0)*0.001 -> 1338.9742 | G6: =IFERROR(VLOOKUP($A6,Step09!$A$3:$AY$32,COLUMN(),FALSE),0)*0.999+MAX(Step09!G6,0)*0.001 -> 1286.7984 | H6: =IFERROR(VLOOKUP($A6,Step09!$A$3:$AY$32,COLUMN(),FALSE),0)*0.999+MAX(Step09!H6,0)*0.001 -> 1337.0965 | I6: =IFERROR(VLOOKUP($A6,Step09!$A$3:$AY$32,COLUMN(),FALSE),0)*0.999+MAX(Step09!I6,0)*0.001 -> 1289.5578 | ... AY6: =IFERROR(VLOOKUP($A6,Step09!$A$3:$AY$32,COLUMN(),FALSE),0)*0.999+MAX(Step09!AY6,0)*0.001 -> 1420.9798
A7: Banca Etrusca | B7: =IFERROR(VLOOKUP($A7,Step09!$A$3:$AY$32,COLUMN(),FALSE),0)*0.999+MAX(Step09!B7,0)*0.001 -> 1387.4066 | C7: =IFERROR(VLOOKUP($A7,Step09!$A$3:$AY$32,COLUMN(),FALSE),0)*0.999+MAX(Step09!C7,0)*0.001 -> 1375.9957 | D7: =IFERROR(VLOOKUP($A7,Step09!$A$3:$AY$32,COLUMN(),FALSE),0)*0.999+MAX(Step09!D7,0)*0.001 -> 1400.7839 | E7: =IFERROR(VLOOKUP($A7,Step09!$A$3:$AY$32,COLUMN(),FALSE),0)*0.999+MAX(Step09!E7,0)*0.001 -> 1373.119 | F7: =IFERROR(VLOOKUP($A7,Step09!$A$3:$AY$32,COLUMN(),FALSE),0)*0.999+MAX(Step09!F7,0)*0.001 -> 1410.8273 | G7: =IFERROR(VLOOKUP($A7,Step09!$A$3:$AY$32,COLUMN(),FALSE),0)*0.999+MAX(Step09!G7,0)*0.001 -> 1425 | H7: =IFERROR(VLOOKUP($A7,Step09!$A$3:$AY$32,COLUMN(),FALSE),0)*0.999+MAX(Step09!H7,0)*0.001 -> 1475.6877 | I7: =IFERROR(VLOOKUP($A7,Step09!$A$3:$AY$32,COLUMN(),FALSE),0)*0.999+MAX(Step09!I7,0)*0.001 -> 1455.2383 | ... AY7: =IFERROR(VLOOKUP($A7,Step09!$A$3:$AY$32,COLUMN(),FALSE),0)*0.999+MAX(Step09!AY7,0)*0.001 -> 1569.6657
A8: Banca Lariana | B8: =IFERROR(VLOOKUP($A8,Step09!$A$3:$AY$32,COLUMN(),FALSE),0)*0.999+MAX(Step09!B8,0)*0.001 -> 1517.1587 | C8: =IFERROR(VLOOKUP($A8,Step09!$A$3:$AY$32,COLUMN(),FALSE),0)*0.999+MAX(Step09!C8,0)*0.001 -> 1486.522 | D8: =IFERROR(VLOOKUP($A8,Step09!$A$3:$AY$32,COLUMN(),FALSE),0)*0.999+MAX(Step09!D8,0)*0.001 -> 1572.1433 | E8: =IFERROR(VLOOKUP($A8,Step09!$A$3:$AY$32,COLUMN(),FALSE),0)*0.999+MAX(Step09!E8,0)*0.001 -> 1559.0108 | F8: =IFERROR(VLOOKUP($A8,Step09!$A$3:$AY$32,COLUMN(),FALSE),0)*0.999+MAX(Step09!F8,0)*0.001 -> 1506.9132 | G8: =IFERROR(VLOOKUP($A8,Step09!$A$3:$AY$32,COLUMN(),FALSE),0)*0.999+MAX(Step09!G8,0)*0.001 -> 1562.6736 | H8: =IFERROR(VLOOKUP($A8,Step09!$A$3:$AY$32,COLUMN(),FALSE),0)*0.999+MAX(Step09!H8,0)*0.001 -> 1509.321 | I8: =IFERROR(VLOOKUP($A8,Step09!$A$3:$AY$32,COLUMN(),FALSE),0)*0.999+MAX(Step09!I8,0)*0.001 -> 1577.3524 | ... AY8: =IFERROR(VLOOKUP($A8,Step09!$A$3:$AY$32,COLUMN(),FALSE),0)*0.999+MAX(Step09!AY8,0)*0.001 -> 1704.8147
A9: Banca Sabina | B9: =IFERROR(VLOOKUP($A9,Step09!$A$3:$AY$32,COLUMN(),FALSE),0)*0.999+MAX(Step09!B9,0)*0.001 -> 1684.0875 | C9: =IFERROR(VLOOKUP($A9,Step09!$A$3:$AY$32,COLUMN(),FALSE),0)*0.999+MAX(Step09!C9,0)*0.001 -> 1678.4554 | D9: =IFERROR(VLOOKUP($A9,Step09!$A$3:$AY$32,COLUMN(),FALSE),0)*0.999+MAX(Step09!D9,0)*0.001 -> 1627.2551 | E9: =IFERROR(VLOOKUP($A9,Step09!$A$3:$AY$32,COLUMN(),FALSE),0)*0.999+MAX(Step09!E9,0)*0.001 -> 1704.1792 | F9: =IFERROR(VLOOKUP($A9,Step09!$A$3:$AY$32,COLUMN(),FALSE),0)*0.999+MAX(Step09!F9,0)*0.001 -> 1647.8913 | G9: =IFERROR(VLOOKUP($A9,Step09!$A$3:$AY$32,COLUMN(),FALSE),0)*0.999+MAX(Step09!G9,0)*0.001 -> 1705.6431 | H9: =IFERROR(VLOOKUP($A9,Step09!$A$3:$AY$32,COLUMN(),FALSE),0)*0.999+MAX(Step09!H9,0)*0.001 -> 1662.2099 | I9: =IFERROR(VLOOKUP($A9,Step09!$A$3:$AY$32,COLUMN(),FALSE),0)*0.999+MAX(Step09!I9,0)*0.001 -> 1729.8493 | ... AY9: =IFERROR(VLOOKUP($A9,Step09!$A$3:$AY$32,COLUMN(),FALSE),0)*0.999+MAX(Step09!AY9,0)*0.001 -> 1884.1151
A10: Banca Irpina | B10: =IFERROR(VLOOKUP($A10,Step09!$A$3:$AY$32,COLUMN(),FALSE),0)*0.999+MAX(Step09!B10,0)*0.001 -> 1722.2162 | C10: =IFERROR(VLOOKUP($A10,Step09!$A$3:$AY$32,COLUMN(),FALSE),0)*0.999+MAX(Step09!C10,0)*0.001 -> 1811.2255 | D10: =IFERROR(VLOOKUP($A10,Step09!$A$3:$AY$32,COLUMN(),FALSE),0)*0.999+MAX(Step09!D10,0)*0.001 -> 1831.6755 | E10: =IFERROR(VLOOKUP($A10,Step09!$A$3:$AY$32,COLUMN(),FALSE),0)*0.999+MAX(Step09!E10,0)*0.001 -> 1776.1183 | F10: =IFERROR(VLOOKUP($A10,Step09!$A$3:$AY$32,COLUMN(),FALSE),0)*0.999+MAX(Step09!F10,0)*0.001 -> 1804.0278 | G10: =IFERROR(VLOOKUP($A10,Step09!$A$3:$AY$32,COLUMN(),FALSE),0)*0.999+MAX(Step09!G10,0)*0.001 -> 1790.5749 | H10: =IFERROR(VLOOKUP($A10,Step09!$A$3:$AY$32,COLUMN(),FALSE),0)*0.999+MAX(Step09!H10,0)*0.001 -> 1784.3169 | I10: =IFERROR(VLOOKUP($A10,Step09!$A$3:$AY$32,COLUMN(),FALSE),0)*0.999+MAX(Step09!I10,0)*0.001 -> 1790.5604 | ... AY10: =IFERROR(VLOOKUP($A10,Step09!$A$3:$AY$32,COLUMN(),FALSE),0)*0.999+MAX(Step09!AY10,0)*0.001 -> 2041.2868
A11: Banca Sannita | B11: =IFERROR(VLOOKUP($A11,Step09!$A$3:$AY$32,COLUMN(),FALSE),0)*0.999+MAX(Step09!B11,0)*0.001 -> 1867.3827 | C11: =IFERROR(VLOOKUP($A11,Step09!$A$3:$AY$32,COLUMN(),FALSE),0)*0.999+MAX(Step09!C11,0)*0.001 -> 1923.837 | D11: =IFERROR(VLOOKUP($A11,Step09!$A$3:$AY$32,COLUMN(),FALSE),0)*0.999+MAX(Step09!D11,0)*0.001 -> 1881.5239 | E11: =IFERROR(VLOOKUP($A11,Step09!$A$3:$AY$32,COLUMN(),FALSE),0)*0.999+MAX(Step09!E11,0)*0.001 -> 1894.9436 | F11: =IFERROR(VLOOKUP($A11,Step09!$A$3:$AY$32,COLUMN(),FALSE),0)*0.999+MAX(Step09!F11,0)*0.001 -> 1919.4964 | G11: =IFERROR(VLOOKUP($A11,Step09!$A$3:$AY$32,COLUMN(),FALSE),0)*0.999+MAX(Step09!G11,0)*0.001 -> 1958.0123 | H11: =IFERROR(VLOOKUP($A11,Step09!$A$3:$AY$32,COLUMN(),FALSE),0)*0.999+MAX(Step09!H11,0)*0.001 -> 1954.8799 | I11: =IFERROR(VLOOKUP($A11,Step09!$A$3:$AY$32,COLUMN(),FALSE),0)*0.999+MAX(Step09!I11,0)*0.001 -> 1901.4462 | ... AY11: =IFERROR(VLOOKUP($A11,Step09!$A$3:$AY$32,COLUMN(),FALSE),0)*0.999+MAX(Step09!AY11,0)*0.001 -> 2179.2374
A12: Banca Ligure | B12: =IFERROR(VLOOKUP($A12,Step09!$A$3:$AY$32,COLUMN(),FALSE),0)*0.999+MAX(Step09!B12,0)*0.001 -> 1971.4581 | C12: =IFERROR(VLOOKUP($A12,Step09!$A$3:$AY$32,COLUMN(),FALSE),0)*0.999+MAX(Step09!C12,0)*0.001 -> 2048.9831 | D12: =IFERROR(VLOOKUP($A12,Step09!$A$3:$AY$32,COLUMN(),FALSE),0)*0.999+MAX(Step09!D12,0)*0.001 -> 2040.0936 | E12: =IFERROR(VLOOKUP($A12,Step09!$A$3:$AY$32,COLUMN(),FALSE),0)*0.999+MAX(Step09!E12,0)*0.001 -> 2067.0307 | F12: =IFERROR(VLOOKUP($A12,Step09!$A$3:$AY$32,COLUMN(),FALSE),0)*0.999+MAX(Step09!F12,0)*0.001 -> 2007.0423 | G12: =IFERROR(VLOOKUP($A12,Step09!$A$3:$AY$32,COLUMN(),FALSE),0)*0.999+MAX(Step09!G12,0)*0.001 -> 2090.7635 | H12: =IFERROR(VLOOKUP($A12,Step09!$A$3:$AY$32,COLUMN(),FALSE),0)*0.999+MAX(Step09!H12,0)*0.001 -> 2078.8272 | I12: =IFERROR(VLOOKUP($A12,Step09!$A$3:$AY$32,COLUMN(),FALSE),0)*0.999+MAX(Step09!I12,0)*0.001 -> 2078.8687 | ... AY12: =IFERROR(VLOOKUP($A12,Step09!$A$3:$AY$32,COLUMN(),FALSE),0)*0.999+MAX(Step09!AY12,0)*0.001 -> 2267.883
A13: Banca Veneta | B13: =IFERROR(VLOOKUP($A13,Step09!$A$3:$AY$32,COLUMN(),FALSE),0)*0.999+MAX(Step09!B13,0)*0.001 -> 2145.0239 | C13: =IFERROR(VLOOKUP($A13,Step09!$A$3:$AY$32,COLUMN(),FALSE),0)*0.999+MAX(Step09!C13,0)*0.001 -> 2191.1898 | D13: =IFERROR(VLOOKUP($A13,Step09!$A$3:$AY$32,COLUMN(),FALSE),0)*0.999+MAX(Step09!D13,0)*0.001 -> 2179.3958 | E13: =IFERROR(VLOOKUP($A13,Step09!$A$3:$AY$32,COLUMN(),FALSE),0)*0.999+MAX(Step09!E13,0)*0.001 -> 2148.7159 | F13: =IFERROR(VLOOKUP($A13,Step09!$A$3:$AY$32,COLUMN(),FALSE),0)*0.999+MAX(Step09!F13,0)*0.001 -> 2130.3147 | G13: =IFERROR(VLOOKUP($A13,Step09!$A$3:$AY$32,COLUMN(),FALSE),0)*0.999+MAX(Step09!G13,0)*0.001 -> 2149.6953 | H13: =IFERROR(VLOOKUP($A13,Step09!$A$3:$AY$32,COLUMN(),FALSE),0)*0.999+MAX(Step09!H13,0)*0.001 -> 2151.6989 | I13: =IFERROR(VLOOKUP($A13,Step09!$A$3:$AY$32,COLUMN(),FALSE),0)*0.999+MAX(Step09!I13,0)*0.001 -> 2193.3585 | ... AY13: =IFERROR(VLOOKUP($A13,Step09!$A$3:$AY$32,COLUMN(),FALSE),0)*0.999+MAX(Step09!AY13,0)*0.001 -> 2427.3615
A14: Banca Friulana | B14: =IFERROR(VLOOKUP($A14,Step09!$A$3:$AY$32,COLUMN(),FALSE),0)*0.999+MAX(Step09!B14,0)*0.001 -> 2239.1056 | C14: =IFERROR(VLOOKUP($A14,Step09!$A$3:$AY$32,COLUMN(),FALSE),0)*0.999+MAX(Step09!C14,0)*0.001 -> 2238.006 | D14: =IFERROR(VLOOKUP($A14,Step09!$A$3:$AY$32,COLUMN(),FALSE),0)*0.999+MAX(Step09!D14,0)*0.001 -> 2280.5226 | E14: =IFERROR(VLOOKUP($A14,Step09!$A$3:$AY$32,COLUMN(),FALSE),0)*0.999+MAX(Step09!E14,0)*0.001 -> 2294.676 | F14: =IFERROR(VLOOKUP($A14,Step09!$A$3:$AY$32,COLUMN(),FALSE),0)*0.999+MAX(Step09!F14,0)*0.001 -> 2238.6976 | G14: =IFERROR(VLOOKUP($A14,Step09!$A$3:$AY$32,COLUMN(),FALSE),0)*0.999+MAX(Step09!G14,0)*0.001 -> 2343.6408 | H14: =IFERROR(VLOOKUP($A14,Step09!$A$3:$AY$32,COLUMN(),FALSE),0)*0.999+MAX(Step09!H14,0)*0.001 -> 2316.5226 | I14: =IFERROR(VLOOKUP($A14,Step09!$A$3:$AY$32,COLUMN(),FALSE),0)*0.999+MAX(Step09!I14,0)*0.001 -> 2309.8819 | ... AY14: =IFERROR(VLOOKUP($A14,Step09!$A$3:$AY$32,COLUMN(),FALSE),0)*0.999+MAX(Step09!AY14,0)*0.001 -> 2558.2867
... A32: Extra 10 | B32: =IFERROR(VLOOKUP($A32,Step09!$A$3:$AY$32,COLUMN(),FALSE),0)*0.999+MAX(Step09!B32,0)*0.001 -> -1.279818 | C32: =IFERROR(VLOOKUP($A32,Step09!$A$3:$AY$32,COLUMN(),FALSE),0)*0.999+MAX(Step09!C32,0)*0.001 -> 3.3698341 | D32: =IFERROR(VLOOKUP($A32,Step09!$A$3:$AY$32,COLUMN(),FALSE),0)*0.999+MAX(Step09!D32,0)*0.001 -> -1.2791068 | E32: =IFERROR(VLOOKUP($A32,Step09!$A$3:$AY$32,COLUMN(),FALSE),0)*0.999+MAX(Step09!E32,0)*0.001 -> -1.3063014 | F32: =IFERROR(VLOOKUP($A32,Step09!$A$3:$AY$32,COLUMN(),FALSE),0)*0.999+MAX(Step09!F32,0)*0.001 -> -1.3058559 | G32: =IFERROR(VLOOKUP($A32,Step09!$A$3:$AY$32,COLUMN(),FALSE),0)*0.999+MAX(Step09!G32,0)*0.001 -> -1.3418703 | H32: =IFERROR(VLOOKUP($A32,Step09!$A$3:$AY$32,COLUMN(),FALSE),0)*0.999+MAX(Step09!H32,0)*0.001 -> -1.3988791 | I32: =IFERROR(VLOOKUP($A32,Step09!$A$3:$AY$32,COLUMN(),FALSE),0)*0.999+MAX(Step09!I32,0)*0.001 -> -1.3462475 | ... AY32: =IFERROR(VLOOKUP($A32,Step09!$A$3:$AY$32,COLUMN(),FALSE),0)*0.999+MAX(Step09!AY32,0)*0.001 -> -1.6097514

Sheet Step11
A1: Sheet 11
A3: Banca Alpi | B3: {=Step10!B3*(1+Control!$B$3/12)+IF(MOD(ROW()+COLUMN(),7)=0,INDEX(Base!$B$3:$BA$22,MOD(ROW(),20)+1,MOD(COLUMN(),52)+1)*0.001,0)} -> 902.14827 | C3: {=Step10!C3*(1+Control!$B$3/12)+IF(MOD(ROW()+COLUMN(),7)=0,INDEX(Base!$B$3:$BA$22,MOD(ROW(),20)+1,MOD(COLUMN(),52)+1)*0.001,0)} -> 883.42447 | D3: {=Step10!D3*(1+Control!$B$3/12)+IF(MOD(ROW()+COLUMN(),7)=0,INDEX(Base!$B$3:$BA$22,MOD(ROW(),20)+1,MOD(COLUMN(),52)+1)*0.001,0)} -> 878.76948 | E3: {=Step10!E3*(1+Control!$B$3/12)+IF(MOD(ROW()+COLUMN(),7)=0,INDEX(Base!$B$3:$BA$22,MOD(ROW(),20)+1,MOD(COLUMN(),52)+1)*0.001,0)} -> 887.97611 | F3: {=Step10!F3*(1+Control!$B$3/12)+IF(MOD(ROW()+COLUMN(),7)=0,INDEX(Base!$B$3:$BA$22,MOD(ROW(),20)+1,MOD(COLUMN(),52)+1)*0.001,0)} -> 884.5913 | G3: {=Step10!G3*(1+Control!$B$3/12)+IF(MOD(ROW()+COLUMN(),7)=0,INDEX(Base!$B$3:$BA$22,MOD(ROW(),20)+1,MOD(COLUMN(),52)+1)*0.001,0)} -> 970.40327 | H3: {=Step10!H3*(1+Control!$B$3/12)+IF(MOD(ROW()+COLUMN(),7)=0,INDEX(Base!$B$3:$BA$22,MOD(ROW(),20)+1,MOD(COLUMN(),52)+1)*0.001,0)} -> 971.5752 | I3: {=Step10!I3*(1+Control!$B$3/12)+IF(MOD(ROW()+COLUMN(),7)=0,INDEX(Base!$B$3:$BA$22,MOD(ROW(),20)+1,MOD(COLUMN(),52)+1)*0.001,0)} -> 908.89993 | ... AY3: {=Step10!AY3*(1+Control!$B$3/12)+IF(MOD(ROW()+COLUMN(),7)=0,INDEX(Base!$B$3:$BA$22,MOD(ROW(),20)+1,MOD(COLUMN(),52)+1)*0.001,0)} -> 1051.1993
A4: Banca Adriatica | B4: {=Step10!B4*(1+Control!$B$3/12)+IF(MOD(ROW()+COLUMN(),7)=0,INDEX(Base!$B$3:$BA$22,MOD(ROW(),20)+1,MOD(COLUMN(),52)+1)*0.001,0)} -> 1053.4693 | C4: {=Step10!C4*(1+Control!$B$3/12)+IF(MOD(ROW()+COLUMN(),7)=0,INDEX(Base!$B$3:$BA$22,MOD(ROW(),20)+1,MOD(COLUMN(),52)+1)*0.001,0)} -> 1091.0488 | D4: {=Step10!D4*(1+Control!$B$3/12)+IF(MOD(ROW()+COLUMN(),7)=0,INDEX(Base!$B$3:$BA$22,MOD(ROW(),20)+1,MOD(COLUMN(),52)+1)*0.001,0)} -> 1069.3384 | E4: {=Step10!E4*(1+Control!$B$3/12)+IF(MOD(ROW()+COLUMN(),7)=0,INDEX(Base!$B$3:$BA$22,MOD(ROW(),20)+1,MOD(COLUMN(),52)+1)*0.001,0)} -> 1075.2051 | F4: {=Step10!F4*(1+Control!$B$3/12)+IF(MOD(ROW()+COLUMN(),7)=0,INDEX(Base!$B$3:$BA$22,MOD(ROW(),20)+1,MOD(COLUMN(),52)+1)*0.001,0)} -> 1025.6558 | G4: {=Step10!G4*(1+Control!$B$3/12)+IF(MOD(ROW()+COLUMN(),7)=0,INDEX(Base!$B$3:$BA$22,MOD(ROW(),20)+1,MOD(COLUMN(),52)+1)*0.001,0)} -> 1065.0438 | H4: {=Step10!H4*(1+Control!$B$3/12)+IF(MOD(ROW()+COLUMN(),7)=0,INDEX(Base!$B$3:$BA$22,MOD(ROW(),20)+1,MOD(COLUMN(),52)+1)*0.001,0)} -> 1098.0735 | I4: {=Step10!I4*(1+Control!$B$3/12)+IF(MOD(ROW()+COLUMN(),7)=0,INDEX(Base!$B$3:$BA$22,MOD(ROW(),20)+1,MOD(COLUMN(),52)+1)*0.001,0)} -> 1069.2912 | ... AY4: {=Step10!AY4*(1+Control!$B$3/12)+IF(MOD(ROW()+COLUMN(),7)=0,INDEX(Base!$B$3:$BA$22,MOD(ROW(),20)+1,MOD(COLUMN(),52)+1)*0.001,0)} -> 1192.629
A5: Banca Tirrena | B5: {=Step10!B5*(1+Control!$B$3/12)+IF(MOD(ROW()+COLUMN(),7)=0,INDEX(Base!$B$3:$BA$22,MOD(ROW(),20)+1,MOD(COLUMN(),52)+1)*0.001,0)} -> 1180.772 | C5: {=Step10!C5*(1+Control!$B$3/12)+IF(MOD(ROW()+COLUMN(),7)=0,INDEX(Base!$B$3:$BA$22,MOD(ROW(),20)+1,MOD(COLUMN(),52)+1)*0.001,0)} -> 1212.1322 | D5: {=Step10!D5*(1+Control!$B$3/12)+IF(MOD(ROW()+COLUMN(),7)=0,INDEX(Base!$B$3:$BA$22,MOD(ROW(),20)+1,MOD(COLUMN(),52)+1)*0.001,0)} -> 1157.3885 | E5: {=Step10!E5*(1+Control!$B$3/12)+IF(MOD(ROW()+COLUMN(),7)=0,INDEX(Base!$B$3:$BA$22,MOD(ROW(),20)+1,MOD(COLUMN(),52)+1)*0.001,0)} -> 1181.8036 | F5: {=Step10!F5*(1+Control!$B$3/12)+IF(MOD(ROW()+COLUMN(),7)=0,INDEX(Base!$B$3:$BA$22,MOD(ROW(),20)+1,MOD(COLUMN(),52)+1)*0.001,0)} -> 1176.847 | G5: {=Step10!G5*(1+Control!$B$3/12)+IF(MOD(ROW()+COLUMN(),7)=0,INDEX(Base!$B$3:$BA$22,MOD(ROW(),20)+1,MOD(COLUMN(),52)+1)*0.001,0)} -> 1180.3876 | H5: {=Step10!H5*(1+Control!$B$3/12)+IF(MOD(ROW()+COLUMN(),7)=0,INDEX(Base!$B$3:$BA$22,MOD(ROW(),20)+1,MOD(COLUMN(),52)+1)*0.001,0)} -> 1187.7759 | I5: {=Step10!I5*(1+Control!$B$3/12)+IF(MOD(ROW()+COLUMN(),7)=0,INDEX(Base!$B$3:$BA$22,MOD(ROW(),20)+1,MOD(COLUMN(),52)+1)*0.001,0)} -> 1216.9027 | ... AY5: {=Step10!AY5*(1+Control!$B$3/12)+IF(MOD(ROW()+COLUMN(),7)=0,INDEX(Base!$B$3:$BA$22,MOD(ROW(),20)+1,MOD(COLUMN(),52)+1)*0.001,0)} -> 1365.5082
A6: Banca Padana | B6: {=Step10!B6*(1+Control!$B$3/12)+IF(MOD(ROW()+COLUMN(),7)=0,INDEX(Base!$B$3:$BA$22,MOD(ROW(),20)+1,MOD(COLUMN(),52)+1)*0.001,0)} -> 1253.5753 | C6: {=Step10!C6*(1+Control!$B$3/12)+IF(MOD(ROW()+COLUMN(),7)=0,INDEX(Base!$B$3:$BA$22,MOD(ROW(),20)+1,MOD(COLUMN(),52)+1)*0.001,0)} -> 1300.1891 | D6: {=Step10!D6*(1+Control!$B$3/12)+IF(MOD(ROW()+COLUMN(),7)=0,INDEX(Base!$B$3:$BA$22,MOD(ROW(),20)+1,MOD(COLUMN(),52)+1)*0.001,0)} -> 1268.9306 | E6: {=Step10!E6*(1+Control!$B$3/12)+IF(MOD(ROW()+COLUMN(),7)=0,INDEX(Base!$B$3:$BA$22,MOD(ROW(),20)+1,MOD(COLUMN(),52)+1)*0.001,0)} -> 1323.3496 | F6: {=Step10!F6*(1+Control!$B$3/12)+IF(MOD(ROW()+COLUMN(),7)=0,INDEX(Base!$B$3:$BA$22,MOD(ROW(),20)+1,MOD(COLUMN(),52)+1)*0.001,0)} -> 1342.3216 | G6: {=Step10!G6*(1+Control!$B$3/12)+IF(MOD(ROW()+COLUMN(),7)=0,INDEX(Base!$B$3:$BA$22,MOD(ROW(),20)+1,MOD(COLUMN(),52)+1)*0.001,0)} -> 1290.0154 | H6: {=Step10!H6*(1+Control!$B$3/12)+IF(MOD(ROW()+COLUMN(),7)=0,INDEX(Base!$B$3:$BA$22,MOD(ROW(),20)+1,MOD(COLUMN(),52)+1)*0.001,0)} -> 1342.1026 | I6: {=Step10!I6*(1+Control!$B$3/12)+IF(MOD(ROW()+COLUMN(),7)=0,INDEX(Base!$B$3:$BA$22,MOD(ROW(),20)+1,MOD(COLUMN(),52)+1)*0.001,0)} -> 1292.7817 | ... AY6: {=Step10!AY6*(1+Control!$B$3/12)+IF(MOD(ROW()+COLUMN(),7)=0,INDEX(Base!$B$3:$BA$22,MOD(ROW(),20)+1,MOD(COLUMN(),52)+1)*0.001,0)} -> 1424.5323
A7: Banca Etrusca | B7: {=Step10!B7*(1+Control!$B$3/12)+IF(MOD(ROW()+COLUMN(),7)=0,INDEX(Base!$B$3:$BA$22,MOD(ROW(),20)+1,MOD(COLUMN(),52)+1)*0.001,0)} -> 1390.8751 | C7: {=Step10!C7*(1+Control!$B$3/12)+IF(MOD(ROW()+COLUMN(),7)=0,INDEX(Base!$B$3:$BA$22,MOD(ROW(),20)+1,MOD(COLUMN(),52)+1)*0.001,0)} -> 1379.4357 | D7: {=Step10!D7*(1+Control!$B$3/12)+IF(MOD(ROW()+COLUMN(),7)=0,INDEX(Base!$B$3:$BA$22,MOD(ROW(),20)+1,MOD(COLUMN(),52)+1)*0.001,0)} -> 1404.2859 | E7: {=Step10!E7*(1+Control!$B$3/12)+IF(MOD(ROW()+COLUMN(),7)=0,INDEX(Base!$B$3:$BA$22,MOD(ROW(),20)+1,MOD(COLUMN(),52)+1)*0.001,0)} -> 1376.5518 | F7: {=Step10!F7*(1+Control!$B$3/12)+IF(MOD(ROW()+COLUMN(),7)=0,INDEX(Base!$B$3:$BA$22,MOD(ROW(),20)+1,MOD(COLUMN(),52)+1)*0.001,0)} -> 1414.3544 | G7: {=Step10!G7*(1+Control!$B$3/12)+IF(MOD(ROW()+COLUMN(),7)=0,INDEX(Base!$B$3:$BA$22,MOD(ROW(),20)+1,MOD(COLUMN(),52)+1)*0.001,0)} -> 1430.3281 | H7: {=Step10!H7*(1+Control!$B$3/12)+IF(MOD(ROW()+COLUMN(),7)=0,INDEX(Base!$B$3:$BA$22,MOD(ROW(),20)+1,MOD(COLUMN(),52)+1)*0.001,0)} -> 1479.3769 | I7: {=Step10!I7*(1+Control!$B$3/12)+IF(MOD(ROW()+COLUMN(),7)=0,INDEX(Base!$B$3:$BA$22,MOD(ROW(),20)+1,MOD(COLUMN(),52)+1)*0.001,0)} -> 1458.8764 | ... AY7: {=Step10!AY7*(1+Control!$B$3/12)+IF(MOD(ROW()+COLUMN(),7)=0,INDEX(Base!$B$3:$BA$22,MOD(ROW(),20)+1,MOD(COLUMN(),52)+1)*0.001,0)} -> 1573.5899
A8: Banca Lariana | B8: {=Step10!B8*(1+Control!$B$3/12)+IF(MOD(ROW()+COLUMN(),7)=0,INDEX(Base!$B$3:$BA$22,MOD(ROW(),20)+1,MOD(COLUMN(),52)+1)*0.001,0)} -> 1520.9516 | C8: {=Step10!C8*(1+Control!$B$3/12)+IF(MOD(ROW()+COLUMN(),7)=0,INDEX(Base!$B$3:$BA$22,MOD(ROW(),20)+1,MOD(COLUMN(),52)+1)*0.001,0)} -> 1490.2384 | D8: {=Step10!D8*(1+Control!$B$3/12)+IF(MOD(ROW()+COLUMN(),7)=0,INDEX(Base!$B$3:$BA$22,MOD(ROW(),20)+1,MOD(COLUMN(),52)+1)*0.001,0)} -> 1576.0737 | E8: {=Step10!E8*(1+Control!$B$3/12)+IF(MOD(ROW()+COLUMN(),7)=0,INDEX(Base!$B$3:$BA$22,MOD(ROW(),20)+1,MOD(COLUMN(),52)+1)*0.001,0)} -> 1562.9083 | F8: {=Step10!F8*(1+Control!$B$3/12)+IF(MOD(ROW()+COLUMN(),7)=0,INDEX(Base!$B$3:$BA$22,MOD(ROW(),20)+1,MOD(COLUMN(),52)+1)*0.001,0)} -> 1512.6084 | G8: {=Step10!G8*(1+Control!$B$3/12)+IF(MOD(ROW()+COLUMN(),7)=0,INDEX(Base!$B$3:$BA$22,MOD(ROW(),20)+1,MOD(COLUMN(),52)+1)*0.001,0)} -> 1566.5803 | H8: {=Step10!H8*(1+Control!$B$3/12)+IF(MOD(ROW()+COLUMN(),7)=0,INDEX(Base!$B$3:$BA$22,MOD(ROW(),20)+1,MOD(COLUMN(),52)+1)*0.001,0)} -> 1513.0943 | I8: {=Step10!I8*(1+Control!$B$3/12)+IF(MOD(ROW()+COLUMN(),7)=0,INDEX(Base!$B$3:$BA$22,MOD(ROW(),20)+1,MOD(COLUMN(),52)+1)*0.001,0)} -> 1581.2958 | ... AY8: {=Step10!AY8*(1+Control!$B$3/12)+IF(MOD(ROW()+COLUMN(),7)=0,INDEX(Base!$B$3:$BA$22,MOD(ROW(),20)+1,MOD(COLUMN(),52)+1)*0.001,0)} -> 1709.0768
A9: Banca Sabina | B9: {=Step10!B9*(1+Control!$B$3/12)+IF(MOD(ROW()+COLUMN(),7)=0,INDEX(Base!$B$3:$BA$22,MOD(ROW(),20)+1,MOD(COLUMN(),52)+1)*0.001,0)} -> 1688.2977 | C9: {=Step10!C9*(1+Control!$B$3/12)+IF(MOD(ROW()+COLUMN(),7)=0,INDEX(Base!$B$3:$BA$22,MOD(ROW(),20)+1,MOD(COLUMN(),52)+1)*0.001,0)} -> 1682.6515 | D9: {=Step10!D9*(1+Control!$B$3/12)+IF(MOD(ROW()+COLUMN(),7)=0,INDEX(Base!$B$3:$BA$22,MOD(ROW(),20)+1,MOD(COLUMN(),52)+1)*0.001,0)} -> 1631.3233 | E9: {=Step10!E9*(1+Control!$B$3/12)+IF(MOD(ROW()+COLUMN(),7)=0,INDEX(Base!$B$3:$BA$22,MOD(ROW(),20)+1,MOD(COLUMN(),52)+1)*0.001,0)} -> 1710.5014 | F9: {=Step10!F9*(1+Control!$B$3/12)+IF(MOD(ROW()+COLUMN(),7)=0,INDEX(Base!$B$3:$BA$22,MOD(ROW(),20)+1,MOD(COLUMN(),52)+1)*0.001,0)} -> 1652.011 | G9: {=Step10!G9*(1+Control!$B$3/12)+IF(MOD(ROW()+COLUMN(),7)=0,INDEX(Base!$B$3:$BA$22,MOD(ROW(),20)+1,MOD(COLUMN(),52)+1)*0.001,0)} -> 1709.9072 | H9: {=Step10!H9*(1+Control!$B$3/12)+IF(MOD(ROW()+COLUMN(),7)=0,INDEX(Base!$B$3:$BA$22,MOD(ROW(),20)+1,MOD(COLUMN(),52)+1)*0.001,0)} -> 1666.3654 | I9: {=Step10!I9*(1+Control!$B$3/12)+IF(MOD(ROW()+COLUMN(),7)=0,INDEX(Base!$B$3:$BA$22,MOD(ROW(),20)+1,MOD(COLUMN(),52)+1)*0.001,0)} -> 1734.1739 | ... AY9: {=Step10!AY9*(1+Control!$B$3/12)+IF(MOD(ROW()+COLUMN(),7)=0,INDEX(Base!$B$3:$BA$22,MOD(ROW(),20)+1,MOD(COLUMN(),52)+1)*0.001,0)} -> 1888.8254
A10: Banca Irpina | B10: {=Step10!B10*(1+Control!$B$3/12)+IF(MOD(ROW()+COLUMN(),7)=0,INDEX(Base!$B$3:$BA$22,MOD(ROW(),20)+1,MOD(COLUMN(),52)+1)*0.001,0)} -> 1726.5217 | C10: {=Step10!C10*(1+Control!$B$3/12)+IF(MOD(ROW()+COLUMN(),7)=0,INDEX(Base!$B$3:$BA$22,MOD(ROW(),20)+1,MOD(COLUMN(),52)+1)*0.001,0)} -> 1815.7536 | D10: {=Step10!D10*(1+Control!$B$3/12)+IF(MOD(ROW()+COLUMN(),7)=0,INDEX(Base!$B$3:$BA$22,MOD(ROW(),20)+1,MOD(COLUMN(),52)+1)*0.001,0)} -> 1838.3543 | E10: {=Step10!E10*(1+Control!$B$3/12)+IF(MOD(ROW()+COLUMN(),7)=0,INDEX(Base!$B$3:$BA$22,MOD(ROW(),20)+1,MOD(COLUMN(),52)+1)*0.001,0)} -> 1780.5586 | F10: {=Step10!F10*(1+Control!$B$3/12)+IF(MOD(ROW()+COLUMN(),7)=0,INDEX(Base!$B$3:$BA$22,MOD(ROW(),20)+1,MOD(COLUMN(),52)+1)*0.001,0)} -> 1808.5378 | G10: {=Step10!G10*(1+Control!$B$3/12)+IF(MOD(ROW()+COLUMN(),7)=0,INDEX(Base!$B$3:$BA$22,MOD(ROW(),20)+1,MOD(COLUMN(),52)+1)*0.001,0)} -> 1795.0513 | H10: {=Step10!H10*(1+Control!$B$3/12)+IF(MOD(ROW()+COLUMN(),7)=0,INDEX(Base!$B$3:$BA$22,MOD(ROW(),20)+1,MOD(COLUMN(),52)+1)*0.001,0)} -> 1788.7777 | I10: {=Step10!I10*(1+Control!$B$3/12)+IF(MOD(ROW()+COLUMN(),7)=0,INDEX(Base!$B$3:$BA$22,MOD(ROW(),20)+1,MOD(COLUMN(),52)+1)*0.001,0)} -> 1795.0368 | ... AY10: {=Step10!AY10*(1+Control!$B$3/12)+IF(MOD(ROW()+COLUMN(),7)=0,INDEX(Base!$B$3:$BA$22,MOD(ROW(),20)+1,MOD(COLUMN(),52)+1)*0.001,0)} -> 2046.39
A11: Banca Sannita | B11: {=Step10!B11*(1+Control!$B$3/12)+IF(MOD(ROW()+COLUMN(),7)=0,INDEX(Base!$B$3:$BA$22,MOD(ROW(),20)+1,MOD(COLUMN(),52)+1)*0.001,0)} -> 1872.0512 | C11: {=Step10!C11*(1+Control!$B$3/12)+IF(MOD(ROW()+COLUMN(),7)=0,INDEX(Base!$B$3:$BA$22,MOD(ROW(),20)+1,MOD(COLUMN(),52)+1)*0.001,0)} -> 1930.9086 | D11: {=Step10!D11*(1+Control!$B$3/12)+IF(MOD(ROW()+COLUMN(),7)=0,INDEX(Base!$B$3:$BA$22,MOD(ROW(),20)+1,MOD(COLUMN(),52)+1)*0.001,0)} -> 1886.2277 | E11: {=Step10!E11*(1+Control!$B$3/12)+IF(MOD(ROW()+COLUMN(),7)=0,INDEX(Base!$B$3:$BA$22,MOD(ROW(),20)+1,MOD(COLUMN(),52)+1)*0.001,0)} -> 1899.681 | F11: {=Step10!F11*(1+Control!$B$3/12)+IF(MOD(ROW()+COLUMN(),7)=0,INDEX(Base!$B$3:$BA$22,MOD(ROW(),20)+1,MOD(COLUMN(),52)+1)*0.001,0)} -> 1924.2951 | G11: {=Step10!G11*(1+Control!$B$3/12)+IF(MOD(ROW()+COLUMN(),7)=0,INDEX(Base!$B$3:$BA$22,MOD(ROW(),20)+1,MOD(COLUMN(),52)+1)*0.001,0)} -> 1962.9074 | H11: {=Step10!H11*(1+Control!$B$3/12)+IF(MOD(ROW()+COLUMN(),7)=0,INDEX(Base!$B$3:$BA$22,MOD(ROW(),20)+1,MOD(COLUMN(),52)+1)*0.001,0)} -> 1959.7671 | I11: {=Step10!I11*(1+Control!$B$3/12)+IF(MOD(ROW()+COLUMN(),7)=0,INDEX(Base!$B$3:$BA$22,MOD(ROW(),20)+1,MOD(COLUMN(),52)+1)*0.001,0)} -> 1906.1998 | ... AY11: {=Step10!AY11*(1+Control!$B$3/12)+IF(MOD(ROW()+COLUMN(),7)=0,INDEX(Base!$B$3:$BA$22,MOD(ROW(),20)+1,MOD(COLUMN(),52)+1)*0.001,0)} -> 2184.6855
A12: Banca Ligure | B12: {=Step10!B12*(1+Control!$B$3/12)+IF(MOD(ROW()+COLUMN(),7)=0,INDEX(Base!$B$3:$BA$22,MOD(ROW(),20)+1,MOD(COLUMN(),52)+1)*0.001,0)} -> 1978.6989 | C12: {=Step10!C12*(1+Control!$B$3/12)+IF(MOD(ROW()+COLUMN(),7)=0,INDEX(Base!$B$3:$BA$22,MOD(ROW(),20)+1,MOD(COLUMN(),52)+1)*0.001,0)} -> 2054.1056 | D12: {=Step10!D12*(1+Control!$B$3/12)+IF(MOD(ROW()+COLUMN(),7)=0,INDEX(Base!$B$3:$BA$22,MOD(ROW(),20)+1,MOD(COLUMN(),52)+1)*0.001,0)} -> 2045.1939 | E12: {=Step10!E12*(1+Control!$B$3/12)+IF(MOD(ROW()+COLUMN(),7)=0,INDEX(Base!$B$3:$BA$22,MOD(ROW(),20)+1,MOD(COLUMN(),52)+1)*0.001,0)} -> 2072.1983 | F12: {=Step10!F12*(1+Control!$B$3/12)+IF(MOD(ROW()+COLUMN(),7)=0,INDEX(Base!$B$3:$BA$22,MOD(ROW(),20)+1,MOD(COLUMN(),52)+1)*0.001,0)} -> 2012.0599 | G12: {=Step10!G12*(1+Control!$B$3/12)+IF(MOD(ROW()+COLUMN(),7)=0,INDEX(Base!$B$3:$BA$22,MOD(ROW(),20)+1,MOD(COLUMN(),52)+1)*0.001,0)} -> 2095.9904 | H12: {=Step10!H12*(1+Control!$B$3/12)+IF(MOD(ROW()+COLUMN(),7)=0,INDEX(Base!$B$3:$BA$22,MOD(ROW(),20)+1,MOD(COLUMN(),52)+1)*0.001,0)} -> 2084.0243 | I12: {=Step10!I12*(1+Control!$B$3/12)+IF(MOD(ROW()+COLUMN(),7)=0,INDEX(Base!$B$3:$BA$22,MOD(ROW(),20)+1,MOD(COLUMN(),52)+1)*0.001,0)} -> 2086.4643 | ... AY12: {=Step10!AY12*(1+Control!$B$3/12)+IF(MOD(ROW()+COLUMN(),7)=0,INDEX(Base!$B$3:$BA$22,MOD(ROW(),20)+1,MOD(COLUMN(),52)+1)*0.001,0)} -> 2276.27
A13: Banca Veneta | B13: {=Step10!B13*(1+Control!$B$3/12)+IF(MOD(ROW()+COLUMN(),7)=0,INDEX(Base!$B$3:$BA$22,MOD(ROW(),20)+1,MOD(COLUMN(),52)+1)*0.001,0)} -> 2150.3865 | C13: {=Step10!C13*(1+Control!$B$3/12)+IF(MOD(ROW()+COLUMN(),7)=0,INDEX(Base!$B$3:$BA$22,MOD(ROW(),20)+1,MOD(COLUMN(),52)+1)*0.001,0)} -> 2196.6678 | D13: {=Step10!D13*(1+Control!$B$3/12)+IF(MOD(ROW()+COLUMN(),7)=0,INDEX(Base!$B$3:$BA$22,MOD(ROW(),20)+1,MOD(COLUMN(),52)+1)*0.001,0)} -> 2184.8443 | E13: {=Step10!E13*(1+Control!$B$3/12)+IF(MOD(ROW()+COLUMN(),7)=0,INDEX(Base!$B$3:$BA$22,MOD(ROW(),20)+1,MOD(COLUMN(),52)+1)*0.001,0)} -> 2154.0877 | F13: {=Step10!F13*(1+Control!$B$3/12)+IF(MOD(ROW()+COLUMN(),7)=0,INDEX(Base!$B$3:$BA$22,MOD(ROW(),20)+1,MOD(COLUMN(),52)+1)*0.001,0)} -> 2135.6405 | G13: {=Step10!G13*(1+Control!$B$3/12)+IF(MOD(ROW()+COLUMN(),7)=0,INDEX(Base!$B$3:$BA$22,MOD(ROW(),20)+1,MOD(COLUMN(),52)+1)*0.001,0)} -> 2155.0696 | H13: {=Step10!H13*(1+Control!$B$3/12)+IF(MOD(ROW()+COLUMN(),7)=0,INDEX(Base!$B$3:$BA$22,MOD(ROW(),20)+1,MOD(COLUMN(),52)+1)*0.001,0)} -> 2159.5927 | I13: {=Step10!I13*(1+Control!$B$3/12)+IF(MOD(ROW()+COLUMN(),7)=0,INDEX(Base!$B$3:$BA$22,MOD(ROW(),20)+1,MOD(COLUMN(),52)+1)*0.001,0)} -> 2198.8419 | ... AY13: {=Step10!AY13*(1+Control!$B$3/12)+IF(MOD(ROW()+COLUMN(),7)=0,INDEX(Base!$B$3:$BA$22,MOD(ROW(),20)+1,MOD(COLUMN(),52)+1)*0.001,0)} -> 2433.4299
A14: Banca Friulana | B14: {=Step10!B14*(1+Control!$B$3/12)+IF(MOD(ROW()+COLUMN(),7)=0,INDEX(Base!$B$3:$BA$22,MOD(ROW(),20)+1,MOD(COLUMN(),52)+1)*0.001,0)} -> 2244.7033 | C14: {=Step10!C14*(1+Control!$B$3/12)+IF(MOD(ROW()+COLUMN(),7)=0,INDEX(Base!$B$3:$BA$22,MOD(ROW(),20)+1,MOD(COLUMN(),52)+1)*0.001,0)} -> 2243.601 | D14: {=Step10!D14*(1+Control!$B$3/12)+IF(MOD(ROW()+COLUMN(),7)=0,INDEX(Base!$B$3:$BA$22,MOD(ROW(),20)+1,MOD(COLUMN(),52)+1)*0.001,0)} -> 2286.2239 | E14: {=Step10!E14*(1+Control!$B$3/12)+IF(MOD(ROW()+COLUMN(),7)=0,INDEX(Base!$B$3:$BA$22,MOD(ROW(),20)+1,MOD(COLUMN(),52)+1)*0.001,0)} -> 2300.4127 | F14: {=Step10!F14*(1+Control!$B$3/12)+IF(MOD(ROW()+COLUMN(),7)=0,INDEX(Base!$B$3:$BA$22,MOD(ROW(),20)+1,MOD(COLUMN(),52)+1)*0.001,0)} -> 2244.2943 | G14: {=Step10!G14*(1+Control!$B$3/12)+IF(MOD(ROW()+COLUMN(),7)=0,INDEX(Base!$B$3:$BA$22,MOD(ROW(),20)+1,MOD(COLUMN(),52)+1)*0.001,0)} -> 2352.1329 | H14: {=Step10!H14*(1+Control!$B$3/12)+IF(MOD(ROW()+COLUMN(),7)=0,INDEX(Base!$B$3:$BA$22,MOD(ROW(),20)+1,MOD(COLUMN(),52)+1)*0.001,0)} -> 2322.3139 | I14: {=Step10!I14*(1+Control!$B$3/12)+IF(MOD(ROW()+COLUMN(),7)=0,INDEX(Base!$B$3:$BA$22,MOD(ROW(),20)+1,MOD(COLUMN(),52)+1)*0.001,0)} -> 2315.6566 | ... AY14: {=Step10!AY14*(1+Control!$B$3/12)+IF(MOD(ROW()+COLUMN(),7)=0,INDEX(Base!$B$3:$BA$22,MOD(ROW(),20)+1,MOD(COLUMN(),52)+1)*0.001,0)} -> 2564.6824
... A32: Extra 10 | B32: {=Step10!B32*(1+Control!$B$3/12)+IF(MOD(ROW()+COLUMN(),7)=0,INDEX(Base!$B$3:$BA$22,MOD(ROW(),20)+1,MOD(COLUMN(),52)+1)*0.001,0)} -> -1.2830176 | C32: {=Step10!C32*(1+Control!$B$3/12)+IF(MOD(ROW()+COLUMN(),7)=0,INDEX(Base!$B$3:$BA$22,MOD(ROW(),20)+1,MOD(COLUMN(),52)+1)*0.001,0)} -> 5.7182387 | D32: {=Step10!D32*(1+Control!$B$3/12)+IF(MOD(ROW()+COLUMN(),7)=0,INDEX(Base!$B$3:$BA$22,MOD(ROW(),20)+1,MOD(COLUMN(),52)+1)*0.001,0)} -> -1.2823045 | E32: {=Step10!E32*(1+Control!$B$3/12)+IF(MOD(ROW()+COLUMN(),7)=0,INDEX(Base!$B$3:$BA$22,MOD(ROW(),20)+1,MOD(COLUMN(),52)+1)*0.001,0)} -> -1.3095671 | F32: {=Step10!F32*(1+Control!$B$3/12)+IF(MOD(ROW()+COLUMN(),7)=0,INDEX(Base!$B$3:$BA$22,MOD(ROW(),20)+1,MOD(COLUMN(),52)+1)*0.001,0)} -> -1.3091206 | G32: {=Step10!G32*(1+Control!$B$3/12)+IF(MOD(ROW()+COLUMN(),7)=0,INDEX(Base!$B$3:$BA$22,MOD(ROW(),20)+1,MOD(COLUMN(),52)+1)*0.001,0)} -> -1.3452249 | H32: {=Step10!H32*(1+Control!$B$3/12)+IF(MOD(ROW()+COLUMN(),7)=0,INDEX(Base!$B$3:$BA$22,MOD(ROW(),20)+1,MOD(COLUMN(),52)+1)*0.001,0)} -> -1.4023763 | I32: {=Step10!I32*(1+Control!$B$3/12)+IF(MOD(ROW()+COLUMN(),7)=0,INDEX(Base!$B$3:$BA$22,MOD(ROW(),20)+1,MOD(COLUMN(),52)+1)*0.001,0)} -> -1.3496131 | ... AY32: {=Step10!AY32*(1+Control!$B$3/12)+IF(MOD(ROW()+COLUMN(),7)=0,INDEX(Base!$B$3:$BA$22,MOD(ROW(),20)+1,MOD(COLUMN(),52)+1)*0.001,0)} -> -1.6137758

Sheet Step12
A1: Sheet 12
A3: Banca Alpi | B3: =ROUND(Step11!B3+Step11!$B3*0.0005,6) -> 902.59934 | C3: =ROUND(Step11!C3+Step11!$B3*0.0005,6) -> 883.87554 | D3: =ROUND(Step11!D3+Step11!$B3*0.0005,6) -> 879.22055 | E3: =ROUND(Step11!E3+Step11!$B3*0.0005,6) -> 888.42719 | F3: =ROUND(Step11!F3+Step11!$B3*0.0005,6) -> 885.04237 | G3: =ROUND(Step11!G3+Step11!$B3*0.0005,6) -> 970.85434 | H3: =ROUND(Step11!H3+Step11!$B3*0.0005,6) -> 972.02628 | I3: =ROUND(Step11!I3+Step11!$B3*0.0005,6) -> 909.351 | ... AY3: =ROUND(Step11!AY3+Step11!$B3*0.0005,6) -> 1051.6503
A4: Banca Adriatica | B4: =ROUND(Step11!B4+Step11!$B4*0.0005,6) -> 1053.996 | C4: =ROUND(Step11!C4+Step11!$B4*0.0005,6) -> 1091.5756 | D4: =ROUND(Step11!D4+Step11!$B4*0.0005,6) -> 1069.8652 | E4: =ROUND(Step11!E4+Step11!$B4*0.0005,6) -> 1075.7318 | F4: =ROUND(Step11!F4+Step11!$B4*0.0005,6) -> 1026.1825 | G4: =ROUND(Step11!G4+Step11!$B4*0.0005,6) -> 1065.5706 | H4: =ROUND(Step11!H4+Step11!$B4*0.0005,6) -> 1098.6002 | I4: =ROUND(Step11!I4+Step11!$B4*0.0005,6) -> 1069.8179 | ... AY4: =ROUND(Step11!AY4+Step11!$B4*0.0005,6) -> 1193.1557
A5: Banca Tirrena | B5: =ROUND(Step11!B5+Step11!$B5*0.0005,6) -> 1181.3624 | C5: =ROUND(Step11!C5+Step11!$B5*0.0005,6) -> 1212.7226 | D5: =ROUND(Step11!D5+Step11!$B5*0.0005,6) -> 1157.9789 | E5: =ROUND(Step11!E5+Step11!$B5*0.0005,6) -> 1182.394 | F5: =ROUND(Step11!F5+Step11!$B5*0.0005,6) -> 1177.4374 | G5: =ROUND(Step11!G5+Step11!$B5*0.0005,6) -> 1180.978 | H5: =ROUND(Step11!H5+Step11!$B5*0.0005,6) -> 1188.3663 | I5: =ROUND(Step11!I5+Step11!$B5*0.0005,6) -> 1217.4931 | ... AY5: =ROUND(Step11!AY5+Step11!$B5*0.0005,6) -> 1366.0985
A6: Banca Padana | B6: =ROUND(Step11!B6+Step11!$B6*0.0005,6) -> 1254.2021 | C6: =ROUND(Step11!C6+Step11!$B6*0.0005,6) -> 1300.8159 | D6: =ROUND(Step11!D6+Step11!$B6*0.0005,6) -> 1269.5574 | E6: =ROUND(Step11!E6+Step11!$B6*0.0005,6) -> 1323.9764 | F6: =ROUND(Step11!F6+Step11!$B6*0.0005,6) -> 1342.9484 | G6: =ROUND(Step11!G6+Step11!$B6*0.0005,6) -> 1290.6422 | H6: =ROUND(Step11!H6+Step11!$B6*0.0005,6) -> 1342.7294 | I6: =ROUND(Step11!I6+Step11!$B6*0.0005,6) -> 1293.4084 | ... AY6: =ROUND(Step11!AY6+Step11!$B6*0.0005,6) -> 1425.1591
A7: Banca Etrusca | B7: =ROUND(Step11!B7+Step11!$B7*0.0005,6) -> 1391.5706 | C7: =ROUND(Step11!C7+Step11!$B7*0.0005,6) -> 1380.1311 | D7: =ROUND(Step11!D7+Step11!$B7*0.0005,6) -> 1404.9813 | E7: =ROUND(Step11!E7+Step11!$B7*0.0005,6) -> 1377.2473 | F7: =ROUND(Step11!F7+Step11!$B7*0.0005,6) -> 1415.0498 | G7: =ROUND(Step11!G7+Step11!$B7*0.0005,6) -> 1431.0236 | H7: =ROUND(Step11!H7+Step11!$B7*0.0005,6) -> 1480.0724 | I7: =ROUND(Step11!I7+Step11!$B7*0.0005,6) -> 1459.5718 | ... AY7: =ROUND(Step11!AY7+Step11!$B7*0.0005,6) -> 1574.2853
A8: Banca Lariana | B8: =ROUND(Step11!B8+Step11!$B8*0.0005,6) -> 1521.7121 | C8: =ROUND(Step11!C8+Step11!$B8*0.0005,6) -> 1490.9988 | D8: =ROUND(Step11!D8+Step11!$B8*0.0005,6) -> 1576.8342 | E8: =ROUND(Step11!E8+Step11!$B8*0.0005,6) -> 1563.6688 | F8: =ROUND(Step11!F8+Step11!$B8*0.0005,6) -> 1513.3689 | G8: =ROUND(Step11!G8+Step11!$B8*0.0005,6) -> 1567.3408 | H8: =ROUND(Step11!H8+Step11!$B8*0.0005,6) -> 1513.8548 | I8: =ROUND(Step11!I8+Step11!$B8*0.0005,6) -> 1582.0562 | ... AY8: =ROUND(Step11!AY8+Step11!$B8*0.0005,6) -> 1709.8372
A9: Banca Sabina | B9: =ROUND(Step11!B9+Step11!$B9*0.0005,6) -> 1689.1419 | C9: =ROUND(Step11!C9+Step11!$B9*0.0005,6) -> 1683.4957 | D9: =ROUND(Step11!D9+Step11!$B9*0.0005,6) -> 1632.1674 | E9: =ROUND(Step11!E9+Step11!$B9*0.0005,6) -> 1711.3455 | F9: =ROUND(Step11!F9+Step11!$B9*0.0005,6) -> 1652.8552 | G9: =ROUND(Step11!G9+Step11!$B9*0.0005,6) -> 1710.7513 | H9: =ROUND(Step11!H9+Step11!$B9*0.0005,6) -> 1667.2096 | I9: =ROUND(Step11!I9+Step11!$B9*0.0005,6) -> 1735.0181 | ... AY9: =ROUND(Step11!AY9+Step11!$B9*0.0005,6) -> 1889.6696
A10: Banca Irpina | B10: =ROUND(Step11!B10+Step11!$B10*0.0005,6) -> 1727.385 | C10: =ROUND(Step11!C10+Step11!$B10*0.0005,6) -> 1816.6168 | D10: =ROUND(Step11!D10+Step11!$B10*0.0005,6) -> 1839.2175 | E10: =ROUND(Step11!E10+Step11!$B10*0.0005,6) -> 1781.4218 | F10: =ROUND(Step11!F10+Step11!$B10*0.0005,6) -> 1809.4011 | G10: =ROUND(Step11!G10+Step11!$B10*0.0005,6) -> 1795.9146 | H10: =ROUND(Step11!H10+Step11!$B10*0.0005,6) -> 1789.6409 | I10: =ROUND(Step11!I10+Step11!$B10*0.0005,6) -> 1795.9001 | ... AY10: =ROUND(Step11!AY10+Step11!$B10*0.0005,6) -> 2047.2533
A11: Banca Sannita | B11: =ROUND(Step11!B11+Step11!$B11*0.0005,6) -> 1872.9872 | C11: =ROUND(Step11!C11+Step11!$B11*0.0005,6) -> 1931.8446 | D11: =ROUND(Step11!D11+Step11!$B11*0.0005,6) -> 1887.1637 | E11: =ROUND(Step11!E11+Step11!$B11*0.0005,6) -> 1900.617 | F11: =ROUND(Step11!F11+Step11!$B11*0.0005,6) -> 1925.2311 | G11: =ROUND(Step11!G11+Step11!$B11*0.0005,6) -> 1963.8434 | H11: =ROUND(Step11!H11+Step11!$B11*0.0005,6) -> 1960.7032 | I11: =ROUND(Step11!I11+Step11!$B11*0.0005,6) -> 1907.1358 | ... AY11: =ROUND(Step11!AY11+Step11!$B11*0.0005,6) -> 2185.6215
A12: Banca Ligure | B12: =ROUND(Step11!B12+Step11!$B12*0.0005,6) -> 1979.6883 | C12: =ROUND(Step11!C12+Step11!$B12*0.0005,6) -> 2055.0949 | D12: =ROUND(Step11!D12+Step11!$B12*0.0005,6) -> 2046.1832 | E12: =ROUND(Step11!E12+Step11!$B12*0.0005,6) -> 2073.1876 | F12: =ROUND(Step11!F12+Step11!$B12*0.0005,6) -> 2013.0493 | G12: =ROUND(Step11!G12+Step11!$B12*0.0005,6) -> 2096.9797 | H12: =ROUND(Step11!H12+Step11!$B12*0.0005,6) -> 2085.0136 | I12: =ROUND(Step11!I12+Step11!$B12*0.0005,6) -> 2087.4537 | ... AY12: =ROUND(Step11!AY12+Step11!$B12*0.0005,6) -> 2277.2593
A13: Banca Veneta | B13: =ROUND(Step11!B13+Step11!$B13*0.0005,6) -> 2151.4617 | C13: =ROUND(Step11!C13+Step11!$B13*0.0005,6) -> 2197.743 | D13: =ROUND(Step11!D13+Step11!$B13*0.0005,6) -> 2185.9195 | E13: =ROUND(Step11!E13+Step11!$B13*0.0005,6) -> 2155.1629 | F13: =ROUND(Step11!F13+Step11!$B13*0.0005,6) -> 2136.7157 | G13: =ROUND(Step11!G13+Step11!$B13*0.0005,6) -> 2156.1448 | H13: =ROUND(Step11!H13+Step11!$B13*0.0005,6) -> 2160.6679 | I13: =ROUND(Step11!I13+Step11!$B13*0.0005,6) -> 2199.9171 | ... AY13: =ROUND(Step11!AY13+Step11!$B13*0.0005,6) -> 2434.5051
A14: Banca Friulana | B14: =ROUND(Step11!B14+Step11!$B14*0.0005,6) -> 2245.8257 | C14: =ROUND(Step11!C14+Step11!$B14*0.0005,6) -> 2244.7234 | D14: =ROUND(Step11!D14+Step11!$B14*0.0005,6) -> 2287.3462 | E14: =ROUND(Step11!E14+Step11!$B14*0.0005,6) -> 2301.535 | F14: =ROUND(Step11!F14+Step11!$B14*0.0005,6) -> 2245.4167 | G14: =ROUND(Step11!G14+Step11!$B14*0.0005,6) -> 2353.2553 | H14: =ROUND(Step11!H14+Step11!$B14*0.0005,6) -> 2323.4362 | I14: =ROUND(Step11!I14+Step11!$B14*0.0005,6) -> 2316.779 | ... AY14: =ROUND(Step11!AY14+Step11!$B14*0.0005,6) -> 2565.8048
... A32: Extra 10 | B32: =ROUND(Step11!B32+Step11!$B32*0.0005,6) -> -1.283659 | C32: =ROUND(Step11!C32+Step11!$B32*0.0005,6) -> 5.717597 | D32: =ROUND(Step11!D32+Step11!$B32*0.0005,6) -> -1.282946 | E32: =ROUND(Step11!E32+Step11!$B32*0.0005,6) -> -1.310209 | F32: =ROUND(Step11!F32+Step11!$B32*0.0005,6) -> -1.309762 | G32: =ROUND(Step11!G32+Step11!$B32*0.0005,6) -> -1.345866 | H32: =ROUND(Step11!H32+Step11!$B32*0.0005,6) -> -1.403018 | I32: =ROUND(Step11!I32+Step11!$B32*0.0005,6) -> -1.350255 | ... AY32: =ROUND(Step11!AY32+Step11!$B32*0.0005,6) -> -1.614417

Sheet Step13
A1: Sheet 13
A3: Banca Alpi | B3: =IF(Step12!B3>Step12!$B$3,Step12!B3-0.5,Step12!B3+0.5) -> 903.09934 | C3: =IF(Step12!C3>Step12!$B$3,Step12!C3-0.5,Step12!C3+0.5) -> 884.37554 | D3: =IF(Step12!D3>Step12!$B$3,Step12!D3-0.5,Step12!D3+0.5) -> 879.72055 | E3: =IF(Step12!E3>Step12!$B$3,Step12!E3-0.5,Step12!E3+0.5) -> 888.92719 | F3: =IF(Step12!F3>Step12!$B$3,Step12!F3-0.5,Step12!F3+0.5) -> 885.54237 | G3: =IF(Step12!G3>Step12!$B$3,Step12!G3-0.5,Step12!G3+0.5) -> 970.35434 | H3: =IF(Step12!H3>Step12!$B$3,Step12!H3-0.5,Step12!H3+0.5) -> 971.52628 | I3: =IF(Step12!I3>Step12!$B$3,Step12!I3-0.5,Step12!I3+0.5) -> 908.851 | ... AY3: =IF(Step12!AY3>Step12!$B$3,Step12!AY3-0.5,Step12!AY3+0.5) -> 1051.1503
A4: Banca Adriatica | B4: =IF(Step12!B4>Step12!$B$3,Step12!B4-0.5,Step12!B4+0.5) -> 1053.496 | C4: =IF(Step12!C4>Step12!$B$3,Step12!C4-0.5,Step12!C4+0.5) -> 1091.0756 | D4: =IF(Step12!D4>Step12!$B$3,Step12!D4-0.5,Step12!D4+0.5) -> 1069.3652 | E4: =IF(Step12!E4>Step12!$B$3,Step12!E4-0.5,Step12!E4+0.5) -> 1075.2318 | F4: =IF(Step12!F4>Step12!$B$3,Step12!F4-0.5,Step12!F4+0.5) -> 1025.6825 | G4: =IF(Step12!G4>Step12!$B$3,Step12!G4-0.5,Step12!G4+0.5) -> 1065.0706 | H4: =IF(Step12!H4>Step12!$B$3,Step12!H4-0.5,Step12!H4+0.5) -> 1098.1002 | I4: =IF(Step12!I4>Step12!$B$3,Step12!I4-0.5,Step12!I4+0.5) -> 1069.3179 | ... AY4: =IF(Step12!AY4>Step12!$B$3,Step12!AY4-0.5,Step12!AY4+0.5) -> 1192.6557
A5: Banca Tirrena | B5: =IF(Step12!B5>Step12!$B$3,Step12!B5-0.5,Step12!B5+0.5) -> 1180.8624 | C5: =IF(Step12!C5>Step12!$B$3,Step12!C5-0.5,Step12!C5+0.5) -> 1212.2226 | D5: =IF(Step12!D5>Step12!$B$3,Step12!D5-0.5,Step12!D5+0.5) -> 1157.4789 | E5: =IF(Step12!E5>Step12!$B$3,Step12!E5-0.5,Step12!E5+0.5) -> 1181.894 | F5: =IF(Step12!F5>Step12!$B$3,Step12!F5-0.5,Step12!F5+0.5) -> 1176.9374 | G5: =IF(Step12!G5>Step12!$B$3,Step12!G5-0.5,Step12!G5+0.5) -> 1180.478 | H5: =IF(Step12!H5>Step12!$B$3,Step12!H5-0.5,Step12!H5+0.5) -> 1187.8663 | I5: =IF(Step12!I5>Step12!$B$3,Step12!I5-0.5,Step12!I5+0.5) -> 1216.9931 | ... AY5: =IF(Step12!AY5>Step12!$B$3,Step12!AY5-0.5,Step12!AY5+0.5) -> 1365.5985
A6: Banca Padana | B6: =IF(Step12!B6>Step12!$B$3,Step12!B6-0.5,Step12!B6+0.5) -> 1253.7021 | C6: =IF(Step12!C6>Step12!$B$3,Step12!C6-0.5,Step12!C6+0.5) -> 1300.3159 | D6: =IF(Step12!D6>Step12!$B$3,Step12!D6-0.5,Step12!D6+0.5) -> 1269.0574 | E6: =IF(Step12!E6>Step12!$B$3,Step12!E6-0.5,Step12!E6+0.5) -> 1323.4764 | F6: =IF(Step12!F6>Step12!$B$3,Step12!F6-0.5,Step12!F6+0.5) -> 1342.4484 | G6: =IF(Step12!G6>Step12!$B$3,Step12!G6-0.5,Step12!G6+0.5) -> 1290.1422 | H6: =IF(Step12!H6>Step12!$B$3,Step12!H6-0.5,Step12!H6+0.5) -> 1342.2294 | I6: =IF(Step12!I6>Step12!$B$3,Step12!I6-0.5,Step12!I6+0.5) -> 1292.9084 | ... AY6: =IF(Step12!AY6>Step12!$B$3,Step12!AY6-0.5,Step12!AY6+0.5) -> 1424.6591
A7: Banca Etrusca | B7: =IF(Step12!B7>Step12!$B$3,Step12!B7-0.5,Step12!B7+0.5) -> 1391.0706 | C7: =IF(Step12!C7>Step12!$B$3,Step12!C7-0.5,Step12!C7+0.5) -> 1379.6311 | D7: =IF(Step12!D7>Step12!$B$3,Step12!D7-0.5,Step12!D7+0.5) -> 1404.4813 | E7: =IF(Step12!E7>Step12!$B$3,Step12!E7-0.5,Step12!E7+0.5) -> 1376.7473 | F7: =IF(Step12!F7>Step12!$B$3,Step12!F7-0.5,Step12!F7+0.5) -> 1414.5498 | G7: =IF(Step12!G7>Step12!$B$3,Step12!G7-0.5,Step12!G7+0.5) -> 1430.5236 | H7: =IF(Step12!H7>Step12!$B$3,Step12!H7-0.5,Step12!H7+0.5) -> 1479.5724 | I7: =IF(Step12!I7>Step12!$B$3,Step12!I7-0.5,Step12!I7+0.5) -> 1459.0718 | ... AY7: =IF(Step12!AY7>Step12!$B$3,Step12!AY7-0.5,Step12!AY7+0.5) -> 1573.7853
A8: Banca Lariana | B8: =IF(Step12!B8>Step12!$B$3,Step12!B8-0.5,Step12!B8+0.5) -> 1521.2121 | C8: =IF(Step12!C8>Step12!$B$3,Step12!C8-0.5,Step12!C8+0.5) -> 1490.4988 | D8: =IF(Step12!D8>Step12!$B$3,Step12!D8-0.5,Step12!D8+0.5) -> 1576.3342 | E8: =IF(Step12!E8>Step12!$B$3,Step12!E8-0.5,Step12!E8+0.5) -> 1563.1688 | F8: =IF(Step12!F8>Step12!$B$3,Step12!F8-0.5,Step12!F8+0.5) -> 1512.8689 | G8: =IF(Step12!G8>Step12!$B$3,Step12!G8-0.5,Step12!G8+0.5) -> 1566.8408 | H8: =IF(Step12!H8>Step12!$B$3,Step12!H8-0.5,Step12!H8+0.5) -> 1513.3548 | I8: =IF(Step12!I8>Step12!$B$3,Step12!I8-0.5,Step12!I8+0.5) -> 1581.5562 | ... AY8: =IF(Step12!AY8>Step12!$B$3,Step12!AY8-0.5,Step12!AY8+0.5) -> 1709.3372
A9: Banca Sabina | B9: =IF(Step12!B9>Step12!$B$3,Step12!B9-0.5,Step12!B9+0.5) -> 1688.6419 | C9: =IF(Step12!C9>Step12!$B$3,Step12!C9-0.5,Step12!C9+0.5) -> 1682.9957 | D9: =IF(Step12!D9>Step12!$B$3,Step12!D9-0.5,Step12!D9+0.5) -> 1631.6674 | E9: =IF(Step12!E9>Step12!$B$3,Step12!E9-0.5,Step12!E9+0.5) -> 1710.8455 | F9: =IF(Step12!F9>Step12!$B$3,Step12!F9-0.5,Step12!F9+0.5) -> 1652.3552 | G9: =IF(Step12!G9>Step12!$B$3,Step12!G9-0.5,Step12!G9+0.5) -> 1710.2513 | H9: =IF(Step12!H9>Step12!$B$3,Step12!H9-0.5,Step12!H9+0.5) -> 1666.7096 | I9: =IF(Step12!I9>Step12!$B$3,Step12!I9-0.5,Step12!I9+0.5) -> 1734.5181 | ... AY9: =IF(Step12!AY9>Step12!$B$3,Step12!AY9-0.5,Step12!AY9+0.5) -> 1889.1696
A10: Banca Irpina | B10: =IF(Step12!B10>Step12!$B$3,Step12!B10-0.5,Step12!B10+0.5) -> 1726.885 | C10: =IF(Step12!C10>Step12!$B$3,Step12!C10-0.5,Step12!C10+0.5) -> 1816.1168 | D10: =IF(Step12!D10>Step12!$B$3,Step12!D10-0.5,Step12!D10+0.5) -> 1838.7175 | E10: =IF(Step12!E10>Step12!$B$3,Step12!E10-0.5,Step12!E10+0.5) -> 1780.9218 | F10: =IF(Step12!F10>Step12!$B$3,Step12!F10-0.5,Step12!F10+0.5) -> 1808.9011 | G10: =IF(Step12!G10>Step12!$B$3,Step12!G10-0.5,Step12!G10+0.5) -> 1795.4146 | H10: =IF(Step12!H10>Step12!$B$3,Step12!H10-0.5,Step12!H10+0.5) -> 1789.1409 | I10: =IF(Step12!I10>Step12!$B$3,Step12!I10-0.5,Step12!I10+0.5) -> 1795.4001 | ... AY10: =IF(Step12!AY10>Step12!$B$3,Step12!AY10-0.5,Step12!AY10+0.5) -> 2046.7533
A11: Banca Sannita | B11: =IF(Step12!B11>Step12!$B$3,Step12!B11-0.5,Step12!B11+0.5) -> 1872.4872 | C11: =IF(Step12!C11>Step12!$B$3,Step12!C11-0.5,Step12!C11+0.5) -> 1931.3446 | D11: =IF(Step12!D11>Step12!$B$3,Step12!D11-0.5,Step12!D11+0.5) -> 1886.6637 | E11: =IF(Step12!E11>Step12!$B$3,Step12!E11-0.5,Step12!E11+0.5) -> 1900.117 | F11: =IF(Step12!F11>Step12!$B$3,Step12!F11-0.5,Step12!F11+0.5) -> 1924.7311 | G11: =IF(Step12!G11>Step12!$B$3,Step12!G11-0.5,Step12!G11+0.5) -> 1963.3434 | H11: =IF(Step12!H11>Step12!$B$3,Step12!H11-0.5,Step12!H11+0.5) -> 1960.2032 | I11: =IF(Step12!I11>Step12!$B$3,Step12!I11-0.5,Step12!I11+0.5) -> 1906.6358 | ... AY11: =IF(Step12!AY11>Step12!$B$3,Step12!AY11-0.5,Step12!AY11+0.5) -> 2185.1215
A12: Banca Ligure | B12: =IF(Step12!B12>Step12!$B$3,Step12!B12-0.5,Step12!B12+0.5) -> 1979.1883 | C12: =IF(Step12!C12>Step12!$B$3,Step12!C12-0.5,Step12!C12+0.5) -> 2054.5949 | D12: =IF(Step12!D12>Step12!$B$3,Step12!D12-0.5,Step12!D12+0.5) -> 2045.6832 | E12: =IF(Step12!E12>Step12!$B$3,Step12!E12-0.5,Step12!E12+0.5) -> 2072.6876 | F12: =IF(Step12!F12>Step12!$B$3,Step12!F12-0.5,Step12!F12+0.5) -> 2012.5493 | G12: =IF(Step12!G12>Step12!$B$3,Step12!G12-0.5,Step12!G12+0.5) -> 2096.4797 | H12: =IF(Step12!H12>Step12!$B$3,Step12!H12-0.5,Step12!H12+0.5) -> 2084.5136 | I12: =IF(Step12!I12>Step12!$B$3,Step12!I12-0.5,Step12!I12+0.5) -> 2086.9537 | ... AY12: =IF(Step12!AY12>Step12!$B$3,Step12!AY12-0.5,Step12!AY12+0.5) -> 2276.7593
A13: Banca Veneta | B13: =IF(Step12!B13>Step12!$B$3,Step12!B13-0.5,Step12!B13+0.5) -> 2150.9617 | C13: =IF(Step12!C13>Step12!$B$3,Step12!C13-0.5,Step12!C13+0.5) -> 2197.243 | D13: =IF(Step12!D13>Step12!$B$3,Step12!D13-0.5,Step12!D13+0.5) -> 2185.4195 | E13: =IF(Step12!E13>Step12!$B$3,Step12!E13-0.5,Step12!E13+0.5) -> 2154.6629 | F13: =IF(Step12!F13>Step12!$B$3,Step12!F13-0.5,Step12!F13+0.5) -> 2136.2157 | G13: =IF(Step12!G13>Step12!$B$3,Step12!G13-0.5,Step12!G13+0.5) -> 2155.6448 | H13: =IF(Step12!H13>Step12!$B$3,Step12!H13-0.5,Step12!H13+0.5) -> 2160.1679 | I13: =IF(Step12!I13>Step12!$B$3,Step12!I13-0.5,Step12!I13+0.5) -> 2199.4171 | ... AY13: =IF(Step12!AY13>Step12!$B$3,Step12!AY13-0.5,Step12!AY13+0.5) -> 2434.0051
A14: Banca Friulana | B14: =IF(Step12!B14>Step12!$B$3,Step12!B14-0.5,Step12!B14+0.5) -> 2245.3257 | C14: =IF(Step12!C14>Step12!$B$3,Step12!C14-0.5,Step12!C14+0.5) -> 2244.2234 | D14: =IF(Step12!D14>Step12!$B$3,Step12!D14-0.5,Step12!D14+0.5) -> 2286.8462 | E14: =IF(Step12!E14>Step12!$B$3,Step12!E14-0.5,Step12!E14+0.5) -> 2301.035 | F14: =IF(Step12!F14>Step12!$B$3,Step12!F14-0.5,Step12!F14+0.5) -> 2244.9167 | G14: =IF(Step12!G14>Step12!$B$3,Step12!G14-0.5,Step12!G14+0.5) -> 2352.7553 | H14: =IF(Step12!H14>Step12!$B$3,Step12!H14-0.5,Step12!H14+0.5) -> 2322.9362 | I14: =IF(Step12!I14>Step12!$B$3,Step12!I14-0.5,Step12!I14+0.5) -> 2316.279 | ... AY14: =IF(Step12!AY14>Step12!$B$3,Step12!AY14-0.5,Step12!AY14+0.5) -> 2565.3048
... A32: Extra 10 | B32: =IF(Step12!B32>Step12!$B$3,Step12!B32-0.5,Step12!B32+0.5) -> -0.783659 | C32: =IF(Step12!C32>Step12!$B$3,Step12!C32-0.5,Step12!C32+0.5) -> 6.217597 | D32: =IF(Step12!D32>Step12!$B$3,Step12!D32-0.5,Step12!D32+0.5) -> -0.782946 | E32: =IF(Step12!E32>Step12!$B$3,Step12!E32-0.5,Step12!E32+0.5) -> -0.810209 | F32: =IF(Step12!F32>Step12!$B$3,Step12!F32-0.5,Step12!F32+0.5) -> -0.809762 | G32: =IF(Step12!G32>Step12!$B$3,Step12!G32-0.5,Step12!G32+0.5) -> -0.845866 | H32: =IF(Step12!H32>Step12!$B$3,Step12!H32-0.5,Step12!H32+0.5) -> -0.903018 | I32: =IF(Step12!I32>Step12!$B$3,Step12!I32-0.5,Step12!I32+0.5) -> -0.850255 | ... AY32: =IF(Step12!AY32>Step12!$B$3,Step12!AY32-0.5,Step12!AY32+0.5) -> -1.114417

Sheet Step14
A1: Sheet 14
A3: Banca Alpi | B3: =Step13!B3+SUM(Step13!$B3:$F3)/1000-AVERAGE(Step13!B$3:B$7)/1000 -> 906.38456 | C3: =Step13!C3+SUM(Step13!$B3:$F3)/1000-AVERAGE(Step13!C$3:C$7)/1000 -> 887.64368 | D3: =Step13!D3+SUM(Step13!$B3:$F3)/1000-AVERAGE(Step13!D$3:D$7)/1000 -> 883.00619 | E3: =Step13!E3+SUM(Step13!$B3:$F3)/1000-AVERAGE(Step13!E$3:E$7)/1000 -> 892.1996 | F3: =Step13!F3+SUM(Step13!$B3:$F3)/1000-AVERAGE(Step13!F$3:F$7)/1000 -> 888.815 | G3: =Step13!G3+SUM(Step13!$B3:$F3)/1000-AVERAGE(Step13!G$3:G$7)/1000 -> 973.6087 | H3: =Step13!H3+SUM(Step13!$B3:$F3)/1000-AVERAGE(Step13!H$3:H$7)/1000 -> 974.75208 | I3: =Step13!I3+SUM(Step13!$B3:$F3)/1000-AVERAGE(Step13!I$3:I$7)/1000 -> 912.10324 | ... AY3: =Step13!AY3+SUM(Step13!$B3:$F3)/1000-AVERAGE(Step13!AY$3:AY$7)/1000 -> 1054.2704
A4: Banca Adriatica | B4: =Step13!B4+SUM(Step13!$B4:$F4)/1000-AVERAGE(Step13!B$3:B$7)/1000 -> 1057.6544 | C4: =Step13!C4+SUM(Step13!$B4:$F4)/1000-AVERAGE(Step13!C$3:C$7)/1000 -> 1095.2169 | D4: =Step13!D4+SUM(Step13!$B4:$F4)/1000-AVERAGE(Step13!D$3:D$7)/1000 -> 1073.524 | E4: =Step13!E4+SUM(Step13!$B4:$F4)/1000-AVERAGE(Step13!E$3:E$7)/1000 -> 1079.3774 | F4: =Step13!F4+SUM(Step13!$B4:$F4)/1000-AVERAGE(Step13!F$3:F$7)/1000 -> 1029.8283 | G4: =Step13!G4+SUM(Step13!$B4:$F4)/1000-AVERAGE(Step13!G$3:G$7)/1000 -> 1069.1981 | H4: =Step13!H4+SUM(Step13!$B4:$F4)/1000-AVERAGE(Step13!H$3:H$7)/1000 -> 1102.1992 | I4: =Step13!I4+SUM(Step13!$B4:$F4)/1000-AVERAGE(Step13!I$3:I$7)/1000 -> 1073.4433 | ... AY4: =Step13!AY4+SUM(Step13!$B4:$F4)/1000-AVERAGE(Step13!AY$3:AY$7)/1000 -> 1196.649
A5: Banca Tirrena | B5: =Step13!B5+SUM(Step13!$B5:$F5)/1000-AVERAGE(Step13!B$3:B$7)/1000 -> 1185.6154 | C5: =Step13!C5+SUM(Step13!$B5:$F5)/1000-AVERAGE(Step13!C$3:C$7)/1000 -> 1216.9585 | D5: =Step13!D5+SUM(Step13!$B5:$F5)/1000-AVERAGE(Step13!D$3:D$7)/1000 -> 1162.2322 | E5: =Step13!E5+SUM(Step13!$B5:$F5)/1000-AVERAGE(Step13!E$3:E$7)/1000 -> 1186.6341 | F5: =Step13!F5+SUM(Step13!$B5:$F5)/1000-AVERAGE(Step13!F$3:F$7)/1000 -> 1181.6778 | G5: =Step13!G5+SUM(Step13!$B5:$F5)/1000-AVERAGE(Step13!G$3:G$7)/1000 -> 1185.2 | H5: =Step13!H5+SUM(Step13!$B5:$F5)/1000-AVERAGE(Step13!H$3:H$7)/1000 -> 1192.5598 | I5: =Step13!I5+SUM(Step13!$B5:$F5)/1000-AVERAGE(Step13!I$3:I$7)/1000 -> 1221.7131 | ... AY5: =Step13!AY5+SUM(Step13!$B5:$F5)/1000-AVERAGE(Step13!AY$3:AY$7)/1000 -> 1370.1864
A6: Banca Padana | B6: =Step13!B6+SUM(Step13!$B6:$F6)/1000-AVERAGE(Step13!B$3:B$7)/1000 -> 1259.0346 | C6: =Step13!C6+SUM(Step13!$B6:$F6)/1000-AVERAGE(Step13!C$3:C$7)/1000 -> 1305.6313 | D6: =Step13!D6+SUM(Step13!$B6:$F6)/1000-AVERAGE(Step13!D$3:D$7)/1000 -> 1274.3903 | E6: =Step13!E6+SUM(Step13!$B6:$F6)/1000-AVERAGE(Step13!E$3:E$7)/1000 -> 1328.7961 | F6: =Step13!F6+SUM(Step13!$B6:$F6)/1000-AVERAGE(Step13!F$3:F$7)/1000 -> 1347.7684 | G6: =Step13!G6+SUM(Step13!$B6:$F6)/1000-AVERAGE(Step13!G$3:G$7)/1000 -> 1295.4438 | H6: =Step13!H6+SUM(Step13!$B6:$F6)/1000-AVERAGE(Step13!H$3:H$7)/1000 -> 1347.5026 | I6: =Step13!I6+SUM(Step13!$B6:$F6)/1000-AVERAGE(Step13!I$3:I$7)/1000 -> 1298.208 | ... AY6: =Step13!AY6+SUM(Step13!$B6:$F6)/1000-AVERAGE(Step13!AY$3:AY$7)/1000 -> 1429.8265
A7: Banca Etrusca | B7: =Step13!B7+SUM(Step13!$B7:$F7)/1000-AVERAGE(Step13!B$3:B$7)/1000 -> 1396.8806 | C7: =Step13!C7+SUM(Step13!$B7:$F7)/1000-AVERAGE(Step13!C$3:C$7)/1000 -> 1385.4241 | D7: =Step13!D7+SUM(Step13!$B7:$F7)/1000-AVERAGE(Step13!D$3:D$7)/1000 -> 1410.2918 | E7: =Step13!E7+SUM(Step13!$B7:$F7)/1000-AVERAGE(Step13!E$3:E$7)/1000 -> 1382.5445 | F7: =Step13!F7+SUM(Step13!$B7:$F7)/1000-AVERAGE(Step13!F$3:F$7)/1000 -> 1420.3473 | G7: =Step13!G7+SUM(Step13!$B7:$F7)/1000-AVERAGE(Step13!G$3:G$7)/1000 -> 1436.3027 | H7: =Step13!H7+SUM(Step13!$B7:$F7)/1000-AVERAGE(Step13!H$3:H$7)/1000 -> 1485.323 | I7: =Step13!I7+SUM(Step13!$B7:$F7)/1000-AVERAGE(Step13!I$3:I$7)/1000 -> 1464.8489 | ... AY7: =Step13!AY7+SUM(Step13!$B7:$F7)/1000-AVERAGE(Step13!AY$3:AY$7)/1000 -> 1579.4302
A8: Banca Lariana | B8: =Step13!B8+SUM(Step13!$B8:$F8)/1000-AVERAGE(Step13!B$3:B$7)/1000 -> 1527.7197 | C8: =Step13!C8+SUM(Step13!$B8:$F8)/1000-AVERAGE(Step13!C$3:C$7)/1000 -> 1496.9894 | D8: =Step13!D8+SUM(Step13!$B8:$F8)/1000-AVERAGE(Step13!D$3:D$7)/1000 -> 1582.8422 | E8: =Step13!E8+SUM(Step13!$B8:$F8)/1000-AVERAGE(Step13!E$3:E$7)/1000 -> 1569.6636 | F8: =Step13!F8+SUM(Step13!$B8:$F8)/1000-AVERAGE(Step13!F$3:F$7)/1000 -> 1519.364 | G8: =Step13!G8+SUM(Step13!$B8:$F8)/1000-AVERAGE(Step13!G$3:G$7)/1000 -> 1573.3175 | H8: =Step13!H8+SUM(Step13!$B8:$F8)/1000-AVERAGE(Step13!H$3:H$7)/1000 -> 1519.803 | I8: =Step13!I8+SUM(Step13!$B8:$F8)/1000-AVERAGE(Step13!I$3:I$7)/1000 -> 1588.0309 | ... AY8: =Step13!AY8+SUM(Step13!$B8:$F8)/1000-AVERAGE(Step13!AY$3:AY$7)/1000 -> 1715.6797
A9: Banca Sabina | B9: =Step13!B9+SUM(Step13!$B9:$F9)/1000-AVERAGE(Step13!B$3:B$7)/1000 -> 1695.852 | C9: =Step13!C9+SUM(Step13!$B9:$F9)/1000-AVERAGE(Step13!C$3:C$7)/1000 -> 1690.1887 | D9: =Step13!D9+SUM(Step13!$B9:$F9)/1000-AVERAGE(Step13!D$3:D$7)/1000 -> 1638.8779 | E9: =Step13!E9+SUM(Step13!$B9:$F9)/1000-AVERAGE(Step13!E$3:E$7)/1000 -> 1718.0428 | F9: =Step13!F9+SUM(Step13!$B9:$F9)/1000-AVERAGE(Step13!F$3:F$7)/1000 -> 1659.5526 | G9: =Step13!G9+SUM(Step13!$B9:$F9)/1000-AVERAGE(Step13!G$3:G$7)/1000 -> 1717.4305 | H9: =Step13!H9+SUM(Step13!$B9:$F9)/1000-AVERAGE(Step13!H$3:H$7)/1000 -> 1673.8602 | I9: =Step13!I9+SUM(Step13!$B9:$F9)/1000-AVERAGE(Step13!I$3:I$7)/1000 -> 1741.6951 | ... AY9: =Step13!AY9+SUM(Step13!$B9:$F9)/1000-AVERAGE(Step13!AY$3:AY$7)/1000 -> 1896.2145
A10: Banca Irpina | B10: =Step13!B10+SUM(Step13!$B10:$F10)/1000-AVERAGE(Step13!B$3:B$7)/1000 -> 1734.7001 | C10: =Step13!C10+SUM(Step13!$B10:$F10)/1000-AVERAGE(Step13!C$3:C$7)/1000 -> 1823.9148 | D10: =Step13!D10+SUM(Step13!$B10:$F10)/1000-AVERAGE(Step13!D$3:D$7)/1000 -> 1846.5331 | E10: =Step13!E10+SUM(Step13!$B10:$F10)/1000-AVERAGE(Step13!E$3:E$7)/1000 -> 1788.7241 | F10: =Step13!F10+SUM(Step13!$B10:$F10)/1000-AVERAGE(Step13!F$3:F$7)/1000 -> 1816.7036 | G10: =Step13!G10+SUM(Step13!$B10:$F10)/1000-AVERAGE(Step13!G$3:G$7)/1000 -> 1803.1988 | H10: =Step13!H10+SUM(Step13!$B10:$F10)/1000-AVERAGE(Step13!H$3:H$7)/1000 -> 1796.8966 | I10: =Step13!I10+SUM(Step13!$B10:$F10)/1000-AVERAGE(Step13!I$3:I$7)/1000 -> 1803.1822 | ... AY10: =Step13!AY10+SUM(Step13!$B10:$F10)/1000-AVERAGE(Step13!AY$3:AY$7)/1000 -> 2054.4032
A11: Banca Sannita | B11: =Step13!B11+SUM(Step13!$B11:$F11)/1000-AVERAGE(Step13!B$3:B$7)/1000 -> 1880.8461 | C11: =Step13!C11+SUM(Step13!$B11:$F11)/1000-AVERAGE(Step13!C$3:C$7)/1000 -> 1939.6865 | D11: =Step13!D11+SUM(Step13!$B11:$F11)/1000-AVERAGE(Step13!D$3:D$7)/1000 -> 1895.023 | E11: =Step13!E11+SUM(Step13!$B11:$F11)/1000-AVERAGE(Step13!E$3:E$7)/1000 -> 1908.4631 | F11: =Step13!F11+SUM(Step13!$B11:$F11)/1000-AVERAGE(Step13!F$3:F$7)/1000 -> 1933.0774 | G11: =Step13!G11+SUM(Step13!$B11:$F11)/1000-AVERAGE(Step13!G$3:G$7)/1000 -> 1971.6714 | H11: =Step13!H11+SUM(Step13!$B11:$F11)/1000-AVERAGE(Step13!H$3:H$7)/1000 -> 1968.5026 | I11: =Step13!I11+SUM(Step13!$B11:$F11)/1000-AVERAGE(Step13!I$3:I$7)/1000 -> 1914.9618 | ... AY11: =Step13!AY11+SUM(Step13!$B11:$F11)/1000-AVERAGE(Step13!AY$3:AY$7)/1000 -> 2193.3153
A12: Banca Ligure | B12: =Step13!B12+SUM(Step13!$B12:$F12)/1000-AVERAGE(Step13!B$3:B$7)/1000 -> 1988.1966 | C12: =Step13!C12+SUM(Step13!$B12:$F12)/1000-AVERAGE(Step13!C$3:C$7)/1000 -> 2063.5861 | D12: =Step13!D12+SUM(Step13!$B12:$F12)/1000-AVERAGE(Step13!D$3:D$7)/1000 -> 2054.6919 | E12: =Step13!E12+SUM(Step13!$B12:$F12)/1000-AVERAGE(Step13!E$3:E$7)/1000 -> 2081.6831 | F12: =Step13!F12+SUM(Step13!$B12:$F12)/1000-AVERAGE(Step13!F$3:F$7)/1000 -> 2021.545 | G12: =Step13!G12+SUM(Step13!$B12:$F12)/1000-AVERAGE(Step13!G$3:G$7)/1000 -> 2105.4571 | H12: =Step13!H12+SUM(Step13!$B12:$F12)/1000-AVERAGE(Step13!H$3:H$7)/1000 -> 2093.4625 | I12: =Step13!I12+SUM(Step13!$B12:$F12)/1000-AVERAGE(Step13!I$3:I$7)/1000 -> 2095.9289 | ... AY12: =Step13!AY12+SUM(Step13!$B12:$F12)/1000-AVERAGE(Step13!AY$3:AY$7)/1000 -> 2285.6025
A13: Banca Veneta | B13: =Step13!B13+SUM(Step13!$B13:$F13)/1000-AVERAGE(Step13!B$3:B$7)/1000 -> 2160.6297 | C13: =Step13!C13+SUM(Step13!$B13:$F13)/1000-AVERAGE(Step13!C$3:C$7)/1000 -> 2206.894 | D13: =Step13!D13+SUM(Step13!$B13:$F13)/1000-AVERAGE(Step13!D$3:D$7)/1000 -> 2195.088 | E13: =Step13!E13+SUM(Step13!$B13:$F13)/1000-AVERAGE(Step13!E$3:E$7)/1000 -> 2164.3181 | F13: =Step13!F13+SUM(Step13!$B13:$F13)/1000-AVERAGE(Step13!F$3:F$7)/1000 -> 2145.8711 | G13: =Step13!G13+SUM(Step13!$B13:$F13)/1000-AVERAGE(Step13!G$3:G$7)/1000 -> 2165.282 | H13: =Step13!H13+SUM(Step13!$B13:$F13)/1000-AVERAGE(Step13!H$3:H$7)/1000 -> 2169.7765 | I13: =Step13!I13+SUM(Step13!$B13:$F13)/1000-AVERAGE(Step13!I$3:I$7)/1000 -> 2209.0521 | ... AY13: =Step13!AY13+SUM(Step13!$B13:$F13)/1000-AVERAGE(Step13!AY$3:AY$7)/1000 -> 2443.5081
A14: Banca Friulana | B14: =Step13!B14+SUM(Step13!$B14:$F14)/1000-AVERAGE(Step13!B$3:B$7)/1000 -> 2255.4916 | C14: =Step13!C14+SUM(Step13!$B14:$F14)/1000-AVERAGE(Step13!C$3:C$7)/1000 -> 2254.3722 | D14: =Step13!D14+SUM(Step13!$B14:$F14)/1000-AVERAGE(Step13!D$3:D$7)/1000 -> 2297.0126 | E14: =Step13!E14+SUM(Step13!$B14:$F14)/1000-AVERAGE(Step13!E$3:E$7)/1000 -> 2311.1881 | F14: =Step13!F14+SUM(Step13!$B14:$F14)/1000-AVERAGE(Step13!F$3:F$7)/1000 -> 2255.07 | G14: =Step13!G14+SUM(Step13!$B14:$F14)/1000-AVERAGE(Step13!G$3:G$7)/1000 -> 2362.8903 | H14: =Step13!H14+SUM(Step13!$B14:$F14)/1000-AVERAGE(Step13!H$3:H$7)/1000 -> 2333.0427 | I14: =Step13!I14+SUM(Step13!$B14:$F14)/1000-AVERAGE(Step13!I$3:I$7)/1000 -> 2326.4119 | ... AY14: =Step13!AY14+SUM(Step13!$B14:$F14)/1000-AVERAGE(Step13!AY$3:AY$7)/1000 -> 2575.3056
... A32: Extra 10 | B32: =Step13!B32+SUM(Step13!$B32:$F32)/1000-AVERAGE(Step13!B$3:B$7)/1000 -> -1.9370741 | C32: =Step13!C32+SUM(Step13!$B32:$F32)/1000-AVERAGE(Step13!C$3:C$7)/1000 -> 5.0471039 | D32: =Step13!D32+SUM(Step13!$B32:$F32)/1000-AVERAGE(Step13!D$3:D$7)/1000 -> -1.9359356 | E32: =Step13!E32+SUM(Step13!$B32:$F32)/1000-AVERAGE(Step13!E$3:E$7)/1000 -> -1.9764333 | F32: =Step13!F32+SUM(Step13!$B32:$F32)/1000-AVERAGE(Step13!F$3:F$7)/1000 -> -1.9757631 | G32: =Step13!G32+SUM(Step13!$B32:$F32)/1000-AVERAGE(Step13!G$3:G$7)/1000 -> -2.0301487 | H32: =Step13!H32+SUM(Step13!$B32:$F32)/1000-AVERAGE(Step13!H$3:H$7)/1000 -> -2.1158459 | I32: =Step13!I32+SUM(Step13!$B32:$F32)/1000-AVERAGE(Step13!I$3:I$7)/1000 -> -2.0366524 | ... AY32: =Step13!AY32+SUM(Step13!$B32:$F32)/1000-AVERAGE(Step13!AY$3:AY$7)/1000 -> -2.4329558

Sheet Step15
A1: Sheet 15
A3: Banca Alpi | B3: =IFERROR(VLOOKUP($A3,Step14!$A$3:$AY$32,COLUMN(),FALSE),0)*0.999+MAX(Step14!B3,0)*0.001 -> 906.38456 | C3: =IFERROR(VLOOKUP($A3,Step14!$A$3:$AY$32,COLUMN(),FALSE),0)*0.999+MAX(Step14!C3,0)*0.001 -> 887.64368 | D3: =IFERROR(VLOOKUP($A3,Step14!$A$3:$AY$32,COLUMN(),FALSE),0)*0.999+MAX(Step14!D3,0)*0.001 -> 883.00619 | E3: =IFERROR(VLOOKUP($A3,Step14!$A$3:$AY$32,COLUMN(),FALSE),0)*0.999+MAX(Step14!E3,0)*0.001 -> 892.1996 | F3: =IFERROR(VLOOKUP($A3,Step14!$A$3:$AY$32,COLUMN(),FALSE),0)*0.999+MAX(Step14!F3,0)*0.001 -> 888.815 | G3: =IFERROR(VLOOKUP($A3,Step14!$A$3:$AY$32,COLUMN(),FALSE),0)*0.999+MAX(Step14!G3,0)*0.001 -> 973.6087 | H3: =IFERROR(VLOOKUP($A3,Step14!$A$3:$AY$32,COLUMN(),FALSE),0)*0.999+MAX(Step14!H3,0)*0.001 -> 974.75208 | I3: =IFERROR(VLOOKUP($A3,Step14!$A$3:$AY$32,COLUMN(),FALSE),0)*0.999+MAX(Step14!I3,0)*0.001 -> 912.10324 | ... AY3: =IFERROR(VLOOKUP($A3,Step14!$A$3:$AY$32,COLUMN(),FALSE),0)*0.999+MAX(Step14!AY3,0)*0.001 -> 1054.2704
A4: Banca Adriatica | B4: =IFERROR(VLOOKUP($A4,Step14!$A$3:$AY$32,COLUMN(),FALSE),0)*0.999+MAX(Step14!B4,0)*0.001 -> 1057.6544 | C4: =IFERROR(VLOOKUP($A4,Step14!$A$3:$AY$32,COLUMN(),FALSE),0)*0.999+MAX(Step14!C4,0)*0.001 -> 1095.2169 | D4: =IFERROR(VLOOKUP($A4,Step14!$A$3:$AY$32,COLUMN(),FALSE),0)*0.999+MAX(Step14!D4,0)*0.001 -> 1073.524 | E4: =IFERROR(VLOOKUP($A4,Step14!$A$3:$AY$32,COLUMN(),FALSE),0)*0.999+MAX(Step14!E4,0)*0.001 -> 1079.3774 | F4: =IFERROR(VLOOKUP($A4,Step14!$A$3:$AY$32,COLUMN(),FALSE),0)*0.999+MAX(Step14!F4,0)*0.001 -> 1029.8283 | G4: =IFERROR(VLOOKUP($A4,Step14!$A$3:$AY$32,COLUMN(),FALSE),0)*0.999+MAX(Step14!G4,0)*0.001 -> 1069.1981 | H4: =IFERROR(VLOOKUP($A4,Step14!$A$3:$AY$32,COLUMN(),FALSE),0)*0.999+MAX(Step14!H4,0)*0.001 -> 1102.1992 | I4: =IFERROR(VLOOKUP($A4,Step14!$A$3:$AY$32,COLUMN(),FALSE),0)*0.999+MAX(Step14!I4,0)*0.001 -> 1073.4433 | ... AY4: =IFERROR(VLOOKUP($A4,Step14!$A$3:$AY$32,COLUMN(),FALSE),0)*0.999+MAX(Step14!AY4,0)*0.001 -> 1196.649
A5: Banca Tirrena | B5: =IFERROR(VLOOKUP($A5,Step14!$A$3:$AY$32,COLUMN(),FALSE),0)*0.999+MAX(Step14!B5,0)*0.001 -> 1185.6154 | C5: =IFERROR(VLOOKUP($A5,Step14!$A$3:$AY$32,COLUMN(),FALSE),0)*0.999+MAX(Step14!C5,0)*0.001 -> 1216.9585 | D5: =IFERROR(VLOOKUP($A5,Step14!$A$3:$AY$32,COLUMN(),FALSE),0)*0.999+MAX(Step14!D5,0)*0.001 -> 1162.2322 | E5: =IFERROR(VLOOKUP($A5,Step14!$A$3:$AY$32,COLUMN(),FALSE),0)*0.999+MAX(Step14!E5,0)*0.001 -> 1186.6341 | F5: =IFERROR(VLOOKUP($A5,Step14!$A$3:$AY$32,COLUMN(),FALSE),0)*0.999+MAX(Step14!F5,0)*0.001 -> 1181.6778 | G5: =IFERROR(VLOOKUP($A5,Step14!$A$3:$AY$32,COLUMN(),FALSE),0)*0.999+MAX(Step14!G5,0)*0.001 -> 1185.2 | H5: =IFERROR(VLOOKUP($A5,Step14!$A$3:$AY$32,COLUMN(),FALSE),0)*0.999+MAX(Step14!H5,0)*0.001 -> 1192.5598 | I5: =IFERROR(VLOOKUP($A5,Step14!$A$3:$AY$32,COLUMN(),FALSE),0)*0.999+MAX(Step14!I5,0)*0.001 -> 1221.7131 | ... AY5: =IFERROR(VLOOKUP($A5,Step14!$A$3:$AY$32,COLUMN(),FALSE),0)*0.999+MAX(Step14!AY5,0)*0.001 -> 1370.1864
A6: Banca Padana | B6: =IFERROR(VLOOKUP($A6,Step14!$A$3:$AY$32,COLUMN(),FALSE),0)*0.999+MAX(Step14!B6,0)*0.001 -> 1259.0346 | C6: =IFERROR(VLOOKUP($A6,Step14!$A$3:$AY$32,COLUMN(),FALSE),0)*0.999+MAX(Step14!C6,0)*0.001 -> 1305.6313 | D6: =IFERROR(VLOOKUP($A6,Step14!$A$3:$AY$32,COLUMN(),FALSE),0)*0.999+MAX(Step14!D6,0)*0.001 -> 1274.3903 | E6: =IFERROR(VLOOKUP($A6,Step14!$A$3:$AY$32,COLUMN(),FALSE),0)*0.999+MAX(Step14!E6,0)*0.001 -> 1328.7961 | F6: =IFERROR(VLOOKUP($A6,Step14!$A$3:$AY$32,COLUMN(),FALSE),0)*0.999+MAX(Step14!F6,0)*0.001 -> 1347.7684 | G6: =IFERROR(VLOOKUP($A6,Step14!$A$3:$AY$32,COLUMN(),FALSE),0)*0.999+MAX(Step14!G6,0)*0.001 -> 1295.4438 | H6: =IFERROR(VLOOKUP($A6,Step14!$A$3:$AY$32,COLUMN(),FALSE),0)*0.999+MAX(Step14!H6,0)*0.001 -> 1347.5026 | I6: =IFERROR(VLOOKUP($A6,Step14!$A$3:$AY$32,COLUMN(),FALSE),0)*0.999+MAX(Step14!I6,0)*0.001 -> 1298.208 | ... AY6: =IFERROR(VLOOKUP($A6,Step14!$A$3:$AY$32,COLUMN(),FALSE),0)*0.999+MAX(Step14!AY6,0)*0.001 -> 1429.8265
A7: Banca Etrusca | B7: =IFERROR(VLOOKUP($A7,Step14!$A$3:$AY$32,COLUMN(),FALSE),0)*0.999+MAX(Step14!B7,0)*0.001 -> 1396.8806 | C7: =IFERROR(VLOOKUP($A7,Step14!$A$3:$AY$32,COLUMN(),FALSE),0)*0.999+MAX(Step14!C7,0)*0.001 -> 1385.4241 | D7: =IFERROR(VLOOKUP($A7,Step14!$A$3:$AY$32,COLUMN(),FALSE),0)*0.999+MAX(Step14!D7,0)*0.001 -> 1410.2918 | E7: =IFERROR(VLOOKUP($A7,Step14!$A$3:$AY$32,COLUMN(),FALSE),0)*0.999+MAX(Step14!E7,0)*0.001 -> 1382.5445 | F7: =IFERROR(VLOOKUP($A7,Step14!$A$3:$AY$32,COLUMN(),FALSE),0)*0.999+MAX(Step14!F7,0)*0.001 -> 1420.3473 | G7: =IFERROR(VLOOKUP($A7,Step14!$A$3:$AY$32,COLUMN(),FALSE),0)*0.999+MAX(Step14!G7,0)*0.001 -> 1436.3027 | H7: =IFERROR(VLOOKUP($A7,Step14!$A$3:$AY$32,COLUMN(),FALSE),0)*0.999+MAX(Step14!H7,0)*0.001 -> 1485.323 | I7: =IFERROR(VLOOKUP($A7,Step14!$A$3:$AY$32,COLUMN(),FALSE),0)*0.999+MAX(Step14!I7,0)*0.001 -> 1464.8489 | ... AY7: =IFERROR(VLOOKUP($A7,Step14!$A$3:$AY$32,COLUMN(),FALSE),0)*0.999+MAX(Step14!AY7,0)*0.001 -> 1579.4302
A8: Banca Lariana | B8: =IFERROR(VLOOKUP($A8,Step14!$A$3:$AY$32,COLUMN(),FALSE),0)*0.999+MAX(Step14!B8,0)*0.001 -> 1527.7197 | C8: =IFERROR(VLOOKUP($A8,Step14!$A$3:$AY$32,COLUMN(),FALSE),0)*0.999+MAX(Step14!C8,0)*0.001 -> 1496.9894 | D8: =IFERROR(VLOOKUP($A8,Step14!$A$3:$AY$32,COLUMN(),FALSE),0)*0.999+MAX(Step14!D8,0)*0.001 -> 1582.8422 | E8: =IFERROR(VLOOKUP($A8,Step14!$A$3:$AY$32,COLUMN(),FALSE),0)*0.999+MAX(Step14!E8,0)*0.001 -> 1569.6636 | F8: =IFERROR(VLOOKUP($A8,Step14!$A$3:$AY$32,COLUMN(),FALSE),0)*0.999+MAX(Step14!F8,0)*0.001 -> 1519.364 | G8: =IFERROR(VLOOKUP($A8,Step14!$A$3:$AY$32,COLUMN(),FALSE),0)*0.999+MAX(Step14!G8,0)*0.001 -> 1573.3175 | H8: =IFERROR(VLOOKUP($A8,Step14!$A$3:$AY$32,COLUMN(),FALSE),0)*0.999+MAX(Step14!H8,0)*0.001 -> 1519.803 | I8: =IFERROR(VLOOKUP($A8,Step14!$A$3:$AY$32,COLUMN(),FALSE),0)*0.999+MAX(Step14!I8,0)*0.001 -> 1588.0309 | ... AY8: =IFERROR(VLOOKUP($A8,Step14!$A$3:$AY$32,COLUMN(),FALSE),0)*0.999+MAX(Step14!AY8,0)*0.001 -> 1715.6797
A9: Banca Sabina | B9: =IFERROR(VLOOKUP($A9,Step14!$A$3:$AY$32,COLUMN(),FALSE),0)*0.999+MAX(Step14!B9,0)*0.001 -> 1695.852 | C9: =IFERROR(VLOOKUP($A9,Step14!$A$3:$AY$32,COLUMN(),FALSE),0)*0.999+MAX(Step14!C9,0)*0.001 -> 1690.1887 | D9: =IFERROR(VLOOKUP($A9,Step14!$A$3:$AY$32,COLUMN(),FALSE),0)*0.999+MAX(Step14!D9,0)*0.001 -> 1638.8779 | E9: =IFERROR(VLOOKUP($A9,Step14!$A$3:$AY$32,COLUMN(),FALSE),0)*0.999+MAX(Step14!E9,0)*0.001 -> 1718.0428 | F9: =IFERROR(VLOOKUP($A9,Step14!$A$3:$AY$32,COLUMN(),FALSE),0)*0.999+MAX(Step14!F9,0)*0.001 -> 1659.5526 | G9: =IFERROR(VLOOKUP($A9,Step14!$A$3:$AY$32,COLUMN(),FALSE),0)*0.999+MAX(Step14!G9,0)*0.001 -> 1717.4305 | H9: =IFERROR(VLOOKUP($A9,Step14!$A$3:$AY$32,COLUMN(),FALSE),0)*0.999+MAX(Step14!H9,0)*0.001 -> 1673.8602 | I9: =IFERROR(VLOOKUP($A9,Step14!$A$3:$AY$32,COLUMN(),FALSE),0)*0.999+MAX(Step14!I9,0)*0.001 -> 1741.6951 | ... AY9: =IFERROR(VLOOKUP($A9,Step14!$A$3:$AY$32,COLUMN(),FALSE),0)*0.999+MAX(Step14!AY9,0)*0.001 -> 1896.2145
A10: Banca Irpina | B10: =IFERROR(VLOOKUP($A10,Step14!$A$3:$AY$32,COLUMN(),FALSE),0)*0.999+MAX(Step14!B10,0)*0.001 -> 1734.7001 | C10: =IFERROR(VLOOKUP($A10,Step14!$A$3:$AY$32,COLUMN(),FALSE),0)*0.999+MAX(Step14!C10,0)*0.001 -> 1823.9148 | D10: =IFERROR(VLOOKUP($A10,Step14!$A$3:$AY$32,COLUMN(),FALSE),0)*0.999+MAX(Step14!D10,0)*0.001 -> 1846.5331 | E10: =IFERROR(VLOOKUP($A10,Step14!$A$3:$AY$32,COLUMN(),FALSE),0)*0.999+MAX(Step14!E10,0)*0.001 -> 1788.7241 | F10: =IFERROR(VLOOKUP($A10,Step14!$A$3:$AY$32,COLUMN(),FALSE),0)*0.999+MAX(Step14!F10,0)*0.001 -> 1816.7036 | G10: =IFERROR(VLOOKUP($A10,Step14!$A$3:$AY$32,COLUMN(),FALSE),0)*0.999+MAX(Step14!G10,0)*0.001 -> 1803.1988 | H10: =IFERROR(VLOOKUP($A10,Step14!$A$3:$AY$32,COLUMN(),FALSE),0)*0.999+MAX(Step14!H10,0)*0.001 -> 1796.8966 | I10: =IFERROR(VLOOKUP($A10,Step14!$A$3:$AY$32,COLUMN(),FALSE),0)*0.999+MAX(Step14!I10,0)*0.001 -> 1803.1822 | ... AY10: =IFERROR(VLOOKUP($A10,Step14!$A$3:$AY$32,COLUMN(),FALSE),0)*0.999+MAX(Step14!AY10,0)*0.001 -> 2054.4032
A11: Banca Sannita | B11: =IFERROR(VLOOKUP($A11,Step14!$A$3:$AY$32,COLUMN(),FALSE),0)*0.999+MAX(Step14!B11,0)*0.001 -> 1880.8461 | C11: =IFERROR(VLOOKUP($A11,Step14!$A$3:$AY$32,COLUMN(),FALSE),0)*0.999+MAX(Step14!C11,0)*0.001 -> 1939.6865 | D11: =IFERROR(VLOOKUP($A11,Step14!$A$3:$AY$32,COLUMN(),FALSE),0)*0.999+MAX(Step14!D11,0)*0.001 -> 1895.023 | E11: =IFERROR(VLOOKUP($A11,Step14!$A$3:$AY$32,COLUMN(),FALSE),0)*0.999+MAX(Step14!E11,0)*0.001 -> 1908.4631 | F11: =IFERROR(VLOOKUP($A11,Step14!$A$3:$AY$32,COLUMN(),FALSE),0)*0.999+MAX(Step14!F11,0)*0.001 -> 1933.0774 | G11: =IFERROR(VLOOKUP($A11,Step14!$A$3:$AY$32,COLUMN(),FALSE),0)*0.999+MAX(Step14!G11,0)*0.001 -> 1971.6714 | H11: =IFERROR(VLOOKUP($A11,Step14!$A$3:$AY$32,COLUMN(),FALSE),0)*0.999+MAX(Step14!H11,0)*0.001 -> 1968.5026 | I11: =IFERROR(VLOOKUP($A11,Step14!$A$3:$AY$32,COLUMN(),FALSE),0)*0.999+MAX(Step14!I11,0)*0.001 -> 1914.9618 | ... AY11: =IFERROR(VLOOKUP($A11,Step14!$A$3:$AY$32,COLUMN(),FALSE),0)*0.999+MAX(Step14!AY11,0)*0.001 -> 2193.3153
A12: Banca Ligure | B12: =IFERROR(VLOOKUP($A12,Step14!$A$3:$AY$32,COLUMN(),FALSE),0)*0.999+MAX(Step14!B12,0)*0.001 -> 1988.1966 | C12: =IFERROR(VLOOKUP($A12,Step14!$A$3:$AY$32,COLUMN(),FALSE),0)*0.999+MAX(Step14!C12,0)*0.001 -> 2063.5861 | D12: =IFERROR(VLOOKUP($A12,Step14!$A$3:$AY$32,COLUMN(),FALSE),0)*0.999+MAX(Step14!D12,0)*0.001 -> 2054.6919 | E12: =IFERROR(VLOOKUP($A12,Step14!$A$3:$AY$32,COLUMN(),FALSE),0)*0.999+MAX(Step14!E12,0)*0.001 -> 2081.6831 | F12: =IFERROR(VLOOKUP($A12,Step14!$A$3:$AY$32,COLUMN(),FALSE),0)*0.999+MAX(Step14!F12,0)*0.001 -> 2021.545 | G12: =IFERROR(VLOOKUP($A12,Step14!$A$3:$AY$32,COLUMN(),FALSE),0)*0.999+MAX(Step14!G12,0)*0.001 -> 2105.4571 | H12: =IFERROR(VLOOKUP($A12,Step14!$A$3:$AY$32,COLUMN(),FALSE),0)*0.999+MAX(Step14!H12,0)*0.001 -> 2093.4625 | I12: =IFERROR(VLOOKUP($A12,Step14!$A$3:$AY$32,COLUMN(),FALSE),0)*0.999+MAX(Step14!I12,0)*0.001 -> 2095.9289 | ... AY12: =IFERROR(VLOOKUP($A12,Step14!$A$3:$AY$32,COLUMN(),FALSE),0)*0.999+MAX(Step14!AY12,0)*0.001 -> 2285.6025
A13: Banca Veneta | B13: =IFERROR(VLOOKUP($A13,Step14!$A$3:$AY$32,COLUMN(),FALSE),0)*0.999+MAX(Step14!B13,0)*0.001 -> 2160.6297 | C13: =IFERROR(VLOOKUP($A13,Step14!$A$3:$AY$32,COLUMN(),FALSE),0)*0.999+MAX(Step14!C13,0)*0.001 -> 2206.894 | D13: =IFERROR(VLOOKUP($A13,Step14!$A$3:$AY$32,COLUMN(),FALSE),0)*0.999+MAX(Step14!D13,0)*0.001 -> 2195.088 | E13: =IFERROR(VLOOKUP($A13,Step14!$A$3:$AY$32,COLUMN(),FALSE),0)*0.999+MAX(Step14!E13,0)*0.001 -> 2164.3181 | F13: =IFERROR(VLOOKUP($A13,Step14!$A$3:$AY$32,COLUMN(),FALSE),0)*0.999+MAX(Step14!F13,0)*0.001 -> 2145.8711 | G13: =IFERROR(VLOOKUP($A13,Step14!$A$3:$AY$32,COLUMN(),FALSE),0)*0.999+MAX(Step14!G13,0)*0.001 -> 2165.282 | H13: =IFERROR(VLOOKUP($A13,Step14!$A$3:$AY$32,COLUMN(),FALSE),0)*0.999+MAX(Step14!H13,0)*0.001 -> 2169.7765 | I13: =IFERROR(VLOOKUP($A13,Step14!$A$3:$AY$32,COLUMN(),FALSE),0)*0.999+MAX(Step14!I13,0)*0.001 -> 2209.0521 | ... AY13: =IFERROR(VLOOKUP($A13,Step14!$A$3:$AY$32,COLUMN(),FALSE),0)*0.999+MAX(Step14!AY13,0)*0.001 -> 2443.5081
A14: Banca Friulana | B14: =IFERROR(VLOOKUP($A14,Step14!$A$3:$AY$32,COLUMN(),FALSE),0)*0.999+MAX(Step14!B14,0)*0.001 -> 2255.4916 | C14: =IFERROR(VLOOKUP($A14,Step14!$A$3:$AY$32,COLUMN(),FALSE),0)*0.999+MAX(Step14!C14,0)*0.001 -> 2254.3722 | D14: =IFERROR(VLOOKUP($A14,Step14!$A$3:$AY$32,COLUMN(),FALSE),0)*0.999+MAX(Step14!D14,0)*0.001 -> 2297.0126 | E14: =IFERROR(VLOOKUP($A14,Step14!$A$3:$AY$32,COLUMN(),FALSE),0)*0.999+MAX(Step14!E14,0)*0.001 -> 2311.1881 | F14: =IFERROR(VLOOKUP($A14,Step14!$A$3:$AY$32,COLUMN(),FALSE),0)*0.999+MAX(Step14!F14,0)*0.001 -> 2255.07 | G14: =IFERROR(VLOOKUP($A14,Step14!$A$3:$AY$32,COLUMN(),FALSE),0)*0.999+MAX(Step14!G14,0)*0.001 -> 2362.8903 | H14: =IFERROR(VLOOKUP($A14,Step14!$A$3:$AY$32,COLUMN(),FALSE),0)*0.999+MAX(Step14!H14,0)*0.001 -> 2333.0427 | I14: =IFERROR(VLOOKUP($A14,Step14!$A$3:$AY$32,COLUMN(),FALSE),0)*0.999+MAX(Step14!I14,0)*0.001 -> 2326.4119 | ... AY14: =IFERROR(VLOOKUP($A14,Step14!$A$3:$AY$32,COLUMN(),FALSE),0)*0.999+MAX(Step14!AY14,0)*0.001 -> 2575.3056
... A32: Extra 10 | B32: =IFERROR(VLOOKUP($A32,Step14!$A$3:$AY$32,COLUMN(),FALSE),0)*0.999+MAX(Step14!B32,0)*0.001 -> -1.935137 | C32: =IFERROR(VLOOKUP($A32,Step14!$A$3:$AY$32,COLUMN(),FALSE),0)*0.999+MAX(Step14!C32,0)*0.001 -> 5.0471039 | D32: =IFERROR(VLOOKUP($A32,Step14!$A$3:$AY$32,COLUMN(),FALSE),0)*0.999+MAX(Step14!D32,0)*0.001 -> -1.9339997 | E32: =IFERROR(VLOOKUP($A32,Step14!$A$3:$AY$32,COLUMN(),FALSE),0)*0.999+MAX(Step14!E32,0)*0.001 -> -1.9744569 | F32: =IFERROR(VLOOKUP($A32,Step14!$A$3:$AY$32,COLUMN(),FALSE),0)*0.999+MAX(Step14!F32,0)*0.001 -> -1.9737873 | G32: =IFERROR(VLOOKUP($A32,Step14!$A$3:$AY$32,COLUMN(),FALSE),0)*0.999+MAX(Step14!G32,0)*0.001 -> -2.0281185 | H32: =IFERROR(VLOOKUP($A32,Step14!$A$3:$AY$32,COLUMN(),FALSE),0)*0.999+MAX(Step14!H32,0)*0.001 -> -2.11373 | I32: =IFERROR(VLOOKUP($A32,Step14!$A$3:$AY$32,COLUMN(),FALSE),0)*0.999+MAX(Step14!I32,0)*0.001 -> -2.0346158 | ... AY32: =IFERROR(VLOOKUP($A32,Step14!$A$3:$AY$32,COLUMN(),FALSE),0)*0.999+MAX(Step14!AY32,0)*0.001 -> -2.4305228

Sheet Step16
A1: Sheet 16
A3: Banca Alpi | B3: {=Step15!B3*(1+Control!$B$3/12)+IF(MOD(ROW()+COLUMN(),7)=0,INDEX(Base!$B$3:$BA$22,MOD(ROW(),20)+1,MOD(COLUMN(),52)+1)*0.001,0)} -> 908.65052 | C3: {=Step15!C3*(1+Control!$B$3/12)+IF(MOD(ROW()+COLUMN(),7)=0,INDEX(Base!$B$3:$BA$22,MOD(ROW(),20)+1,MOD(COLUMN(),52)+1)*0.001,0)} -> 889.86279 | D3: {=Step15!D3*(1+Control!$B$3/12)+IF(MOD(ROW()+COLUMN(),7)=0,INDEX(Base!$B$3:$BA$22,MOD(ROW(),20)+1,MOD(COLUMN(),52)+1)*0.001,0)} -> 886.53528 | E3: {=Step15!E3*(1+Control!$B$3/12)+IF(MOD(ROW()+COLUMN(),7)=0,INDEX(Base!$B$3:$BA$22,MOD(ROW(),20)+1,MOD(COLUMN(),52)+1)*0.001,0)} -> 894.4301 | F3: {=Step15!F3*(1+Control!$B$3/12)+IF(MOD(ROW()+COLUMN(),7)=0,INDEX(Base!$B$3:$BA$22,MOD(ROW(),20)+1,MOD(COLUMN(),52)+1)*0.001,0)} -> 891.03704 | G3: {=Step15!G3*(1+Control!$B$3/12)+IF(MOD(ROW()+COLUMN(),7)=0,INDEX(Base!$B$3:$BA$22,MOD(ROW(),20)+1,MOD(COLUMN(),52)+1)*0.001,0)} -> 976.04272 | H3: {=Step15!H3*(1+Control!$B$3/12)+IF(MOD(ROW()+COLUMN(),7)=0,INDEX(Base!$B$3:$BA$22,MOD(ROW(),20)+1,MOD(COLUMN(),52)+1)*0.001,0)} -> 977.18896 | I3: {=Step15!I3*(1+Control!$B$3/12)+IF(MOD(ROW()+COLUMN(),7)=0,INDEX(Base!$B$3:$BA$22,MOD(ROW(),20)+1,MOD(COLUMN(),52)+1)*0.001,0)} -> 914.3835 | ... AY3: {=Step15!AY3*(1+Control!$B$3/12)+IF(MOD(ROW()+COLUMN(),7)=0,INDEX(Base!$B$3:$BA$22,MOD(ROW(),20)+1,MOD(COLUMN(),52)+1)*0.001,0)} -> 1056.9061
A4: Banca Adriatica | B4: {=Step15!B4*(1+Control!$B$3/12)+IF(MOD(ROW()+COLUMN(),7)=0,INDEX(Base!$B$3:$BA$22,MOD(ROW(),20)+1,MOD(COLUMN(),52)+1)*0.001,0)} -> 1060.2986 | C4: {=Step15!C4*(1+Control!$B$3/12)+IF(MOD(ROW()+COLUMN(),7)=0,INDEX(Base!$B$3:$BA$22,MOD(ROW(),20)+1,MOD(COLUMN(),52)+1)*0.001,0)} -> 1099.3094 | D4: {=Step15!D4*(1+Control!$B$3/12)+IF(MOD(ROW()+COLUMN(),7)=0,INDEX(Base!$B$3:$BA$22,MOD(ROW(),20)+1,MOD(COLUMN(),52)+1)*0.001,0)} -> 1076.2078 | E4: {=Step15!E4*(1+Control!$B$3/12)+IF(MOD(ROW()+COLUMN(),7)=0,INDEX(Base!$B$3:$BA$22,MOD(ROW(),20)+1,MOD(COLUMN(),52)+1)*0.001,0)} -> 1082.0759 | F4: {=Step15!F4*(1+Control!$B$3/12)+IF(MOD(ROW()+COLUMN(),7)=0,INDEX(Base!$B$3:$BA$22,MOD(ROW(),20)+1,MOD(COLUMN(),52)+1)*0.001,0)} -> 1032.4029 | G4: {=Step15!G4*(1+Control!$B$3/12)+IF(MOD(ROW()+COLUMN(),7)=0,INDEX(Base!$B$3:$BA$22,MOD(ROW(),20)+1,MOD(COLUMN(),52)+1)*0.001,0)} -> 1071.8711 | H4: {=Step15!H4*(1+Control!$B$3/12)+IF(MOD(ROW()+COLUMN(),7)=0,INDEX(Base!$B$3:$BA$22,MOD(ROW(),20)+1,MOD(COLUMN(),52)+1)*0.001,0)} -> 1104.9547 | I4: {=Step15!I4*(1+Control!$B$3/12)+IF(MOD(ROW()+COLUMN(),7)=0,INDEX(Base!$B$3:$BA$22,MOD(ROW(),20)+1,MOD(COLUMN(),52)+1)*0.001,0)} -> 1076.1269 | ... AY4: {=Step15!AY4*(1+Control!$B$3/12)+IF(MOD(ROW()+COLUMN(),7)=0,INDEX(Base!$B$3:$BA$22,MOD(ROW(),20)+1,MOD(COLUMN(),52)+1)*0.001,0)} -> 1199.6406
A5: Banca Tirrena | B5: {=Step15!B5*(1+Control!$B$3/12)+IF(MOD(ROW()+COLUMN(),7)=0,INDEX(Base!$B$3:$BA$22,MOD(ROW(),20)+1,MOD(COLUMN(),52)+1)*0.001,0)} -> 1190.1304 | C5: {=Step15!C5*(1+Control!$B$3/12)+IF(MOD(ROW()+COLUMN(),7)=0,INDEX(Base!$B$3:$BA$22,MOD(ROW(),20)+1,MOD(COLUMN(),52)+1)*0.001,0)} -> 1220.0009 | D5: {=Step15!D5*(1+Control!$B$3/12)+IF(MOD(ROW()+COLUMN(),7)=0,INDEX(Base!$B$3:$BA$22,MOD(ROW(),20)+1,MOD(COLUMN(),52)+1)*0.001,0)} -> 1165.1378 | E5: {=Step15!E5*(1+Control!$B$3/12)+IF(MOD(ROW()+COLUMN(),7)=0,INDEX(Base!$B$3:$BA$22,MOD(ROW(),20)+1,MOD(COLUMN(),52)+1)*0.001,0)} -> 1189.6007 | F5: {=Step15!F5*(1+Control!$B$3/12)+IF(MOD(ROW()+COLUMN(),7)=0,INDEX(Base!$B$3:$BA$22,MOD(ROW(),20)+1,MOD(COLUMN(),52)+1)*0.001,0)} -> 1184.632 | G5: {=Step15!G5*(1+Control!$B$3/12)+IF(MOD(ROW()+COLUMN(),7)=0,INDEX(Base!$B$3:$BA$22,MOD(ROW(),20)+1,MOD(COLUMN(),52)+1)*0.001,0)} -> 1188.163 | H5: {=Step15!H5*(1+Control!$B$3/12)+IF(MOD(ROW()+COLUMN(),7)=0,INDEX(Base!$B$3:$BA$22,MOD(ROW(),20)+1,MOD(COLUMN(),52)+1)*0.001,0)} -> 1195.5412 | I5: {=Step15!I5*(1+Control!$B$3/12)+IF(MOD(ROW()+COLUMN(),7)=0,INDEX(Base!$B$3:$BA$22,MOD(ROW(),20)+1,MOD(COLUMN(),52)+1)*0.001,0)} -> 1226.2671 | ... AY5: {=Step15!AY5*(1+Control!$B$3/12)+IF(MOD(ROW()+COLUMN(),7)=0,INDEX(Base!$B$3:$BA$22,MOD(ROW(),20)+1,MOD(COLUMN(),52)+1)*0.001,0)} -> 1375.3123
A6: Banca Padana | B6: {=Step15!B6*(1+Control!$B$3/12)+IF(MOD(ROW()+COLUMN(),7)=0,INDEX(Base!$B$3:$BA$22,MOD(ROW(),20)+1,MOD(COLUMN(),52)+1)*0.001,0)} -> 1262.1822 | C6: {=Step15!C6*(1+Control!$B$3/12)+IF(MOD(ROW()+COLUMN(),7)=0,INDEX(Base!$B$3:$BA$22,MOD(ROW(),20)+1,MOD(COLUMN(),52)+1)*0.001,0)} -> 1308.8954 | D6: {=Step15!D6*(1+Control!$B$3/12)+IF(MOD(ROW()+COLUMN(),7)=0,INDEX(Base!$B$3:$BA$22,MOD(ROW(),20)+1,MOD(COLUMN(),52)+1)*0.001,0)} -> 1277.5763 | E6: {=Step15!E6*(1+Control!$B$3/12)+IF(MOD(ROW()+COLUMN(),7)=0,INDEX(Base!$B$3:$BA$22,MOD(ROW(),20)+1,MOD(COLUMN(),52)+1)*0.001,0)} -> 1332.1181 | F6: {=Step15!F6*(1+Control!$B$3/12)+IF(MOD(ROW()+COLUMN(),7)=0,INDEX(Base!$B$3:$BA$22,MOD(ROW(),20)+1,MOD(COLUMN(),52)+1)*0.001,0)} -> 1351.1378 | G6: {=Step15!G6*(1+Control!$B$3/12)+IF(MOD(ROW()+COLUMN(),7)=0,INDEX(Base!$B$3:$BA$22,MOD(ROW(),20)+1,MOD(COLUMN(),52)+1)*0.001,0)} -> 1298.6825 | H6: {=Step15!H6*(1+Control!$B$3/12)+IF(MOD(ROW()+COLUMN(),7)=0,INDEX(Base!$B$3:$BA$22,MOD(ROW(),20)+1,MOD(COLUMN(),52)+1)*0.001,0)} -> 1352.5347 | I6: {=Step15!I6*(1+Control!$B$3/12)+IF(MOD(ROW()+COLUMN(),7)=0,INDEX(Base!$B$3:$BA$22,MOD(ROW(),20)+1,MOD(COLUMN(),52)+1)*0.001,0)} -> 1301.4535 | ... AY6: {=Step15!AY6*(1+Control!$B$3/12)+IF(MOD(ROW()+COLUMN(),7)=0,INDEX(Base!$B$3:$BA$22,MOD(ROW(),20)+1,MOD(COLUMN(),52)+1)*0.001,0)} -> 1433.4011
A7: Banca Etrusca | B7: {=Step15!B7*(1+Control!$B$3/12)+IF(MOD(ROW()+COLUMN(),7)=0,INDEX(Base!$B$3:$BA$22,MOD(ROW(),20)+1,MOD(COLUMN(),52)+1)*0.001,0)} -> 1400.3728 | C7: {=Step15!C7*(1+Control!$B$3/12)+IF(MOD(ROW()+COLUMN(),7)=0,INDEX(Base!$B$3:$BA$22,MOD(ROW(),20)+1,MOD(COLUMN(),52)+1)*0.001,0)} -> 1388.8876 | D7: {=Step15!D7*(1+Control!$B$3/12)+IF(MOD(ROW()+COLUMN(),7)=0,INDEX(Base!$B$3:$BA$22,MOD(ROW(),20)+1,MOD(COLUMN(),52)+1)*0.001,0)} -> 1413.8175 | E7: {=Step15!E7*(1+Control!$B$3/12)+IF(MOD(ROW()+COLUMN(),7)=0,INDEX(Base!$B$3:$BA$22,MOD(ROW(),20)+1,MOD(COLUMN(),52)+1)*0.001,0)} -> 1386.0009 | F7: {=Step15!F7*(1+Control!$B$3/12)+IF(MOD(ROW()+COLUMN(),7)=0,INDEX(Base!$B$3:$BA$22,MOD(ROW(),20)+1,MOD(COLUMN(),52)+1)*0.001,0)} -> 1423.8981 | G7: {=Step15!G7*(1+Control!$B$3/12)+IF(MOD(ROW()+COLUMN(),7)=0,INDEX(Base!$B$3:$BA$22,MOD(ROW(),20)+1,MOD(COLUMN(),52)+1)*0.001,0)} -> 1441.6591 | H7: {=Step15!H7*(1+Control!$B$3/12)+IF(MOD(ROW()+COLUMN(),7)=0,INDEX(Base!$B$3:$BA$22,MOD(ROW(),20)+1,MOD(COLUMN(),52)+1)*0.001,0)} -> 1489.0363 | I7: {=Step15!I7*(1+Control!$B$3/12)+IF(MOD(ROW()+COLUMN(),7)=0,INDEX(Base!$B$3:$BA$22,MOD(ROW(),20)+1,MOD(COLUMN(),52)+1)*0.001,0)} -> 1468.511 | ... AY7: {=Step15!AY7*(1+Control!$B$3/12)+IF(MOD(ROW()+COLUMN(),7)=0,INDEX(Base!$B$3:$BA$22,MOD(ROW(),20)+1,MOD(COLUMN(),52)+1)*0.001,0)} -> 1583.3788
A8: Banca Lariana | B8: {=Step15!B8*(1+Control!$B$3/12)+IF(MOD(ROW()+COLUMN(),7)=0,INDEX(Base!$B$3:$BA$22,MOD(ROW(),20)+1,MOD(COLUMN(),52)+1)*0.001,0)} -> 1531.539 | C8: {=Step15!C8*(1+Control!$B$3/12)+IF(MOD(ROW()+COLUMN(),7)=0,INDEX(Base!$B$3:$BA$22,MOD(ROW(),20)+1,MOD(COLUMN(),52)+1)*0.001,0)} -> 1500.7319 | D8: {=Step15!D8*(1+Control!$B$3/12)+IF(MOD(ROW()+COLUMN(),7)=0,INDEX(Base!$B$3:$BA$22,MOD(ROW(),20)+1,MOD(COLUMN(),52)+1)*0.001,0)} -> 1586.7993 | E8: {=Step15!E8*(1+Control!$B$3/12)+IF(MOD(ROW()+COLUMN(),7)=0,INDEX(Base!$B$3:$BA$22,MOD(ROW(),20)+1,MOD(COLUMN(),52)+1)*0.001,0)} -> 1573.5878 | F8: {=Step15!F8*(1+Control!$B$3/12)+IF(MOD(ROW()+COLUMN(),7)=0,INDEX(Base!$B$3:$BA$22,MOD(ROW(),20)+1,MOD(COLUMN(),52)+1)*0.001,0)} -> 1525.0903 | G8: {=Step15!G8*(1+Control!$B$3/12)+IF(MOD(ROW()+COLUMN(),7)=0,INDEX(Base!$B$3:$BA$22,MOD(ROW(),20)+1,MOD(COLUMN(),52)+1)*0.001,0)} -> 1577.2508 | H8: {=Step15!H8*(1+Control!$B$3/12)+IF(MOD(ROW()+COLUMN(),7)=0,INDEX(Base!$B$3:$BA$22,MOD(ROW(),20)+1,MOD(COLUMN(),52)+1)*0.001,0)} -> 1523.6026 | I8: {=Step15!I8*(1+Control!$B$3/12)+IF(MOD(ROW()+COLUMN(),7)=0,INDEX(Base!$B$3:$BA$22,MOD(ROW(),20)+1,MOD(COLUMN(),52)+1)*0.001,0)} -> 1592.001 | ... AY8: {=Step15!AY8*(1+Control!$B$3/12)+IF(MOD(ROW()+COLUMN(),7)=0,INDEX(Base!$B$3:$BA$22,MOD(ROW(),20)+1,MOD(COLUMN(),52)+1)*0.001,0)} -> 1719.9689
A9: Banca Sabina | B9: {=Step15!B9*(1+Control!$B$3/12)+IF(MOD(ROW()+COLUMN(),7)=0,INDEX(Base!$B$3:$BA$22,MOD(ROW(),20)+1,MOD(COLUMN(),52)+1)*0.001,0)} -> 1700.0916 | C9: {=Step15!C9*(1+Control!$B$3/12)+IF(MOD(ROW()+COLUMN(),7)=0,INDEX(Base!$B$3:$BA$22,MOD(ROW(),20)+1,MOD(COLUMN(),52)+1)*0.001,0)} -> 1694.4141 | D9: {=Step15!D9*(1+Control!$B$3/12)+IF(MOD(ROW()+COLUMN(),7)=0,INDEX(Base!$B$3:$BA$22,MOD(ROW(),20)+1,MOD(COLUMN(),52)+1)*0.001,0)} -> 1642.9751 | E9: {=Step15!E9*(1+Control!$B$3/12)+IF(MOD(ROW()+COLUMN(),7)=0,INDEX(Base!$B$3:$BA$22,MOD(ROW(),20)+1,MOD(COLUMN(),52)+1)*0.001,0)} -> 1724.3996 | F9: {=Step15!F9*(1+Control!$B$3/12)+IF(MOD(ROW()+COLUMN(),7)=0,INDEX(Base!$B$3:$BA$22,MOD(ROW(),20)+1,MOD(COLUMN(),52)+1)*0.001,0)} -> 1663.7015 | G9: {=Step15!G9*(1+Control!$B$3/12)+IF(MOD(ROW()+COLUMN(),7)=0,INDEX(Base!$B$3:$BA$22,MOD(ROW(),20)+1,MOD(COLUMN(),52)+1)*0.001,0)} -> 1721.7241 | H9: {=Step15!H9*(1+Control!$B$3/12)+IF(MOD(ROW()+COLUMN(),7)=0,INDEX(Base!$B$3:$BA$22,MOD(ROW(),20)+1,MOD(COLUMN(),52)+1)*0.001,0)} -> 1678.0449 | I9: {=Step15!I9*(1+Control!$B$3/12)+IF(MOD(ROW()+COLUMN(),7)=0,INDEX(Base!$B$3:$BA$22,MOD(ROW(),20)+1,MOD(COLUMN(),52)+1)*0.001,0)} -> 1746.0494 | ... AY9: {=Step15!AY9*(1+Control!$B$3/12)+IF(MOD(ROW()+COLUMN(),7)=0,INDEX(Base!$B$3:$BA$22,MOD(ROW(),20)+1,MOD(COLUMN(),52)+1)*0.001,0)} -> 1900.9551
A10: Banca Irpina | B10: {=Step15!B10*(1+Control!$B$3/12)+IF(MOD(ROW()+COLUMN(),7)=0,INDEX(Base!$B$3:$BA$22,MOD(ROW(),20)+1,MOD(COLUMN(),52)+1)*0.001,0)} -> 1739.0368 | C10: {=Step15!C10*(1+Control!$B$3/12)+IF(MOD(ROW()+COLUMN(),7)=0,INDEX(Base!$B$3:$BA$22,MOD(ROW(),20)+1,MOD(COLUMN(),52)+1)*0.001,0)} -> 1828.4746 | D10: {=Step15!D10*(1+Control!$B$3/12)+IF(MOD(ROW()+COLUMN(),7)=0,INDEX(Base!$B$3:$BA$22,MOD(ROW(),20)+1,MOD(COLUMN(),52)+1)*0.001,0)} -> 1853.2489 | E10: {=Step15!E10*(1+Control!$B$3/12)+IF(MOD(ROW()+COLUMN(),7)=0,INDEX(Base!$B$3:$BA$22,MOD(ROW(),20)+1,MOD(COLUMN(),52)+1)*0.001,0)} -> 1793.1959 | F10: {=Step15!F10*(1+Control!$B$3/12)+IF(MOD(ROW()+COLUMN(),7)=0,INDEX(Base!$B$3:$BA$22,MOD(ROW(),20)+1,MOD(COLUMN(),52)+1)*0.001,0)} -> 1821.2454 | G10: {=Step15!G10*(1+Control!$B$3/12)+IF(MOD(ROW()+COLUMN(),7)=0,INDEX(Base!$B$3:$BA$22,MOD(ROW(),20)+1,MOD(COLUMN(),52)+1)*0.001,0)} -> 1807.7068 | H10: {=Step15!H10*(1+Control!$B$3/12)+IF(MOD(ROW()+COLUMN(),7)=0,INDEX(Base!$B$3:$BA$22,MOD(ROW(),20)+1,MOD(COLUMN(),52)+1)*0.001,0)} -> 1801.3889 | I10: {=Step15!I10*(1+Control!$B$3/12)+IF(MOD(ROW()+COLUMN(),7)=0,INDEX(Base!$B$3:$BA$22,MOD(ROW(),20)+1,MOD(COLUMN(),52)+1)*0.001,0)} -> 1807.6902 | ... AY10: {=Step15!AY10*(1+Control!$B$3/12)+IF(MOD(ROW()+COLUMN(),7)=0,INDEX(Base!$B$3:$BA$22,MOD(ROW(),20)+1,MOD(COLUMN(),52)+1)*0.001,0)} -> 2059.5392
