Workbook

Sheet Control
A2: Bank | B2: Bank D
A3: Bank index | B3: =MATCH(B2,Data!H2:H11,0) -> 4
A4: Week | B4: 12
A5: FX | B5: 1.0847
A6: Unit | B6: mln
A7: Title | B7: =B2&" - week "&TEXT(B4,"00")&" ("&B6&" EUR)" -> Bank D - week 12 (mln EUR)
A8: Week date | B8: =INDEX(Data!G:G,MATCH(1,INDEX((Data!A:A=B2)*(Data!B:B=B4),0),0)) -> 46104.422
A9: Month end | B9: =EOMONTH(B8,0) -> 46112

Sheet Data
A1: Bank | B1: Week | C1: Loans | D1: Deposits | E1: Budget loans | F1: Budget deposits | G1: Date | H1: Banks
A2: Bank A | B2: 1 | C2: 1491.123 | D2: 1825.4 | E2: 1507 | F2: 1806 | G2: 46027.422 | H2: Bank A
A3: Bank A | B3: 2 | C3: 1474.003 | D3: 1730.8 | E3: 1513 | F3: 1813 | G3: 46034.422 | H3: Bank B
A4: Bank A | B4: 3 | C4: 1556.155 | D4: 1739.2 | E4: 1520 | F4: 1819 | G4: 46041.422 | H4: Bank C
A5: Bank A | B5: 4 | C5: 1483.306 | D5: 1794.6 | E5: 1527 | F5: 1825 | G5: 46048.422 | H5: Bank D
A6: Bank A | B6: 5 | C6: 1534.804 | D6: 1771 | E6: 1534 | F6: 1832 | G6: 46055.422 | H6: Bank E
A7: Bank A | B7: 6 | C7: 1584.708 | D7: 1796.4 | E7: 1540 | F7: 1838 | G7: 46062.422 | H7: Bank F
A8: Bank A | B8: 7 | C8: 1506.632 | D8: 1903.8 | E8: 1547 | F8: 1844 | G8: 46069.422 | H8: Bank G
A9: Bank A | B9: 8 | C9: 1560.211 | D9: 1840.2 | E9: 1554 | F9: 1850 | G9: 46076.422 | H9: Bank H
A10: Bank A | B10: 9 | C10: 1497.792 | D10: 1867.6 | E10: 1561 | F10: 1857 | G10: 46083.422 | H10: Bank I
A11: Bank A | B11: 10 | C11: 1556.478 | D11: 1875 | E11: 1568 | F11: 1863 | G11: 46090.422 | H11: Bank J
A12: Bank A | B12: 11 | C12: 1544.291 | D12: 1845.4 | E12: 1574 | F12: 1869 | G12: 46097.422
A13: Bank A | B13: 12 | C13: 1547.322 | D13: 1785.8 | E13: 1581 | F13: 1876 | G13: 46104.422
A14: Bank B | B14: 1 | C14: 2218.635 | D14: 2568.9 | E14: 2210 | F14: 2649 | G14: 46027.422
A15: Bank B | B15: 2 | C15: 2183.942 | D15: 2724.8 | E15: 2220 | F15: 2658 | G15: 46034.422
A16: Bank B | B16: 3 | C16: 2231.303 | D16: 2660.8 | E16: 2230 | F16: 2668 | G16: 46041.422
A17: Bank B | B17: 4 | C17: 2251.437 | D17: 2655.7 | E17: 2240 | F17: 2677 | G17: 46048.422
A18: Bank B | B18: 5 | C18: 2298.963 | D18: 2665.6 | E18: 2250 | F18: 2686 | G18: 46055.422
A19: Bank B | B19: 6 | C19: 2292.335 | D19: 2720.5 | E19: 2259 | F19: 2695 | G19: 46062.422
A20: Bank B | B20: 7 | C20: 2274.373 | D20: 2760.4 | E20: 2269 | F20: 2705 | G20: 46069.422
A21: Bank B | B21: 8 | C21: 2227.561 | D21: 2656.4 | E21: 2279 | F21: 2714 | G21: 46076.422
A22: Bank B | B22: 9 | C22: 2264.552 | D22: 2739.3 | E22: 2289 | F22: 2723 | G22: 46083.422
A23: Bank B | B23: 10 | C23: 2274.846 | D23: 2641.2 | E23: 2299 | F23: 2732 | G23: 46090.422
... A121: Bank J | B121: 12 | C121: 8133.561 | D121: 9721 | E121: 8221 | F121: 9753 | G121: 46104.422

Sheet SLIDE_1
B2: x
C3: ="Loans & deposits - "&Control!$B$2 -> Loans & deposits - Bank D
C4: Item | D4: ="Week "&TEXT(Control!$B$4-3,"00") -> Week 09 | E4: ="Week "&TEXT(Control!$B$4-2,"00") -> Week 10 | F4: ="Week "&TEXT(Control!$B$4-1,"00") -> Week 11 | G4: ="Week "&TEXT(Control!$B$4-0,"00") -> Week 12 | H4: Delta w/w | I4: Delta % | J4: Budget | K4: vs Budget
C5: Loans | D5: =ROUND(SUMIFS(Data!$C:$C,Data!$A:$A,Control!$B$2,Data!$B:$B,Control!$B$4-3)*Control!$B$5,1) -> 4013.5 | E5: =ROUND(SUMIFS(Data!$C:$C,Data!$A:$A,Control!$B$2,Data!$B:$B,Control!$B$4-2)*Control!$B$5,1) -> 4069 | F5: =ROUND(SUMIFS(Data!$C:$C,Data!$A:$A,Control!$B$2,Data!$B:$B,Control!$B$4-1)*Control!$B$5,1) -> 4126.3 | G5: =ROUND(SUMIFS(Data!$C:$C,Data!$A:$A,Control!$B$2,Data!$B:$B,Control!$B$4-0)*Control!$B$5,1) -> 4054.7 | H5: =G5-F5 -> -71.6 | I5: =IFERROR(H5/F5,0) -> -0.017352107 | J5: =ROUND(SUMIFS(Data!$E:$E,Data!$A:$A,Control!$B$2,Data!$B:$B,Control!$B$4-0)*Control!$B$5,1) -> 4115.4 | K5: =IF(ABS(G5-J5)<0.05,0,G5-J5) -> -60.7
C6: Deposits | D6: =ROUND(SUMIFS(Data!$D:$D,Data!$A:$A,Control!$B$2,Data!$B:$B,Control!$B$4-3)*Control!$B$5,1) -> 4842.8 | E6: =ROUND(SUMIFS(Data!$D:$D,Data!$A:$A,Control!$B$2,Data!$B:$B,Control!$B$4-2)*Control!$B$5,1) -> 4862.3 | F6: =ROUND(SUMIFS(Data!$D:$D,Data!$A:$A,Control!$B$2,Data!$B:$B,Control!$B$4-1)*Control!$B$5,1) -> 4913.3 | G6: =ROUND(SUMIFS(Data!$D:$D,Data!$A:$A,Control!$B$2,Data!$B:$B,Control!$B$4-0)*Control!$B$5,1) -> 4779.7 | H6: =G6-F6 -> -133.6 | I6: =IFERROR(H6/F6,0) -> -0.027191501 | J6: =ROUND(SUMIFS(Data!$F:$F,Data!$A:$A,Control!$B$2,Data!$B:$B,Control!$B$4-0)*Control!$B$5,1) -> 4882.2 | K6: =IF(ABS(G6-J6)<0.05,0,G6-J6) -> -102.5
C7: Total | D7: =SUM(D5:D6) -> 8856.3 | E7: =SUM(E5:E6) -> 8931.3 | F7: =SUM(F5:F6) -> 9039.6 | G7: =SUM(G5:G6) -> 8834.4 | H7: =SUM(H5:H6) -> -205.2 | I7: =IFERROR(H7/F7,0) -> -0.022700119 | J7: =SUM(J5:J6) -> 8997.6 | K7: =SUM(K5:K6) -> -163.2
C8: L/D ratio | D8: =IF(D6=0,"n/a",D5/D6) -> 0.82875609 | E8: =IF(E6=0,"n/a",E5/E6) -> 0.83684676 | F8: =IF(F6=0,"n/a",F5/F6) -> 0.83982252 | G8: =IF(G6=0,"n/a",G5/G6) -> 0.84831684
C9: Average 4w | D9: =AVERAGE(D7:G7) -> 8915.4 | E9: =MAX(D7:G7) -> 9039.6 | F9: =MIN(D7:G7) -> 8834.4 | G9: =COUNTIF(H5:H6,">0") -> 0
C11: Rank | D11: =RANK(G5,Data!$C$2:$C$121) -> #N/A | E11: =SUMPRODUCT((Data!$B$2:$B$121=Control!$B$4)*(Data!$C$2:$C$121>G5))+1 -> 7 | F11: =VLOOKUP(Control!$B$2,Data!$H$2:$H$11,1,FALSE) -> Bank D | G11: =LEFT(Control!$B$2,4)&MID(Control!$B$2,6,1)&LEN(Control!$B$2) -> BankD6
C12: Misc | D12: =CHOOSE(MOD(Control!$B$3,3)+1,"one","two","three") -> two | E12: =TEXT(Control!$B$8,"mmm yy") -> mar yy | F12: =OFFSET(D5,1,2) -> 4913.3 | G12: =INDIRECT("D7") -> 8856.3 | H12: =AVERAGEIF(Data!$A$2:$A$121,Control!$B$2,Data!$C$2:$C$121) -> 3687.961 | I12: =DATE(2026,1,5)+7*(Control!$B$4-1) -> 46104 | J12: =CONCATENATE(Control!$B$6," EUR") -> mln EUR | K12: =ROUNDUP(G7/1000,0)*1000 -> 9000
C13: Today | D13: =TODAY() -> 46311 | E13: =IF(ISNUMBER(G5),"ok","missing") -> ok | F13: =LARGE(Data!$C$2:$C$121,3) -> 8133.561 | G13: =SMALL(D5:G6,2) -> 4054.7 | H13: =_xlfn.XLOOKUP(Control!$B$2,Data!$H$2:$H$11,Data!$H$2:$H$11,"none") -> Bank D | I13: {=_xlfn.IFS(G5>F5,"up",G5<F5,"down",TRUE,"flat")} -> down | J13: {=_xlfn.SWITCH(Control!$B$6,"mln",1000000,"k",1000,1)} -> 1000000 | K13: =_xlfn.LET(_xlpm.x,G7,_xlpm.y,J7,IF(_xlpm.y=0,0,_xlpm.x/_xlpm.y-1)) -> -0.01813817 | L13: {=SUM(_xlfn._xlws.FILTER(Data!$C$2:$C$121,Data!$A$2:$A$121=Control!$B$2))} -> 44255.532

Sheet SLIDE_2
B2: x
C3: ="Loans & deposits - "&Control!$B$2 -> Loans & deposits - Bank D
C4: Item | D4: ="Week "&TEXT(Control!$B$4-4,"00") -> Week 08 | E4: ="Week "&TEXT(Control!$B$4-3,"00") -> Week 09 | F4: ="Week "&TEXT(Control!$B$4-2,"00") -> Week 10 | G4: ="Week "&TEXT(Control!$B$4-1,"00") -> Week 11 | H4: Delta w/w | I4: Delta % | J4: Budget | K4: vs Budget
C5: Loans | D5: =ROUND(SUMIFS(Data!$C:$C,Data!$A:$A,Control!$B$2,Data!$B:$B,Control!$B$4-4)*Control!$B$5,1) -> 4004.6 | E5: =ROUND(SUMIFS(Data!$C:$C,Data!$A:$A,Control!$B$2,Data!$B:$B,Control!$B$4-3)*Control!$B$5,1) -> 4013.5 | F5: =ROUND(SUMIFS(Data!$C:$C,Data!$A:$A,Control!$B$2,Data!$B:$B,Control!$B$4-2)*Control!$B$5,1) -> 4069 | G5: =ROUND(SUMIFS(Data!$C:$C,Data!$A:$A,Control!$B$2,Data!$B:$B,Control!$B$4-1)*Control!$B$5,1) -> 4126.3 | H5: =G5-F5 -> 57.3 | I5: =IFERROR(H5/F5,0) -> 0.014082084 | J5: =ROUND(SUMIFS(Data!$E:$E,Data!$A:$A,Control!$B$2,Data!$B:$B,Control!$B$4-1)*Control!$B$5,1) -> 4098 | K5: =IF(ABS(G5-J5)<0.05,0,G5-J5) -> 28.3
C6: Deposits | D6: =ROUND(SUMIFS(Data!$D:$D,Data!$A:$A,Control!$B$2,Data!$B:$B,Control!$B$4-4)*Control!$B$5,1) -> 4871.1 | E6: =ROUND(SUMIFS(Data!$D:$D,Data!$A:$A,Control!$B$2,Data!$B:$B,Control!$B$4-3)*Control!$B$5,1) -> 4842.8 | F6: =ROUND(SUMIFS(Data!$D:$D,Data!$A:$A,Control!$B$2,Data!$B:$B,Control!$B$4-2)*Control!$B$5,1) -> 4862.3 | G6: =ROUND(SUMIFS(Data!$D:$D,Data!$A:$A,Control!$B$2,Data!$B:$B,Control!$B$4-1)*Control!$B$5,1) -> 4913.3 | H6: =G6-F6 -> 51 | I6: =IFERROR(H6/F6,0) -> 0.010488863 | J6: =ROUND(SUMIFS(Data!$F:$F,Data!$A:$A,Control!$B$2,Data!$B:$B,Control!$B$4-1)*Control!$B$5,1) -> 4866 | K6: =IF(ABS(G6-J6)<0.05,0,G6-J6) -> 47.3
C7: Total | D7: =SUM(D5:D6) -> 8875.7 | E7: =SUM(E5:E6) -> 8856.3 | F7: =SUM(F5:F6) -> 8931.3 | G7: =SUM(G5:G6) -> 9039.6 | H7: =SUM(H5:H6) -> 108.3 | I7: =IFERROR(H7/F7,0) -> 0.012125894 | J7: =SUM(J5:J6) -> 8964 | K7: =SUM(K5:K6) -> 75.6
C8: L/D ratio | D8: =IF(D6=0,"n/a",D5/D6) -> 0.8221141 | E8: =IF(E6=0,"n/a",E5/E6) -> 0.82875609 | F8: =IF(F6=0,"n/a",F5/F6) -> 0.83684676 | G8: =IF(G6=0,"n/a",G5/G6) -> 0.83982252
C9: Average 4w | D9: =AVERAGE(D7:G7) -> 8925.725 | E9: =MAX(D7:G7) -> 9039.6 | F9: =MIN(D7:G7) -> 8856.3 | G9: =COUNTIF(H5:H6,">0") -> 2
C10: ="vs SLIDE_1" -> vs SLIDE_1 | D10: =G7-SLIDE_1!G7 -> 205.2 | E10: =IFERROR(D10/SLIDE_1!G7,0) -> 0.023227384 | F10: =IF(AND(D10>0,SLIDE_1!H7>0),"up",IF(OR(D10<0,SLIDE_1!H7<0),"down","flat")) -> down | G10: =INDEX(SLIDE_1!D5:G6,2,MATCH(MAX(SLIDE_1!D6:G6),SLIDE_1!D6:G6,0)) -> 4913.3
C11: Rank | D11: =RANK(G5,Data!$C$2:$C$121) -> #N/A | E11: =SUMPRODUCT((Data!$B$2:$B$121=Control!$B$4)*(Data!$C$2:$C$121>G5))+1 -> 7 | F11: =VLOOKUP(Control!$B$2,Data!$H$2:$H$11,1,FALSE) -> Bank D | G11: =LEFT(Control!$B$2,4)&MID(Control!$B$2,6,1)&LEN(Control!$B$2) -> BankD6
C12: Misc | D12: =CHOOSE(MOD(Control!$B$3,3)+1,"one","two","three") -> two | E12: =TEXT(Control!$B$8,"mmm yy") -> mar yy | F12: =OFFSET(D5,1,2) -> 4862.3 | G12: =INDIRECT("D7") -> 8875.7 | H12: =AVERAGEIF(Data!$A$2:$A$121,Control!$B$2,Data!$C$2:$C$121) -> 3687.961 | I12: =DATE(2026,1,5)+7*(Control!$B$4-1) -> 46104 | J12: =CONCATENATE(Control!$B$6," EUR") -> mln EUR | K12: =ROUNDUP(G7/1000,0)*1000 -> 10000
C13: Today | D13: =TODAY() -> 46311 | E13: =IF(ISNUMBER(G5),"ok","missing") -> ok | F13: =LARGE(Data!$C$2:$C$121,3) -> 8133.561 | G13: =SMALL(D5:G6,2) -> 4013.5 | H13: =_xlfn.XLOOKUP(Control!$B$2,Data!$H$2:$H$11,Data!$H$2:$H$11,"none") -> Bank D | I13: {=_xlfn.IFS(G5>F5,"up",G5<F5,"down",TRUE,"flat")} -> up | J13: {=_xlfn.SWITCH(Control!$B$6,"mln",1000000,"k",1000,1)} -> 1000000 | K13: =_xlfn.LET(_xlpm.x,G7,_xlpm.y,J7,IF(_xlpm.y=0,0,_xlpm.x/_xlpm.y-1)) -> 0.0084337349 | L13: {=SUM(_xlfn._xlws.FILTER(Data!$C$2:$C$121,Data!$A$2:$A$121=Control!$B$2))} -> 44255.532

Sheet SLIDE_3
B2: x
C3: ="Loans & deposits - "&Control!$B$2 -> Loans & deposits - Bank D
C4: Item | D4: ="Week "&TEXT(Control!$B$4-5,"00") -> Week 07 | E4: ="Week "&TEXT(Control!$B$4-4,"00") -> Week 08 | F4: ="Week "&TEXT(Control!$B$4-3,"00") -> Week 09 | G4: ="Week "&TEXT(Control!$B$4-2,"00") -> Week 10 | H4: Delta w/w | I4: Delta % | J4: Budget | K4: vs Budget
C5: Loans | D5: =ROUND(SUMIFS(Data!$C:$C,Data!$A:$A,Control!$B$2,Data!$B:$B,Control!$B$4-5)*Control!$B$5,1) -> 3974.6 | E5: =ROUND(SUMIFS(Data!$C:$C,Data!$A:$A,Control!$B$2,Data!$B:$B,Control!$B$4-4)*Control!$B$5,1) -> 4004.6 | F5: =ROUND(SUMIFS(Data!$C:$C,Data!$A:$A,Control!$B$2,Data!$B:$B,Control!$B$4-3)*Control!$B$5,1) -> 4013.5 | G5: =ROUND(SUMIFS(Data!$C:$C,Data!$A:$A,Control!$B$2,Data!$B:$B,Control!$B$4-2)*Control!$B$5,1) -> 4069 | H5: =G5-F5 -> 55.5 | I5: =IFERROR(H5/F5,0) -> 0.013828329 | J5: =ROUND(SUMIFS(Data!$E:$E,Data!$A:$A,Control!$B$2,Data!$B:$B,Control!$B$4-2)*Control!$B$5,1) -> 4080.6 | K5: =IF(ABS(G5-J5)<0.05,0,G5-J5) -> -11.6
C6: Deposits | D6: =ROUND(SUMIFS(Data!$D:$D,Data!$A:$A,Control!$B$2,Data!$B:$B,Control!$B$4-5)*Control!$B$5,1) -> 4723.5 | E6: =ROUND(SUMIFS(Data!$D:$D,Data!$A:$A,Control!$B$2,Data!$B:$B,Control!$B$4-4)*Control!$B$5,1) -> 4871.1 | F6: =ROUND(SUMIFS(Data!$D:$D,Data!$A:$A,Control!$B$2,Data!$B:$B,Control!$B$4-3)*Control!$B$5,1) -> 4842.8 | G6: =ROUND(SUMIFS(Data!$D:$D,Data!$A:$A,Control!$B$2,Data!$B:$B,Control!$B$4-2)*Control!$B$5,1) -> 4862.3 | H6: =G6-F6 -> 19.5 | I6: =IFERROR(H6/F6,0) -> 0.0040265962 | J6: =ROUND(SUMIFS(Data!$F:$F,Data!$A:$A,Control!$B$2,Data!$B:$B,Control!$B$4-2)*Control!$B$5,1) -> 4849.7 | K6: =IF(ABS(G6-J6)<0.05,0,G6-J6) -> 12.6
C7: Total | D7: =SUM(D5:D6) -> 8698.1 | E7: =SUM(E5:E6) -> 8875.7 | F7: =SUM(F5:F6) -> 8856.3 | G7: =SUM(G5:G6) -> 8931.3 | H7: =SUM(H5:H6) -> 75 | I7: =IFERROR(H7/F7,0) -> 0.0084685478 | J7: =SUM(J5:J6) -> 8930.3 | K7: =SUM(K5:K6) -> 1
C8: L/D ratio | D8: =IF(D6=0,"n/a",D5/D6) -> 0.84145231 | E8: =IF(E6=0,"n/a",E5/E6) -> 0.8221141 | F8: =IF(F6=0,"n/a",F5/F6) -> 0.82875609 | G8: =IF(G6=0,"n/a",G5/G6) -> 0.83684676
C9: Average 4w | D9: =AVERAGE(D7:G7) -> 8840.35 | E9: =MAX(D7:G7) -> 8931.3 | F9: =MIN(D7:G7) -> 8698.1 | G9: =COUNTIF(H5:H6,">0") -> 2
C10: ="vs SLIDE_2" -> vs SLIDE_2 | D10: =G7-SLIDE_2!G7 -> -108.3 | E10: =IFERROR(D10/SLIDE_2!G7,0) -> -0.011980619 | F10: =IF(AND(D10>0,SLIDE_2!H7>0),"up",IF(OR(D10<0,SLIDE_2!H7<0),"down","flat")) -> down | G10: =INDEX(SLIDE_2!D5:G6,2,MATCH(MAX(SLIDE_2!D6:G6),SLIDE_2!D6:G6,0)) -> 4913.3
C11: Rank | D11: =RANK(G5,Data!$C$2:$C$121) -> #N/A | E11: =SUMPRODUCT((Data!$B$2:$B$121=Control!$B$4)*(Data!$C$2:$C$121>G5))+1 -> 7 | F11: =VLOOKUP(Control!$B$2,Data!$H$2:$H$11,1,FALSE) -> Bank D | G11: =LEFT(Control!$B$2,4)&MID(Control!$B$2,6,1)&LEN(Control!$B$2) -> BankD6
C12: Misc | D12: =CHOOSE(MOD(Control!$B$3,3)+1,"one","two","three") -> two | E12: =TEXT(Control!$B$8,"mmm yy") -> mar yy | F12: =OFFSET(D5,1,2) -> 4842.8 | G12: =INDIRECT("D7") -> 8698.1 | H12: =AVERAGEIF(Data!$A$2:$A$121,Control!$B$2,Data!$C$2:$C$121) -> 3687.961 | I12: =DATE(2026,1,5)+7*(Control!$B$4-1) -> 46104 | J12: =CONCATENATE(Control!$B$6," EUR") -> mln EUR | K12: =ROUNDUP(G7/1000,0)*1000 -> 9000
C13: Today | D13: =TODAY() -> 46311 | E13: =IF(ISNUMBER(G5),"ok","missing") -> ok | F13: =LARGE(Data!$C$2:$C$121,3) -> 8133.561 | G13: =SMALL(D5:G6,2) -> 4004.6 | H13: =_xlfn.XLOOKUP(Control!$B$2,Data!$H$2:$H$11,Data!$H$2:$H$11,"none") -> Bank D | I13: {=_xlfn.IFS(G5>F5,"up",G5<F5,"down",TRUE,"flat")} -> up | J13: {=_xlfn.SWITCH(Control!$B$6,"mln",1000000,"k",1000,1)} -> 1000000 | K13: =_xlfn.LET(_xlpm.x,G7,_xlpm.y,J7,IF(_xlpm.y=0,0,_xlpm.x/_xlpm.y-1)) -> 0.00011197832 | L13: {=SUM(_xlfn._xlws.FILTER(Data!$C$2:$C$121,Data!$A$2:$A$121=Control!$B$2))} -> 44255.532
C14: Peer gap | D14: =FromB!D4*2 -> 1318.8

Sheet FromB
B2: x
C3: From Peers.xlsx
C4: Gap total | D4: =[1]Peer!F7 -> 659.4
C5: Position | D5: =[1]Peer!D8 -> above peers
C6: Gap + own delta | D6: =D4+SLIDE_3!H7 -> 734.4
