Workbook

Sheet PeerData
A1: Bank | B1: Month | C1: PeerVolume | D1: PeerRevenue | E1: PeerCost | F1: PeerGroup | G1: Key
A2: Banca Alpi | B2: 1 | C2: 5626 | D2: 281.3 | E2: 174.4 | F2: G1 | G2: =A2&"|"&B2 -> Banca Alpi|1
A3: Banca Alpi | B3: 2 | C3: 5886.4 | D3: 294.32 | E3: 182.48 | F3: G1 | G3: =A3&"|"&B3 -> Banca Alpi|2
A4: Banca Alpi | B4: 3 | C4: 5918 | D4: 295.9 | E4: 183.46 | F4: G1 | G4: =A4&"|"&B4 -> Banca Alpi|3
A5: Banca Alpi | B5: 4 | C5: 6016.9 | D5: 300.85 | E5: 186.52 | F5: G1 | G5: =A5&"|"&B5 -> Banca Alpi|4
A6: Banca Alpi | B6: 5 | C6: 5982.7 | D6: 299.14 | E6: 185.46 | F6: G1 | G6: =A6&"|"&B6 -> Banca Alpi|5
A7: Banca Alpi | B7: 6 | C7: 6035.5 | D7: 301.78 | E7: 187.1 | F7: G1 | G7: =A7&"|"&B7 -> Banca Alpi|6
A8: Banca Alpi | B8: 7 | C8: 5946.4 | D8: 297.32 | E8: 184.34 | F8: G1 | G8: =A8&"|"&B8 -> Banca Alpi|7
A9: Banca Alpi | B9: 8 | C9: 5987.2 | D9: 299.36 | E9: 185.6 | F9: G1 | G9: =A9&"|"&B9 -> Banca Alpi|8
A10: Banca Alpi | B10: 9 | C10: 5989.5 | D10: 299.47 | E10: 185.67 | F10: G1 | G10: =A10&"|"&B10 -> Banca Alpi|9
A11: Banca Alpi | B11: 10 | C11: 6075.2 | D11: 303.76 | E11: 188.33 | F11: G1 | G11: =A11&"|"&B11 -> Banca Alpi|10
A12: Banca Alpi | B12: 11 | C12: 6183 | D12: 309.15 | E12: 191.67 | F12: G1 | G12: =A12&"|"&B12 -> Banca Alpi|11
A13: Banca Alpi | B13: 12 | C13: 6160.7 | D13: 308.04 | E13: 190.98 | F13: G1 | G13: =A13&"|"&B13 -> Banca Alpi|12
... A721: Banca Città | B721: 36 | C721: 30797.2 | D721: 1539.86 | E721: 954.71 | F721: G4 | G721: =A721&"|"&B721 -> Banca Città|36

Sheet PeerMaster
A1: Bank | B1: PeerGroup | C1: Tier | D1: Weight
A2: Banca Alpi | B2: G1 | C2: 1 | D2: 1
A3: Banca Adriatica | B3: G2 | C3: 2 | D3: 0.99
A4: Banca Tirrena | B4: G3 | C4: 3 | D4: 0.98
A5: Banca Padana | B5: G4 | C5: 1 | D5: 0.97
A6: Banca Etrusca | B6: G1 | C6: 2 | D6: 0.96
A7: Banca Lariana | B7: G2 | C7: 3 | D7: 0.95
A8: Banca Sabina | B8: G3 | C8: 1 | D8: 0.94
A9: Banca Irpina | B9: G4 | C9: 2 | D9: 0.93
A10: Banca Sannita | B10: G1 | C10: 3 | D10: 0.92
A11: Banca Ligure | B11: G2 | C11: 1 | D11: 0.91
A12: Banca Veneta | B12: G3 | C12: 2 | D12: 0.9
A13: Banca Friulana | B13: G4 | C13: 3 | D13: 0.89
... A21: Banca Città | B21: G4 | C21: 2 | D21: 0.81

Sheet Link
A2: Bank | B2: =[1]Control!$B$2 -> Banca Alpi
A3: Month | B3: =[1]Control!$B$3 -> 30
A4: Rate | B4: =[1]Control!$B$4 -> 0.03
A5: Region | B5: =[1]Control!$B$5 -> Centro
A6: Bank index | B6: =[1]Control!$B$6 -> 1
A7: Label | B7: =[1]Control!$B$10 -> giugno 2026
A8: Bank region | B8: =[1]Control!$B$8 -> Nord-Ovest
A10: Bank | B10: Volume | C10: Revenue | D10: Cost | E10: Rank
A11: =[1]Calc_Bank!A2 -> Banca Alpi | B11: =[1]Calc_Bank!C2 -> 7354.8 | C11: =[1]Calc_Bank!D2 -> 399.43 | D11: =[1]Calc_Bank!E2 -> 242.64 | E11: =[1]Calc_Bank!L2 -> 20
A12: =[1]Calc_Bank!A3 -> Banca Adriatica | B12: =[1]Calc_Bank!C3 -> 8568.1 | C12: =[1]Calc_Bank!D3 -> 465.18 | D12: =[1]Calc_Bank!E3 -> 282.69 | E12: =[1]Calc_Bank!L3 -> 19
A13: =[1]Calc_Bank!A4 -> Banca Tirrena | B13: =[1]Calc_Bank!C4 -> 9865.8 | C13: =[1]Calc_Bank!D4 -> 534.66 | D13: =[1]Calc_Bank!E4 -> 324.64 | E13: =[1]Calc_Bank!L4 -> 18
A14: =[1]Calc_Bank!A5 -> Banca Padana | B14: =[1]Calc_Bank!C5 -> 11127.4 | C14: =[1]Calc_Bank!D5 -> 601.19 | D14: =[1]Calc_Bank!E5 -> 362.16 | E14: =[1]Calc_Bank!L5 -> 17
A15: =[1]Calc_Bank!A6 -> Banca Etrusca | B15: =[1]Calc_Bank!C6 -> 12359 | C15: =[1]Calc_Bank!D6 -> 666.75 | D15: =[1]Calc_Bank!E6 -> 405.01 | E15: =[1]Calc_Bank!L6 -> 16
A16: =[1]Calc_Bank!A7 -> Banca Lariana | B16: =[1]Calc_Bank!C7 -> 13592.2 | C16: =[1]Calc_Bank!D7 -> 733.9 | D16: =[1]Calc_Bank!E7 -> 442.82 | E16: =[1]Calc_Bank!L7 -> 15
A17: =[1]Calc_Bank!A8 -> Banca Sabina | B17: =[1]Calc_Bank!C8 -> 14860.6 | C17: =[1]Calc_Bank!D8 -> 802.63 | D17: =[1]Calc_Bank!E8 -> 484.2 | E17: =[1]Calc_Bank!L8 -> 14
A18: =[1]Calc_Bank!A9 -> Banca Irpina | B18: =[1]Calc_Bank!C9 -> 16241.5 | C18: =[1]Calc_Bank!D9 -> 874.53 | D18: =[1]Calc_Bank!E9 -> 530.56 | E18: =[1]Calc_Bank!L9 -> 13
A19: =[1]Calc_Bank!A10 -> Banca Sannita | B19: =[1]Calc_Bank!C10 -> 17435.2 | C19: =[1]Calc_Bank!D10 -> 941.11 | D19: =[1]Calc_Bank!E10 -> 567.67 | E19: =[1]Calc_Bank!L10 -> 12
A20: =[1]Calc_Bank!A11 -> Banca Ligure | B20: =[1]Calc_Bank!C11 -> 18568.2 | C20: =[1]Calc_Bank!D11 -> 1001.19 | D20: =[1]Calc_Bank!E11 -> 605.41 | E20: =[1]Calc_Bank!L11 -> 11
A21: =[1]Calc_Bank!A12 -> Banca Veneta | B21: =[1]Calc_Bank!C12 -> 19867 | C21: =[1]Calc_Bank!D12 -> 1070.72 | D21: =[1]Calc_Bank!E12 -> 647.34 | E21: =[1]Calc_Bank!L12 -> 10
A22: =[1]Calc_Bank!A13 -> Banca Friulana | B22: =[1]Calc_Bank!C13 -> 21169.7 | C22: =[1]Calc_Bank!D13 -> 1141.53 | D22: =[1]Calc_Bank!E13 -> 688.67 | E22: =[1]Calc_Bank!L13 -> 9
... A30: =[1]Calc_Bank!A21 -> Banca Città | B30: =[1]Calc_Bank!C21 -> 31314.5 | C30: =[1]Calc_Bank!D21 -> 1685.97 | D30: =[1]Calc_Bank!E21 -> 1015.49 | E30: =[1]Calc_Bank!L21 -> 1
A33: Month | B33: Volume | C33: Revenue
A34: =ROW()-33 -> 1 | B34: =[1]Calc_Month!C2 -> 5941.6 | C34: {=INDEX([1]Calc_Month!$D$2:$D$37,A34)} -> 322.68
A35: =ROW()-33 -> 2 | B35: =[1]Calc_Month!C3 -> 5956.6 | C35: {=INDEX([1]Calc_Month!$D$2:$D$37,A35)} -> 324.37
A36: =ROW()-33 -> 3 | B36: =[1]Calc_Month!C4 -> 6061.7 | C36: {=INDEX([1]Calc_Month!$D$2:$D$37,A36)} -> 329.47
A37: =ROW()-33 -> 4 | B37: =[1]Calc_Month!C5 -> 6103 | C37: {=INDEX([1]Calc_Month!$D$2:$D$37,A37)} -> 332.94
A38: =ROW()-33 -> 5 | B38: =[1]Calc_Month!C6 -> 6242.9 | C38: {=INDEX([1]Calc_Month!$D$2:$D$37,A38)} -> 340.05
A39: =ROW()-33 -> 6 | B39: =[1]Calc_Month!C7 -> 6214.5 | C39: {=INDEX([1]Calc_Month!$D$2:$D$37,A39)} -> 337.69
A40: =ROW()-33 -> 7 | B40: =[1]Calc_Month!C8 -> 6269.6 | C40: {=INDEX([1]Calc_Month!$D$2:$D$37,A40)} -> 339.48
A41: =ROW()-33 -> 8 | B41: =[1]Calc_Month!C9 -> 6280.5 | C41: {=INDEX([1]Calc_Month!$D$2:$D$37,A41)} -> 342.5
A42: =ROW()-33 -> 9 | B42: =[1]Calc_Month!C10 -> 6318.1 | C42: {=INDEX([1]Calc_Month!$D$2:$D$37,A42)} -> 342.46
A43: =ROW()-33 -> 10 | B43: =[1]Calc_Month!C11 -> 6434.7 | C43: {=INDEX([1]Calc_Month!$D$2:$D$37,A43)} -> 348.41
A44: =ROW()-33 -> 11 | B44: =[1]Calc_Month!C12 -> 6396.1 | C44: {=INDEX([1]Calc_Month!$D$2:$D$37,A44)} -> 348.39
A45: =ROW()-33 -> 12 | B45: =[1]Calc_Month!C13 -> 6551.1 | C45: {=INDEX([1]Calc_Month!$D$2:$D$37,A45)} -> 357.51
... A69: =ROW()-33 -> 36 | B69: =[1]Calc_Month!C37 -> 7595.8 | C69: {=INDEX([1]Calc_Month!$D$2:$D$37,A69)} -> 411.7

Sheet Compare
A1: Bank | B1: Own volume | C1: Peer volume | D1: Peer revenue | E1: Gap | F1: Gap % | G1: Group | H1: Tier | I1: Rank | J1: Position | K1: Tier name | L1: Ratio | M1: Group avg | N1: Ahead in group | O1: Best in group | P1: Selected
A2: =Link!A11 -> Banca Alpi | B2: =Link!B11 -> 7354.8 | C2: =SUMIFS(PeerData!$C$2:$C$721,PeerData!$A$2:$A$721,A2,PeerData!$B$2:$B$721,Link!$B$3) -> 6924.6 | D2: =_xlfn.XLOOKUP(A2&"|"&Link!$B$3,PeerData!$G$2:$G$721,PeerData!$D$2:$D$721,0) -> 346.23 | E2: =B2-C2 -> 430.2 | F2: =IFERROR(E2/C2,0) -> 0.062126332 | G2: =VLOOKUP(A2,PeerMaster!$A$2:$D$21,2,FALSE) -> G1 | H2: =INDEX(PeerMaster!$C$2:$C$21,MATCH(A2,PeerMaster!$A$2:$A$21,0)) -> 1 | I2: =_xlfn.RANK.EQ(F2,$F$2:$F$21) -> 4 | J2: {=_xlfn.IFS(F2>0.05,"ahead",F2<-0.05,"behind",TRUE,"in line")} -> ahead | K2: {=_xlfn.SWITCH(H2,1,"Tier one",2,"Tier two","Other")} -> Tier one | L2: =_xlfn.LET(_xlpm.a,B2,_xlpm.b,C2,IF(_xlpm.b=0,0,ROUND(_xlpm.a/_xlpm.b,4))) -> 1.0621 | M2: =AVERAGEIFS($C$2:$C$21,$G$2:$G$21,G2) -> 16399.6 | N2: =COUNTIFS($G$2:$G$21,G2,$F$2:$F$21,">0") -> 5 | O2: =_xlfn.MAXIFS($F$2:$F$21,$G$2:$G$21,G2) -> 0.068747838 | P2: =IF(A2=Link!$B$2,"<<","") -> <<
A3: =Link!A12 -> Banca Adriatica | B3: =Link!B12 -> 8568.1 | C3: =SUMIFS(PeerData!$C$2:$C$721,PeerData!$A$2:$A$721,A3,PeerData!$B$2:$B$721,Link!$B$3) -> 8011.7 | D3: =_xlfn.XLOOKUP(A3&"|"&Link!$B$3,PeerData!$G$2:$G$721,PeerData!$D$2:$D$721,0) -> 400.59 | E3: =B3-C3 -> 556.4 | F3: =IFERROR(E3/C3,0) -> 0.069448432 | G3: =VLOOKUP(A3,PeerMaster!$A$2:$D$21,2,FALSE) -> G2 | H3: =INDEX(PeerMaster!$C$2:$C$21,MATCH(A3,PeerMaster!$A$2:$A$21,0)) -> 2 | I3: =_xlfn.RANK.EQ(F3,$F$2:$F$21) -> 1 | J3: {=_xlfn.IFS(F3>0.05,"ahead",F3<-0.05,"behind",TRUE,"in line")} -> ahead | K3: {=_xlfn.SWITCH(H3,1,"Tier one",2,"Tier two","Other")} -> Tier two | L3: =_xlfn.LET(_xlpm.a,B3,_xlpm.b,C3,IF(_xlpm.b=0,0,ROUND(_xlpm.a/_xlpm.b,4))) -> 1.0694 | M3: =AVERAGEIFS($C$2:$C$21,$G$2:$G$21,G3) -> 17716.6 | N3: =COUNTIFS($G$2:$G$21,G3,$F$2:$F$21,">0") -> 5 | O3: =_xlfn.MAXIFS($F$2:$F$21,$G$2:$G$21,G3) -> 0.069448432 | P3: =IF(A3=Link!$B$2,"<<","")
A4: =Link!A13 -> Banca Tirrena | B4: =Link!B13 -> 9865.8 | C4: =SUMIFS(PeerData!$C$2:$C$721,PeerData!$A$2:$A$721,A4,PeerData!$B$2:$B$721,Link!$B$3) -> 9487.6 | D4: =_xlfn.XLOOKUP(A4&"|"&Link!$B$3,PeerData!$G$2:$G$721,PeerData!$D$2:$D$721,0) -> 474.38 | E4: =B4-C4 -> 378.2 | F4: =IFERROR(E4/C4,0) -> 0.039862557 | G4: =VLOOKUP(A4,PeerMaster!$A$2:$D$21,2,FALSE) -> G3 | H4: =INDEX(PeerMaster!$C$2:$C$21,MATCH(A4,PeerMaster!$A$2:$A$21,0)) -> 3 | I4: =_xlfn.RANK.EQ(F4,$F$2:$F$21) -> 20 | J4: {=_xlfn.IFS(F4>0.05,"ahead",F4<-0.05,"behind",TRUE,"in line")} -> in line | K4: {=_xlfn.SWITCH(H4,1,"Tier one",2,"Tier two","Other")} -> Other | L4: =_xlfn.LET(_xlpm.a,B4,_xlpm.b,C4,IF(_xlpm.b=0,0,ROUND(_xlpm.a/_xlpm.b,4))) -> 1.0399 | M4: =AVERAGEIFS($C$2:$C$21,$G$2:$G$21,G4) -> 18946.24 | N4: =COUNTIFS($G$2:$G$21,G4,$F$2:$F$21,">0") -> 5 | O4: =_xlfn.MAXIFS($F$2:$F$21,$G$2:$G$21,G4) -> 0.057396506 | P4: =IF(A4=Link!$B$2,"<<","")
A5: =Link!A14 -> Banca Padana | B5: =Link!B14 -> 11127.4 | C5: =SUMIFS(PeerData!$C$2:$C$721,PeerData!$A$2:$A$721,A5,PeerData!$B$2:$B$721,Link!$B$3) -> 10580.4 | D5: =_xlfn.XLOOKUP(A5&"|"&Link!$B$3,PeerData!$G$2:$G$721,PeerData!$D$2:$D$721,0) -> 529.02 | E5: =B5-C5 -> 547 | F5: =IFERROR(E5/C5,0) -> 0.051699369 | G5: =VLOOKUP(A5,PeerMaster!$A$2:$D$21,2,FALSE) -> G4 | H5: =INDEX(PeerMaster!$C$2:$C$21,MATCH(A5,PeerMaster!$A$2:$A$21,0)) -> 1 | I5: =_xlfn.RANK.EQ(F5,$F$2:$F$21) -> 10 | J5: {=_xlfn.IFS(F5>0.05,"ahead",F5<-0.05,"behind",TRUE,"in line")} -> ahead | K5: {=_xlfn.SWITCH(H5,1,"Tier one",2,"Tier two","Other")} -> Tier one | L5: =_xlfn.LET(_xlpm.a,B5,_xlpm.b,C5,IF(_xlpm.b=0,0,ROUND(_xlpm.a/_xlpm.b,4))) -> 1.0517 | M5: =AVERAGEIFS($C$2:$C$21,$G$2:$G$21,G5) -> 20139.28 | N5: =COUNTIFS($G$2:$G$21,G5,$F$2:$F$21,">0") -> 5 | O5: =_xlfn.MAXIFS($F$2:$F$21,$G$2:$G$21,G5) -> 0.060103388 | P5: =IF(A5=Link!$B$2,"<<","")
A6: =Link!A15 -> Banca Etrusca | B6: =Link!B15 -> 12359 | C6: =SUMIFS(PeerData!$C$2:$C$721,PeerData!$A$2:$A$721,A6,PeerData!$B$2:$B$721,Link!$B$3) -> 11564 | D6: =_xlfn.XLOOKUP(A6&"|"&Link!$B$3,PeerData!$G$2:$G$721,PeerData!$D$2:$D$721,0) -> 578.2 | E6: =B6-C6 -> 795 | F6: =IFERROR(E6/C6,0) -> 0.068747838 | G6: =VLOOKUP(A6,PeerMaster!$A$2:$D$21,2,FALSE) -> G1 | H6: =INDEX(PeerMaster!$C$2:$C$21,MATCH(A6,PeerMaster!$A$2:$A$21,0)) -> 2 | I6: =_xlfn.RANK.EQ(F6,$F$2:$F$21) -> 2 | J6: {=_xlfn.IFS(F6>0.05,"ahead",F6<-0.05,"behind",TRUE,"in line")} -> ahead | K6: {=_xlfn.SWITCH(H6,1,"Tier one",2,"Tier two","Other")} -> Tier two | L6: =_xlfn.LET(_xlpm.a,B6,_xlpm.b,C6,IF(_xlpm.b=0,0,ROUND(_xlpm.a/_xlpm.b,4))) -> 1.0687 | M6: =AVERAGEIFS($C$2:$C$21,$G$2:$G$21,G6) -> 16399.6 | N6: =COUNTIFS($G$2:$G$21,G6,$F$2:$F$21,">0") -> 5 | O6: =_xlfn.MAXIFS($F$2:$F$21,$G$2:$G$21,G6) -> 0.068747838 | P6: =IF(A6=Link!$B$2,"<<","")
A7: =Link!A16 -> Banca Lariana | B7: =Link!B16 -> 13592.2 | C7: =SUMIFS(PeerData!$C$2:$C$721,PeerData!$A$2:$A$721,A7,PeerData!$B$2:$B$721,Link!$B$3) -> 12936.3 | D7: =_xlfn.XLOOKUP(A7&"|"&Link!$B$3,PeerData!$G$2:$G$721,PeerData!$D$2:$D$721,0) -> 646.82 | E7: =B7-C7 -> 655.9 | F7: =IFERROR(E7/C7,0) -> 0.050702287 | G7: =VLOOKUP(A7,PeerMaster!$A$2:$D$21,2,FALSE) -> G2 | H7: =INDEX(PeerMaster!$C$2:$C$21,MATCH(A7,PeerMaster!$A$2:$A$21,0)) -> 3 | I7: =_xlfn.RANK.EQ(F7,$F$2:$F$21) -> 12 | J7: {=_xlfn.IFS(F7>0.05,"ahead",F7<-0.05,"behind",TRUE,"in line")} -> ahead | K7: {=_xlfn.SWITCH(H7,1,"Tier one",2,"Tier two","Other")} -> Other | L7: =_xlfn.LET(_xlpm.a,B7,_xlpm.b,C7,IF(_xlpm.b=0,0,ROUND(_xlpm.a/_xlpm.b,4))) -> 1.0507 | M7: =AVERAGEIFS($C$2:$C$21,$G$2:$G$21,G7) -> 17716.6 | N7: =COUNTIFS($G$2:$G$21,G7,$F$2:$F$21,">0") -> 5 | O7: =_xlfn.MAXIFS($F$2:$F$21,$G$2:$G$21,G7) -> 0.069448432 | P7: =IF(A7=Link!$B$2,"<<","")
A8: =Link!A17 -> Banca Sabina | B8: =Link!B17 -> 14860.6 | C8: =SUMIFS(PeerData!$C$2:$C$721,PeerData!$A$2:$A$721,A8,PeerData!$B$2:$B$721,Link!$B$3) -> 14236.8 | D8: =_xlfn.XLOOKUP(A8&"|"&Link!$B$3,PeerData!$G$2:$G$721,PeerData!$D$2:$D$721,0) -> 711.84 | E8: =B8-C8 -> 623.8 | F8: =IFERROR(E8/C8,0) -> 0.043816026 | G8: =VLOOKUP(A8,PeerMaster!$A$2:$D$21,2,FALSE) -> G3 | H8: =INDEX(PeerMaster!$C$2:$C$21,MATCH(A8,PeerMaster!$A$2:$A$21,0)) -> 1 | I8: =_xlfn.RANK.EQ(F8,$F$2:$F$21) -> 19 | J8: {=_xlfn.IFS(F8>0.05,"ahead",F8<-0.05,"behind",TRUE,"in line")} -> in line | K8: {=_xlfn.SWITCH(H8,1,"Tier one",2,"Tier two","Other")} -> Tier one | L8: =_xlfn.LET(_xlpm.a,B8,_xlpm.b,C8,IF(_xlpm.b=0,0,ROUND(_xlpm.a/_xlpm.b,4))) -> 1.0438 | M8: =AVERAGEIFS($C$2:$C$21,$G$2:$G$21,G8) -> 18946.24 | N8: =COUNTIFS($G$2:$G$21,G8,$F$2:$F$21,">0") -> 5 | O8: =_xlfn.MAXIFS($F$2:$F$21,$G$2:$G$21,G8) -> 0.057396506 | P8: =IF(A8=Link!$B$2,"<<","")
A9: =Link!A18 -> Banca Irpina | B9: =Link!B18 -> 16241.5 | C9: =SUMIFS(PeerData!$C$2:$C$721,PeerData!$A$2:$A$721,A9,PeerData!$B$2:$B$721,Link!$B$3) -> 15498 | D9: =_xlfn.XLOOKUP(A9&"|"&Link!$B$3,PeerData!$G$2:$G$721,PeerData!$D$2:$D$721,0) -> 774.9 | E9: =B9-C9 -> 743.5 | F9: =IFERROR(E9/C9,0) -> 0.047973932 | G9: =VLOOKUP(A9,PeerMaster!$A$2:$D$21,2,FALSE) -> G4 | H9: =INDEX(PeerMaster!$C$2:$C$21,MATCH(A9,PeerMaster!$A$2:$A$21,0)) -> 2 | I9: =_xlfn.RANK.EQ(F9,$F$2:$F$21) -> 15 | J9: {=_xlfn.IFS(F9>0.05,"ahead",F9<-0.05,"behind",TRUE,"in line")} -> in line | K9: {=_xlfn.SWITCH(H9,1,"Tier one",2,"Tier two","Other")} -> Tier two | L9: =_xlfn.LET(_xlpm.a,B9,_xlpm.b,C9,IF(_xlpm.b=0,0,ROUND(_xlpm.a/_xlpm.b,4))) -> 1.048 | M9: =AVERAGEIFS($C$2:$C$21,$G$2:$G$21,G9) -> 20139.28 | N9: =COUNTIFS($G$2:$G$21,G9,$F$2:$F$21,">0") -> 5 | O9: =_xlfn.MAXIFS($F$2:$F$21,$G$2:$G$21,G9) -> 0.060103388 | P9: =IF(A9=Link!$B$2,"<<","")
A10: =Link!A19 -> Banca Sannita | B10: =Link!B19 -> 17435.2 | C10: =SUMIFS(PeerData!$C$2:$C$721,PeerData!$A$2:$A$721,A10,PeerData!$B$2:$B$721,Link!$B$3) -> 16513.1 | D10: =_xlfn.XLOOKUP(A10&"|"&Link!$B$3,PeerData!$G$2:$G$721,PeerData!$D$2:$D$721,0) -> 825.65 | E10: =B10-C10 -> 922.1 | F10: =IFERROR(E10/C10,0) -> 0.055840515 | G10: =VLOOKUP(A10,PeerMaster!$A$2:$D$21,2,FALSE) -> G1 | H10: =INDEX(PeerMaster!$C$2:$C$21,MATCH(A10,PeerMaster!$A$2:$A$21,0)) -> 3 | I10: =_xlfn.RANK.EQ(F10,$F$2:$F$21) -> 8 | J10: {=_xlfn.IFS(F10>0.05,"ahead",F10<-0.05,"behind",TRUE,"in line")} -> ahead | K10: {=_xlfn.SWITCH(H10,1,"Tier one",2,"Tier two","Other")} -> Other | L10: =_xlfn.LET(_xlpm.a,B10,_xlpm.b,C10,IF(_xlpm.b=0,0,ROUND(_xlpm.a/_xlpm.b,4))) -> 1.0558 | M10: =AVERAGEIFS($C$2:$C$21,$G$2:$G$21,G10) -> 16399.6 | N10: =COUNTIFS($G$2:$G$21,G10,$F$2:$F$21,">0") -> 5 | O10: =_xlfn.MAXIFS($F$2:$F$21,$G$2:$G$21,G10) -> 0.068747838 | P10: =IF(A10=Link!$B$2,"<<","")
A11: =Link!A20 -> Banca Ligure | B11: =Link!B20 -> 18568.2 | C11: =SUMIFS(PeerData!$C$2:$C$721,PeerData!$A$2:$A$721,A11,PeerData!$B$2:$B$721,Link!$B$3) -> 17729.8 | D11: =_xlfn.XLOOKUP(A11&"|"&Link!$B$3,PeerData!$G$2:$G$721,PeerData!$D$2:$D$721,0) -> 886.49 | E11: =B11-C11 -> 838.4 | F11: =IFERROR(E11/C11,0) -> 0.047287617 | G11: =VLOOKUP(A11,PeerMaster!$A$2:$D$21,2,FALSE) -> G2 | H11: =INDEX(PeerMaster!$C$2:$C$21,MATCH(A11,PeerMaster!$A$2:$A$21,0)) -> 1 | I11: =_xlfn.RANK.EQ(F11,$F$2:$F$21) -> 18 | J11: {=_xlfn.IFS(F11>0.05,"ahead",F11<-0.05,"behind",TRUE,"in line")} -> in line | K11: {=_xlfn.SWITCH(H11,1,"Tier one",2,"Tier two","Other")} -> Tier one | L11: =_xlfn.LET(_xlpm.a,B11,_xlpm.b,C11,IF(_xlpm.b=0,0,ROUND(_xlpm.a/_xlpm.b,4))) -> 1.0473 | M11: =AVERAGEIFS($C$2:$C$21,$G$2:$G$21,G11) -> 17716.6 | N11: =COUNTIFS($G$2:$G$21,G11,$F$2:$F$21,">0") -> 5 | O11: =_xlfn.MAXIFS($F$2:$F$21,$G$2:$G$21,G11) -> 0.069448432 | P11: =IF(A11=Link!$B$2,"<<","")
A12: =Link!A21 -> Banca Veneta | B12: =Link!B21 -> 19867 | C12: =SUMIFS(PeerData!$C$2:$C$721,PeerData!$A$2:$A$721,A12,PeerData!$B$2:$B$721,Link!$B$3) -> 18788.6 | D12: =_xlfn.XLOOKUP(A12&"|"&Link!$B$3,PeerData!$G$2:$G$721,PeerData!$D$2:$D$721,0) -> 939.43 | E12: =B12-C12 -> 1078.4 | F12: =IFERROR(E12/C12,0) -> 0.057396506 | G12: =VLOOKUP(A12,PeerMaster!$A$2:$D$21,2,FALSE) -> G3 | H12: =INDEX(PeerMaster!$C$2:$C$21,MATCH(A12,PeerMaster!$A$2:$A$21,0)) -> 2 | I12: =_xlfn.RANK.EQ(F12,$F$2:$F$21) -> 6 | J12: {=_xlfn.IFS(F12>0.05,"ahead",F12<-0.05,"behind",TRUE,"in line")} -> ahead | K12: {=_xlfn.SWITCH(H12,1,"Tier one",2,"Tier two","Other")} -> Tier two | L12: =_xlfn.LET(_xlpm.a,B12,_xlpm.b,C12,IF(_xlpm.b=0,0,ROUND(_xlpm.a/_xlpm.b,4))) -> 1.0574 | M12: =AVERAGEIFS($C$2:$C$21,$G$2:$G$21,G12) -> 18946.24 | N12: =COUNTIFS($G$2:$G$21,G12,$F$2:$F$21,">0") -> 5 | O12: =_xlfn.MAXIFS($F$2:$F$21,$G$2:$G$21,G12) -> 0.057396506 | P12: =IF(A12=Link!$B$2,"<<","")
A13: =Link!A22 -> Banca Friulana | B13: =Link!B22 -> 21169.7 | C13: =SUMIFS(PeerData!$C$2:$C$721,PeerData!$A$2:$A$721,A13,PeerData!$B$2:$B$721,Link!$B$3) -> 20151.9 | D13: =_xlfn.XLOOKUP(A13&"|"&Link!$B$3,PeerData!$G$2:$G$721,PeerData!$D$2:$D$721,0) -> 1007.59 | E13: =B13-C13 -> 1017.8 | F13: =IFERROR(E13/C13,0) -> 0.050506404 | G13: =VLOOKUP(A13,PeerMaster!$A$2:$D$21,2,FALSE) -> G4 | H13: =INDEX(PeerMaster!$C$2:$C$21,MATCH(A13,PeerMaster!$A$2:$A$21,0)) -> 3 | I13: =_xlfn.RANK.EQ(F13,$F$2:$F$21) -> 13 | J13: {=_xlfn.IFS(F13>0.05,"ahead",F13<-0.05,"behind",TRUE,"in line")} -> ahead | K13: {=_xlfn.SWITCH(H13,1,"Tier one",2,"Tier two","Other")} -> Other | L13: =_xlfn.LET(_xlpm.a,B13,_xlpm.b,C13,IF(_xlpm.b=0,0,ROUND(_xlpm.a/_xlpm.b,4))) -> 1.0505 | M13: =AVERAGEIFS($C$2:$C$21,$G$2:$G$21,G13) -> 20139.28 | N13: =COUNTIFS($G$2:$G$21,G13,$F$2:$F$21,">0") -> 5 | O13: =_xlfn.MAXIFS($F$2:$F$21,$G$2:$G$21,G13) -> 0.060103388 | P13: =IF(A13=Link!$B$2,"<<","")
... A21: =Link!A30 -> Banca Città | B21: =Link!B30 -> 31314.5 | C21: =SUMIFS(PeerData!$C$2:$C$721,PeerData!$A$2:$A$721,A21,PeerData!$B$2:$B$721,Link!$B$3) -> 29539.1 | D21: =_xlfn.XLOOKUP(A21&"|"&Link!$B$3,PeerData!$G$2:$G$721,PeerData!$D$2:$D$721,0) -> 1476.96 | E21: =B21-C21 -> 1775.4 | F21: =IFERROR(E21/C21,0) -> 0.060103388 | G21: =VLOOKUP(A21,PeerMaster!$A$2:$D$21,2,FALSE) -> G4 | H21: =INDEX(PeerMaster!$C$2:$C$21,MATCH(A21,PeerMaster!$A$2:$A$21,0)) -> 2 | I21: =_xlfn.RANK.EQ(F21,$F$2:$F$21) -> 5 | J21: {=_xlfn.IFS(F21>0.05,"ahead",F21<-0.05,"behind",TRUE,"in line")} -> ahead | K21: {=_xlfn.SWITCH(H21,1,"Tier one",2,"Tier two","Other")} -> Tier two | L21: =_xlfn.LET(_xlpm.a,B21,_xlpm.b,C21,IF(_xlpm.b=0,0,ROUND(_xlpm.a/_xlpm.b,4))) -> 1.0601 | M21: =AVERAGEIFS($C$2:$C$21,$G$2:$G$21,G21) -> 20139.28 | N21: =COUNTIFS($G$2:$G$21,G21,$F$2:$F$21,">0") -> 5 | O21: =_xlfn.MAXIFS($F$2:$F$21,$G$2:$G$21,G21) -> 0.060103388 | P21: =IF(A21=Link!$B$2,"<<","")

Sheet PeerTrend
A1: Month | B1: Own | C1: Peer | D1: Gap | E1: Ratio | F1: Cumulative peer | G1: Grid | H1: Rolling 3
A2: =ROW()-1 -> 1 | B2: =Link!B34 -> 5941.6 | C2: =SUMIFS(PeerData!C:C,PeerData!A:A,Link!$B$2,PeerData!B:B,A2) -> 5626 | D2: =B2-C2 -> 315.6 | E2: =IFERROR(B2/C2,0) -> 1.0560967 | F2: =SUM($C$2:C2) -> 5626 | G2: =HLOOKUP(A2,PeerGrid!$B$2:$AK$22,Link!$B$6+1,FALSE) -> 5626 | H2: =AVERAGE(OFFSET(C2,-MIN(2,A2-1),0,MIN(3,A2),1)) -> 5626
A3: =ROW()-1 -> 2 | B3: =Link!B35 -> 5956.6 | C3: =SUMIFS(PeerData!C:C,PeerData!A:A,Link!$B$2,PeerData!B:B,A3) -> 5886.4 | D3: =B3-C3 -> 70.2 | E3: =IFERROR(B3/C3,0) -> 1.0119258 | F3: =SUM($C$2:C3) -> 11512.4 | G3: =HLOOKUP(A3,PeerGrid!$B$2:$AK$22,Link!$B$6+1,FALSE) -> 5886.4 | H3: =AVERAGE(OFFSET(C3,-MIN(2,A3-1),0,MIN(3,A3),1)) -> 5756.2
A4: =ROW()-1 -> 3 | B4: =Link!B36 -> 6061.7 | C4: =SUMIFS(PeerData!C:C,PeerData!A:A,Link!$B$2,PeerData!B:B,A4) -> 5918 | D4: =B4-C4 -> 143.7 | E4: =IFERROR(B4/C4,0) -> 1.0242819 | F4: =SUM($C$2:C4) -> 17430.4 | G4: =HLOOKUP(A4,PeerGrid!$B$2:$AK$22,Link!$B$6+1,FALSE) -> 5918 | H4: =AVERAGE(OFFSET(C4,-MIN(2,A4-1),0,MIN(3,A4),1)) -> 5810.1333
A5: =ROW()-1 -> 4 | B5: =Link!B37 -> 6103 | C5: =SUMIFS(PeerData!C:C,PeerData!A:A,Link!$B$2,PeerData!B:B,A5) -> 6016.9 | D5: =B5-C5 -> 86.1 | E5: =IFERROR(B5/C5,0) -> 1.0143097 | F5: =SUM($C$2:C5) -> 23447.3 | G5: =HLOOKUP(A5,PeerGrid!$B$2:$AK$22,Link!$B$6+1,FALSE) -> 6016.9 | H5: =AVERAGE(OFFSET(C5,-MIN(2,A5-1),0,MIN(3,A5),1)) -> 5940.4333
A6: =ROW()-1 -> 5 | B6: =Link!B38 -> 6242.9 | C6: =SUMIFS(PeerData!C:C,PeerData!A:A,Link!$B$2,PeerData!B:B,A6) -> 5982.7 | D6: =B6-C6 -> 260.2 | E6: =IFERROR(B6/C6,0) -> 1.0434921 | F6: =SUM($C$2:C6) -> 29430 | G6: =HLOOKUP(A6,PeerGrid!$B$2:$AK$22,Link!$B$6+1,FALSE) -> 5982.7 | H6: =AVERAGE(OFFSET(C6,-MIN(2,A6-1),0,MIN(3,A6),1)) -> 5972.5333
A7: =ROW()-1 -> 6 | B7: =Link!B39 -> 6214.5 | C7: =SUMIFS(PeerData!C:C,PeerData!A:A,Link!$B$2,PeerData!B:B,A7) -> 6035.5 | D7: =B7-C7 -> 179 | E7: =IFERROR(B7/C7,0) -> 1.0296579 | F7: =SUM($C$2:C7) -> 35465.5 | G7: =HLOOKUP(A7,PeerGrid!$B$2:$AK$22,Link!$B$6+1,FALSE) -> 6035.5 | H7: =AVERAGE(OFFSET(C7,-MIN(2,A7-1),0,MIN(3,A7),1)) -> 6011.7
A8: =ROW()-1 -> 7 | B8: =Link!B40 -> 6269.6 | C8: =SUMIFS(PeerData!C:C,PeerData!A:A,Link!$B$2,PeerData!B:B,A8) -> 5946.4 | D8: =B8-C8 -> 323.2 | E8: =IFERROR(B8/C8,0) -> 1.0543522 | F8: =SUM($C$2:C8) -> 41411.9 | G8: =HLOOKUP(A8,PeerGrid!$B$2:$AK$22,Link!$B$6+1,FALSE) -> 5946.4 | H8: =AVERAGE(OFFSET(C8,-MIN(2,A8-1),0,MIN(3,A8),1)) -> 5988.2
A9: =ROW()-1 -> 8 | B9: =Link!B41 -> 6280.5 | C9: =SUMIFS(PeerData!C:C,PeerData!A:A,Link!$B$2,PeerData!B:B,A9) -> 5987.2 | D9: =B9-C9 -> 293.3 | E9: =IFERROR(B9/C9,0) -> 1.0489878 | F9: =SUM($C$2:C9) -> 47399.1 | G9: =HLOOKUP(A9,PeerGrid!$B$2:$AK$22,Link!$B$6+1,FALSE) -> 5987.2 | H9: =AVERAGE(OFFSET(C9,-MIN(2,A9-1),0,MIN(3,A9),1)) -> 5989.7
A10: =ROW()-1 -> 9 | B10: =Link!B42 -> 6318.1 | C10: =SUMIFS(PeerData!C:C,PeerData!A:A,Link!$B$2,PeerData!B:B,A10) -> 5989.5 | D10: =B10-C10 -> 328.6 | E10: =IFERROR(B10/C10,0) -> 1.0548627 | F10: =SUM($C$2:C10) -> 53388.6 | G10: =HLOOKUP(A10,PeerGrid!$B$2:$AK$22,Link!$B$6+1,FALSE) -> 5989.5 | H10: =AVERAGE(OFFSET(C10,-MIN(2,A10-1),0,MIN(3,A10),1)) -> 5974.3667
A11: =ROW()-1 -> 10 | B11: =Link!B43 -> 6434.7 | C11: =SUMIFS(PeerData!C:C,PeerData!A:A,Link!$B$2,PeerData!B:B,A11) -> 6075.2 | D11: =B11-C11 -> 359.5 | E11: =IFERROR(B11/C11,0) -> 1.059175 | F11: =SUM($C$2:C11) -> 59463.8 | G11: =HLOOKUP(A11,PeerGrid!$B$2:$AK$22,Link!$B$6+1,FALSE) -> 6075.2 | H11: =AVERAGE(OFFSET(C11,-MIN(2,A11-1),0,MIN(3,A11),1)) -> 6017.3
A12: =ROW()-1 -> 11 | B12: =Link!B44 -> 6396.1 | C12: =SUMIFS(PeerData!C:C,PeerData!A:A,Link!$B$2,PeerData!B:B,A12) -> 6183 | D12: =B12-C12 -> 213.1 | E12: =IFERROR(B12/C12,0) -> 1.0344655 | F12: =SUM($C$2:C12) -> 65646.8 | G12: =HLOOKUP(A12,PeerGrid!$B$2:$AK$22,Link!$B$6+1,FALSE) -> 6183 | H12: =AVERAGE(OFFSET(C12,-MIN(2,A12-1),0,MIN(3,A12),1)) -> 6082.5667
A13: =ROW()-1 -> 12 | B13: =Link!B45 -> 6551.1 | C13: =SUMIFS(PeerData!C:C,PeerData!A:A,Link!$B$2,PeerData!B:B,A13) -> 6160.7 | D13: =B13-C13 -> 390.4 | E13: =IFERROR(B13/C13,0) -> 1.0633694 | F13: =SUM($C$2:C13) -> 71807.5 | G13: =HLOOKUP(A13,PeerGrid!$B$2:$AK$22,Link!$B$6+1,FALSE) -> 6160.7 | H13: =AVERAGE(OFFSET(C13,-MIN(2,A13-1),0,MIN(3,A13),1)) -> 6139.6333
... A37: =ROW()-1 -> 36 | B37: =Link!B69 -> 7595.8 | C37: =SUMIFS(PeerData!C:C,PeerData!A:A,Link!$B$2,PeerData!B:B,A37) -> 7400.4 | D37: =B37-C37 -> 195.4 | E37: =IFERROR(B37/C37,0) -> 1.026404 | F37: =SUM($C$2:C37) -> 233574.7 | G37: =HLOOKUP(A37,PeerGrid!$B$2:$AK$22,Link!$B$6+1,FALSE) -> 7400.4 | H37: =AVERAGE(OFFSET(C37,-MIN(2,A37-1),0,MIN(3,A37),1)) -> 7339.8333

Sheet PeerGrid
A2: Banca \ mese | B2: 1 | C2: 2 | D2: 3 | E2: 4 | F2: 5 | G2: 6 | H2: 7 | I2: 8 | J2: 9 | K2: 10 | L2: 11 | M2: 12 | N2: 13 | O2: 14 | P2: 15 | Q2: 16 | R2: 17 | S2: 18 | T2: 19 | U2: 20 | V2: 21 | W2: 22 | X2: 23 | Y2: 24 | Z2: 25 | AA2: 26 | AB2: 27 | AC2: 28 | AD2: 29 | AE2: 30 | AF2: 31 | AG2: 32 | AH2: 33 | AI2: 34 | AJ2: 35 | AK2: 36
A3: Banca Alpi | B3: =SUMIFS(PeerData!$C$2:$C$721,PeerData!$A$2:$A$721,$A3,PeerData!$B$2:$B$721,B$2) -> 5626 | C3: =SUMIFS(PeerData!$C$2:$C$721,PeerData!$A$2:$A$721,$A3,PeerData!$B$2:$B$721,C$2) -> 5886.4 | D3: =SUMIFS(PeerData!$C$2:$C$721,PeerData!$A$2:$A$721,$A3,PeerData!$B$2:$B$721,D$2) -> 5918 | E3: =SUMIFS(PeerData!$C$2:$C$721,PeerData!$A$2:$A$721,$A3,PeerData!$B$2:$B$721,E$2) -> 6016.9 | F3: =SUMIFS(PeerData!$C$2:$C$721,PeerData!$A$2:$A$721,$A3,PeerData!$B$2:$B$721,F$2) -> 5982.7 | G3: =SUMIFS(PeerData!$C$2:$C$721,PeerData!$A$2:$A$721,$A3,PeerData!$B$2:$B$721,G$2) -> 6035.5 | H3: =SUMIFS(PeerData!$C$2:$C$721,PeerData!$A$2:$A$721,$A3,PeerData!$B$2:$B$721,H$2) -> 5946.4 | I3: =SUMIFS(PeerData!$C$2:$C$721,PeerData!$A$2:$A$721,$A3,PeerData!$B$2:$B$721,I$2) -> 5987.2 | ... AK3: =SUMIFS(PeerData!$C$2:$C$721,PeerData!$A$2:$A$721,$A3,PeerData!$B$2:$B$721,AK$2) -> 7400.4
A4: Banca Adriatica | B4: =SUMIFS(PeerData!$C$2:$C$721,PeerData!$A$2:$A$721,$A4,PeerData!$B$2:$B$721,B$2) -> 6690.1 | C4: =SUMIFS(PeerData!$C$2:$C$721,PeerData!$A$2:$A$721,$A4,PeerData!$B$2:$B$721,C$2) -> 6926.7 | D4: =SUMIFS(PeerData!$C$2:$C$721,PeerData!$A$2:$A$721,$A4,PeerData!$B$2:$B$721,D$2) -> 6888.9 | E4: =SUMIFS(PeerData!$C$2:$C$721,PeerData!$A$2:$A$721,$A4,PeerData!$B$2:$B$721,E$2) -> 6926.7 | F4: =SUMIFS(PeerData!$C$2:$C$721,PeerData!$A$2:$A$721,$A4,PeerData!$B$2:$B$721,F$2) -> 7064.4 | G4: =SUMIFS(PeerData!$C$2:$C$721,PeerData!$A$2:$A$721,$A4,PeerData!$B$2:$B$721,G$2) -> 6923.1 | H4: =SUMIFS(PeerData!$C$2:$C$721,PeerData!$A$2:$A$721,$A4,PeerData!$B$2:$B$721,H$2) -> 7059.2 | I4: =SUMIFS(PeerData!$C$2:$C$721,PeerData!$A$2:$A$721,$A4,PeerData!$B$2:$B$721,I$2) -> 7168.7 | ... AK4: =SUMIFS(PeerData!$C$2:$C$721,PeerData!$A$2:$A$721,$A4,PeerData!$B$2:$B$721,AK$2) -> 8472.5
A5: Banca Tirrena | B5: =SUMIFS(PeerData!$C$2:$C$721,PeerData!$A$2:$A$721,$A5,PeerData!$B$2:$B$721,B$2) -> 7577.1 | C5: =SUMIFS(PeerData!$C$2:$C$721,PeerData!$A$2:$A$721,$A5,PeerData!$B$2:$B$721,C$2) -> 7755.9 | D5: =SUMIFS(PeerData!$C$2:$C$721,PeerData!$A$2:$A$721,$A5,PeerData!$B$2:$B$721,D$2) -> 7725.2 | E5: =SUMIFS(PeerData!$C$2:$C$721,PeerData!$A$2:$A$721,$A5,PeerData!$B$2:$B$721,E$2) -> 8011.9 | F5: =SUMIFS(PeerData!$C$2:$C$721,PeerData!$A$2:$A$721,$A5,PeerData!$B$2:$B$721,F$2) -> 7731.1 | G5: =SUMIFS(PeerData!$C$2:$C$721,PeerData!$A$2:$A$721,$A5,PeerData!$B$2:$B$721,G$2) -> 7890.2 | H5: =SUMIFS(PeerData!$C$2:$C$721,PeerData!$A$2:$A$721,$A5,PeerData!$B$2:$B$721,H$2) -> 8103.6 | I5: =SUMIFS(PeerData!$C$2:$C$721,PeerData!$A$2:$A$721,$A5,PeerData!$B$2:$B$721,I$2) -> 8247.2 | ... AK5: =SUMIFS(PeerData!$C$2:$C$721,PeerData!$A$2:$A$721,$A5,PeerData!$B$2:$B$721,AK$2) -> 9492.2
A6: Banca Padana | B6: =SUMIFS(PeerData!$C$2:$C$721,PeerData!$A$2:$A$721,$A6,PeerData!$B$2:$B$721,B$2) -> 8576.2 | C6: =SUMIFS(PeerData!$C$2:$C$721,PeerData!$A$2:$A$721,$A6,PeerData!$B$2:$B$721,C$2) -> 8553.7 | D6: =SUMIFS(PeerData!$C$2:$C$721,PeerData!$A$2:$A$721,$A6,PeerData!$B$2:$B$721,D$2) -> 8930.4 | E6: =SUMIFS(PeerData!$C$2:$C$721,PeerData!$A$2:$A$721,$A6,PeerData!$B$2:$B$721,E$2) -> 9007.1 | F6: =SUMIFS(PeerData!$C$2:$C$721,PeerData!$A$2:$A$721,$A6,PeerData!$B$2:$B$721,F$2) -> 9017.1 | G6: =SUMIFS(PeerData!$C$2:$C$721,PeerData!$A$2:$A$721,$A6,PeerData!$B$2:$B$721,G$2) -> 8823.7 | H6: =SUMIFS(PeerData!$C$2:$C$721,PeerData!$A$2:$A$721,$A6,PeerData!$B$2:$B$721,H$2) -> 8869.3 | I6: =SUMIFS(PeerData!$C$2:$C$721,PeerData!$A$2:$A$721,$A6,PeerData!$B$2:$B$721,I$2) -> 9243.1 | ... AK6: =SUMIFS(PeerData!$C$2:$C$721,PeerData!$A$2:$A$721,$A6,PeerData!$B$2:$B$721,AK$2) -> 11045.1
A7: Banca Etrusca | B7: =SUMIFS(PeerData!$C$2:$C$721,PeerData!$A$2:$A$721,$A7,PeerData!$B$2:$B$721,B$2) -> 9719.1 | C7: =SUMIFS(PeerData!$C$2:$C$721,PeerData!$A$2:$A$721,$A7,PeerData!$B$2:$B$721,C$2) -> 9617.2 | D7: =SUMIFS(PeerData!$C$2:$C$721,PeerData!$A$2:$A$721,$A7,PeerData!$B$2:$B$721,D$2) -> 9976.1 | E7: =SUMIFS(PeerData!$C$2:$C$721,PeerData!$A$2:$A$721,$A7,PeerData!$B$2:$B$721,E$2) -> 9913.3 | F7: =SUMIFS(PeerData!$C$2:$C$721,PeerData!$A$2:$A$721,$A7,PeerData!$B$2:$B$721,F$2) -> 9771.2 | G7: =SUMIFS(PeerData!$C$2:$C$721,PeerData!$A$2:$A$721,$A7,PeerData!$B$2:$B$721,G$2) -> 10108.3 | H7: =SUMIFS(PeerData!$C$2:$C$721,PeerData!$A$2:$A$721,$A7,PeerData!$B$2:$B$721,H$2) -> 10150.4 | I7: =SUMIFS(PeerData!$C$2:$C$721,PeerData!$A$2:$A$721,$A7,PeerData!$B$2:$B$721,I$2) -> 10303 | ... AK7: =SUMIFS(PeerData!$C$2:$C$721,PeerData!$A$2:$A$721,$A7,PeerData!$B$2:$B$721,AK$2) -> 12156.2
A8: Banca Lariana | B8: =SUMIFS(PeerData!$C$2:$C$721,PeerData!$A$2:$A$721,$A8,PeerData!$B$2:$B$721,B$2) -> 10568.9 | C8: =SUMIFS(PeerData!$C$2:$C$721,PeerData!$A$2:$A$721,$A8,PeerData!$B$2:$B$721,C$2) -> 10693.6 | D8: =SUMIFS(PeerData!$C$2:$C$721,PeerData!$A$2:$A$721,$A8,PeerData!$B$2:$B$721,D$2) -> 10582.3 | E8: =SUMIFS(PeerData!$C$2:$C$721,PeerData!$A$2:$A$721,$A8,PeerData!$B$2:$B$721,E$2) -> 10954.3 | F8: =SUMIFS(PeerData!$C$2:$C$721,PeerData!$A$2:$A$721,$A8,PeerData!$B$2:$B$721,F$2) -> 10908.8 | G8: =SUMIFS(PeerData!$C$2:$C$721,PeerData!$A$2:$A$721,$A8,PeerData!$B$2:$B$721,G$2) -> 11167.4 | H8: =SUMIFS(PeerData!$C$2:$C$721,PeerData!$A$2:$A$721,$A8,PeerData!$B$2:$B$721,H$2) -> 11129.9 | I8: =SUMIFS(PeerData!$C$2:$C$721,PeerData!$A$2:$A$721,$A8,PeerData!$B$2:$B$721,I$2) -> 11327.2 | ... AK8: =SUMIFS(PeerData!$C$2:$C$721,PeerData!$A$2:$A$721,$A8,PeerData!$B$2:$B$721,AK$2) -> 13305.8
A9: Banca Sabina | B9: =SUMIFS(PeerData!$C$2:$C$721,PeerData!$A$2:$A$721,$A9,PeerData!$B$2:$B$721,B$2) -> 11640.9 | C9: =SUMIFS(PeerData!$C$2:$C$721,PeerData!$A$2:$A$721,$A9,PeerData!$B$2:$B$721,C$2) -> 11768.7 | D9: =SUMIFS(PeerData!$C$2:$C$721,PeerData!$A$2:$A$721,$A9,PeerData!$B$2:$B$721,D$2) -> 11792.9 | E9: =SUMIFS(PeerData!$C$2:$C$721,PeerData!$A$2:$A$721,$A9,PeerData!$B$2:$B$721,E$2) -> 11805.7 | F9: =SUMIFS(PeerData!$C$2:$C$721,PeerData!$A$2:$A$721,$A9,PeerData!$B$2:$B$721,F$2) -> 12104.4 | G9: =SUMIFS(PeerData!$C$2:$C$721,PeerData!$A$2:$A$721,$A9,PeerData!$B$2:$B$721,G$2) -> 12080.8 | H9: =SUMIFS(PeerData!$C$2:$C$721,PeerData!$A$2:$A$721,$A9,PeerData!$B$2:$B$721,H$2) -> 12078.6 | I9: =SUMIFS(PeerData!$C$2:$C$721,PeerData!$A$2:$A$721,$A9,PeerData!$B$2:$B$721,I$2) -> 12073 | ... AK9: =SUMIFS(PeerData!$C$2:$C$721,PeerData!$A$2:$A$721,$A9,PeerData!$B$2:$B$721,AK$2) -> 14723.6
A10: Banca Irpina | B10: =SUMIFS(PeerData!$C$2:$C$721,PeerData!$A$2:$A$721,$A10,PeerData!$B$2:$B$721,B$2) -> 12552.9 | C10: =SUMIFS(PeerData!$C$2:$C$721,PeerData!$A$2:$A$721,$A10,PeerData!$B$2:$B$721,C$2) -> 12776.4 | D10: =SUMIFS(PeerData!$C$2:$C$721,PeerData!$A$2:$A$721,$A10,PeerData!$B$2:$B$721,D$2) -> 12921.1 | E10: =SUMIFS(PeerData!$C$2:$C$721,PeerData!$A$2:$A$721,$A10,PeerData!$B$2:$B$721,E$2) -> 12928.2 | F10: =SUMIFS(PeerData!$C$2:$C$721,PeerData!$A$2:$A$721,$A10,PeerData!$B$2:$B$721,F$2) -> 12851.6 | G10: =SUMIFS(PeerData!$C$2:$C$721,PeerData!$A$2:$A$721,$A10,PeerData!$B$2:$B$721,G$2) -> 12918.7 | H10: =SUMIFS(PeerData!$C$2:$C$721,PeerData!$A$2:$A$721,$A10,PeerData!$B$2:$B$721,H$2) -> 13247.7 | I10: =SUMIFS(PeerData!$C$2:$C$721,PeerData!$A$2:$A$721,$A10,PeerData!$B$2:$B$721,I$2) -> 13178.6 | ... AK10: =SUMIFS(PeerData!$C$2:$C$721,PeerData!$A$2:$A$721,$A10,PeerData!$B$2:$B$721,AK$2) -> 15843.6
A11: Banca Sannita | B11: =SUMIFS(PeerData!$C$2:$C$721,PeerData!$A$2:$A$721,$A11,PeerData!$B$2:$B$721,B$2) -> 13734.5 | C11: =SUMIFS(PeerData!$C$2:$C$721,PeerData!$A$2:$A$721,$A11,PeerData!$B$2:$B$721,C$2) -> 13628.7 | D11: =SUMIFS(PeerData!$C$2:$C$721,PeerData!$A$2:$A$721,$A11,PeerData!$B$2:$B$721,D$2) -> 13672.3 | E11: =SUMIFS(PeerData!$C$2:$C$721,PeerData!$A$2:$A$721,$A11,PeerData!$B$2:$B$721,E$2) -> 13747.1 | F11: =SUMIFS(PeerData!$C$2:$C$721,PeerData!$A$2:$A$721,$A11,PeerData!$B$2:$B$721,F$2) -> 14082.4 | G11: =SUMIFS(PeerData!$C$2:$C$721,PeerData!$A$2:$A$721,$A11,PeerData!$B$2:$B$721,G$2) -> 14103.5 | H11: =SUMIFS(PeerData!$C$2:$C$721,PeerData!$A$2:$A$721,$A11,PeerData!$B$2:$B$721,H$2) -> 14325.8 | I11: =SUMIFS(PeerData!$C$2:$C$721,PeerData!$A$2:$A$721,$A11,PeerData!$B$2:$B$721,I$2) -> 14453.6 | ... AK11: =SUMIFS(PeerData!$C$2:$C$721,PeerData!$A$2:$A$721,$A11,PeerData!$B$2:$B$721,AK$2) -> 17269.5
A12: Banca Ligure | B12: =SUMIFS(PeerData!$C$2:$C$721,PeerData!$A$2:$A$721,$A12,PeerData!$B$2:$B$721,B$2) -> 14565.3 | C12: =SUMIFS(PeerData!$C$2:$C$721,PeerData!$A$2:$A$721,$A12,PeerData!$B$2:$B$721,C$2) -> 14659.1 | D12: =SUMIFS(PeerData!$C$2:$C$721,PeerData!$A$2:$A$721,$A12,PeerData!$B$2:$B$721,D$2) -> 14922.6 | E12: =SUMIFS(PeerData!$C$2:$C$721,PeerData!$A$2:$A$721,$A12,PeerData!$B$2:$B$721,E$2) -> 15021.4 | F12: =SUMIFS(PeerData!$C$2:$C$721,PeerData!$A$2:$A$721,$A12,PeerData!$B$2:$B$721,F$2) -> 14776.7 | G12: =SUMIFS(PeerData!$C$2:$C$721,PeerData!$A$2:$A$721,$A12,PeerData!$B$2:$B$721,G$2) -> 14894.4 | H12: =SUMIFS(PeerData!$C$2:$C$721,PeerData!$A$2:$A$721,$A12,PeerData!$B$2:$B$721,H$2) -> 15387 | I12: =SUMIFS(PeerData!$C$2:$C$721,PeerData!$A$2:$A$721,$A12,PeerData!$B$2:$B$721,I$2) -> 15491 | ... AK12: =SUMIFS(PeerData!$C$2:$C$721,PeerData!$A$2:$A$721,$A12,PeerData!$B$2:$B$721,AK$2) -> 18254.8
A13: Banca Veneta | B13: =SUMIFS(PeerData!$C$2:$C$721,PeerData!$A$2:$A$721,$A13,PeerData!$B$2:$B$721,B$2) -> 15671.7 | C13: =SUMIFS(PeerData!$C$2:$C$721,PeerData!$A$2:$A$721,$A13,PeerData!$B$2:$B$721,C$2) -> 15543.6 | D13: =SUMIFS(PeerData!$C$2:$C$721,PeerData!$A$2:$A$721,$A13,PeerData!$B$2:$B$721,D$2) -> 15739.6 | E13: =SUMIFS(PeerData!$C$2:$C$721,PeerData!$A$2:$A$721,$A13,PeerData!$B$2:$B$721,E$2) -> 15681.8 | F13: =SUMIFS(PeerData!$C$2:$C$721,PeerData!$A$2:$A$721,$A13,PeerData!$B$2:$B$721,F$2) -> 16162.4 | G13: =SUMIFS(PeerData!$C$2:$C$721,PeerData!$A$2:$A$721,$A13,PeerData!$B$2:$B$721,G$2) -> 15998.1 | H13: =SUMIFS(PeerData!$C$2:$C$721,PeerData!$A$2:$A$721,$A13,PeerData!$B$2:$B$721,H$2) -> 16030.5 | I13: =SUMIFS(PeerData!$C$2:$C$721,PeerData!$A$2:$A$721,$A13,PeerData!$B$2:$B$721,I$2) -> 16156.8 | ... AK13: =SUMIFS(PeerData!$C$2:$C$721,PeerData!$A$2:$A$721,$A13,PeerData!$B$2:$B$721,AK$2) -> 19587
A14: Banca Friulana | B14: =SUMIFS(PeerData!$C$2:$C$721,PeerData!$A$2:$A$721,$A14,PeerData!$B$2:$B$721,B$2) -> 16553.7 | C14: =SUMIFS(PeerData!$C$2:$C$721,PeerData!$A$2:$A$721,$A14,PeerData!$B$2:$B$721,C$2) -> 16590.5 | D14: =SUMIFS(PeerData!$C$2:$C$721,PeerData!$A$2:$A$721,$A14,PeerData!$B$2:$B$721,D$2) -> 16626.4 | E14: =SUMIFS(PeerData!$C$2:$C$721,PeerData!$A$2:$A$721,$A14,PeerData!$B$2:$B$721,E$2) -> 16825.7 | F14: =SUMIFS(PeerData!$C$2:$C$721,PeerData!$A$2:$A$721,$A14,PeerData!$B$2:$B$721,F$2) -> 16916.9 | G14: =SUMIFS(PeerData!$C$2:$C$721,PeerData!$A$2:$A$721,$A14,PeerData!$B$2:$B$721,G$2) -> 17239.8 | H14: =SUMIFS(PeerData!$C$2:$C$721,PeerData!$A$2:$A$721,$A14,PeerData!$B$2:$B$721,H$2) -> 17411.2 | I14: =SUMIFS(PeerData!$C$2:$C$721,PeerData!$A$2:$A$721,$A14,PeerData!$B$2:$B$721,I$2) -> 17520.8 | ... AK14: =SUMIFS(PeerData!$C$2:$C$721,PeerData!$A$2:$A$721,$A14,PeerData!$B$2:$B$721,AK$2) -> 20697.6
... A22: Banca Città | B22: =SUMIFS(PeerData!$C$2:$C$721,PeerData!$A$2:$A$721,$A22,PeerData!$B$2:$B$721,B$2) -> 24307.1 | C22: =SUMIFS(PeerData!$C$2:$C$721,PeerData!$A$2:$A$721,$A22,PeerData!$B$2:$B$721,C$2) -> 24680.2 | D22: =SUMIFS(PeerData!$C$2:$C$721,PeerData!$A$2:$A$721,$A22,PeerData!$B$2:$B$721,D$2) -> 24752.6 | E22: =SUMIFS(PeerData!$C$2:$C$721,PeerData!$A$2:$A$721,$A22,PeerData!$B$2:$B$721,E$2) -> 24737.4 | F22: =SUMIFS(PeerData!$C$2:$C$721,PeerData!$A$2:$A$721,$A22,PeerData!$B$2:$B$721,F$2) -> 25040 | G22: =SUMIFS(PeerData!$C$2:$C$721,PeerData!$A$2:$A$721,$A22,PeerData!$B$2:$B$721,G$2) -> 25052 | H22: =SUMIFS(PeerData!$C$2:$C$721,PeerData!$A$2:$A$721,$A22,PeerData!$B$2:$B$721,H$2) -> 25622.4 | I22: =SUMIFS(PeerData!$C$2:$C$721,PeerData!$A$2:$A$721,$A22,PeerData!$B$2:$B$721,I$2) -> 25774.6 | ... AK22: =SUMIFS(PeerData!$C$2:$C$721,PeerData!$A$2:$A$721,$A22,PeerData!$B$2:$B$721,AK$2) -> 30797.2
A24: Selected (HLOOKUP) | B24: =HLOOKUP(Link!$B$3,$B$2:$AK$22,Link!$B$6+1,FALSE) -> 6924.6

Sheet Summary
A2: Gap % selected | B2: =_xlfn.XLOOKUP(Link!B2,Compare!A2:A21,Compare!F2:F21) -> 0.062126332
A3: Peer rank selected | B3: =_xlfn.XLOOKUP(Link!B2,Compare!A2:A21,Compare!I2:I21) -> 4
A4: Total gap | B4: =SUM(Compare!E2:E21) -> 19659.8
A5: Banks ahead | B5: =COUNTIF(Compare!J2:J21,"ahead") -> 14
A6: Month code | B6: =TEXT(Link!B3,"00") -> 30
A7: Gap label | B7: =TEXT(B2,"0.0%") -> 06%
A8: Peer avg volume | B8: =AVERAGE(Compare!C2:C21) -> 18300.43
A9: Model check | B9: =[1]Calc_Summary!B2*2 -> 14709.6
A10: Days since 2026 | B10: =TODAY()-DATE(2026,1,1) -> 289

Sheet SLIDE Peer Overview
B2: x
C3: ="Peers - "&Link!B2&" - month "&Link!B3 -> Peers - Banca Alpi - month 30
C4: Bank | D4: Own | E4: Peer | F4: Gap | G4: Gap % | H4: Position | I4: Sel.
C5: =Compare!A2 -> Banca Alpi | D5: =Compare!B2 -> 7354.8 | E5: =Compare!C2 -> 6924.6 | F5: =Compare!E2 -> 430.2 | G5: =Compare!F2 -> 0.062126332 | H5: =Compare!J2 -> ahead | I5: =Compare!P2 -> <<
C6: =Compare!A3 -> Banca Adriatica | D6: =Compare!B3 -> 8568.1 | E6: =Compare!C3 -> 8011.7 | F6: =Compare!E3 -> 556.4 | G6: =Compare!F3 -> 0.069448432 | H6: =Compare!J3 -> ahead | I6: =Compare!P3
C7: =Compare!A4 -> Banca Tirrena | D7: =Compare!B4 -> 9865.8 | E7: =Compare!C4 -> 9487.6 | F7: =Compare!E4 -> 378.2 | G7: =Compare!F4 -> 0.039862557 | H7: =Compare!J4 -> in line | I7: =Compare!P4
C8: =Compare!A5 -> Banca Padana | D8: =Compare!B5 -> 11127.4 | E8: =Compare!C5 -> 10580.4 | F8: =Compare!E5 -> 547 | G8: =Compare!F5 -> 0.051699369 | H8: =Compare!J5 -> ahead | I8: =Compare!P5
C9: =Compare!A6 -> Banca Etrusca | D9: =Compare!B6 -> 12359 | E9: =Compare!C6 -> 11564 | F9: =Compare!E6 -> 795 | G9: =Compare!F6 -> 0.068747838 | H9: =Compare!J6 -> ahead | I9: =Compare!P6
C10: =Compare!A7 -> Banca Lariana | D10: =Compare!B7 -> 13592.2 | E10: =Compare!C7 -> 12936.3 | F10: =Compare!E7 -> 655.9 | G10: =Compare!F7 -> 0.050702287 | H10: =Compare!J7 -> ahead | I10: =Compare!P7
C11: =Compare!A8 -> Banca Sabina | D11: =Compare!B8 -> 14860.6 | E11: =Compare!C8 -> 14236.8 | F11: =Compare!E8 -> 623.8 | G11: =Compare!F8 -> 0.043816026 | H11: =Compare!J8 -> in line | I11: =Compare!P8
C12: =Compare!A9 -> Banca Irpina | D12: =Compare!B9 -> 16241.5 | E12: =Compare!C9 -> 15498 | F12: =Compare!E9 -> 743.5 | G12: =Compare!F9 -> 0.047973932 | H12: =Compare!J9 -> in line | I12: =Compare!P9
C13: =Compare!A10 -> Banca Sannita | D13: =Compare!B10 -> 17435.2 | E13: =Compare!C10 -> 16513.1 | F13: =Compare!E10 -> 922.1 | G13: =Compare!F10 -> 0.055840515 | H13: =Compare!J10 -> ahead | I13: =Compare!P10
C14: =Compare!A11 -> Banca Ligure | D14: =Compare!B11 -> 18568.2 | E14: =Compare!C11 -> 17729.8 | F14: =Compare!E11 -> 838.4 | G14: =Compare!F11 -> 0.047287617 | H14: =Compare!J11 -> in line | I14: =Compare!P11
C15: =Compare!A12 -> Banca Veneta | D15: =Compare!B12 -> 19867 | E15: =Compare!C12 -> 18788.6 | F15: =Compare!E12 -> 1078.4 | G15: =Compare!F12 -> 0.057396506 | H15: =Compare!J12 -> ahead | I15: =Compare!P12
C16: =Compare!A13 -> Banca Friulana | D16: =Compare!B13 -> 21169.7 | E16: =Compare!C13 -> 20151.9 | F16: =Compare!E13 -> 1017.8 | G16: =Compare!F13 -> 0.050506404 | H16: =Compare!J13 -> ahead | I16: =Compare!P13
... C23: =Compare!A20 -> Banca Romagnola | D23: =Compare!B20 -> 29979.5 | E23: =Compare!C20 -> 28539.8 | F23: =Compare!E20 -> 1439.7 | G23: =Compare!F20 -> 0.050445343 | H23: =Compare!J20 -> ahead | I23: =Compare!P20
C24: =Compare!A21 -> Banca Città | D24: =Compare!B21 -> 31314.5 | E24: =Compare!C21 -> 29539.1 | F24: =Compare!E21 -> 1775.4 | G24: =Compare!F21 -> 0.060103388 | H24: =Compare!J21 -> ahead | I24: =Compare!P21 | J24: x

Sheet SLIDE Peer Trend
B2: x
C3: ="Peer trend - "&Link!B2 -> Peer trend - Banca Alpi
C4: Month | D4: Own | E4: Peer | F4: Gap | G4: Rolling
C5: =Link!$B$3-12+ROW()-4 -> 19 | D5: {=INDEX(PeerTrend!$B$2:$B$37,C5)} -> 6756.8 | E5: {=INDEX(PeerTrend!$C$2:$C$37,C5)} -> 6462.9 | F5: =D5-E5 -> 293.9 | G5: {=INDEX(PeerTrend!$H$2:$H$37,C5)} -> 6343
C6: =Link!$B$3-12+ROW()-4 -> 20 | D6: {=INDEX(PeerTrend!$B$2:$B$37,C6)} -> 6767 | E6: {=INDEX(PeerTrend!$C$2:$C$37,C6)} -> 6568 | F6: =D6-E6 -> 199 | G6: {=INDEX(PeerTrend!$H$2:$H$37,C6)} -> 6451.5333
C7: =Link!$B$3-12+ROW()-4 -> 21 | D7: {=INDEX(PeerTrend!$B$2:$B$37,C7)} -> 6881.5 | E7: {=INDEX(PeerTrend!$C$2:$C$37,C7)} -> 6486 | F7: =D7-E7 -> 395.5 | G7: {=INDEX(PeerTrend!$H$2:$H$37,C7)} -> 6505.6333
C8: =Link!$B$3-12+ROW()-4 -> 22 | D8: {=INDEX(PeerTrend!$B$2:$B$37,C8)} -> 6930.5 | E8: {=INDEX(PeerTrend!$C$2:$C$37,C8)} -> 6700.1 | F8: =D8-E8 -> 230.4 | G8: {=INDEX(PeerTrend!$H$2:$H$37,C8)} -> 6584.7
C9: =Link!$B$3-12+ROW()-4 -> 23 | D9: {=INDEX(PeerTrend!$B$2:$B$37,C9)} -> 7086 | E9: {=INDEX(PeerTrend!$C$2:$C$37,C9)} -> 6791.2 | F9: =D9-E9 -> 294.8 | G9: {=INDEX(PeerTrend!$H$2:$H$37,C9)} -> 6659.1
C10: =Link!$B$3-12+ROW()-4 -> 24 | D10: {=INDEX(PeerTrend!$B$2:$B$37,C10)} -> 7144.2 | E10: {=INDEX(PeerTrend!$C$2:$C$37,C10)} -> 6616.9 | F10: =D10-E10 -> 527.3 | G10: {=INDEX(PeerTrend!$H$2:$H$37,C10)} -> 6702.7333
C11: =Link!$B$3-12+ROW()-4 -> 25 | D11: {=INDEX(PeerTrend!$B$2:$B$37,C11)} -> 7026.5 | E11: {=INDEX(PeerTrend!$C$2:$C$37,C11)} -> 6576.1 | F11: =D11-E11 -> 450.4 | G11: {=INDEX(PeerTrend!$H$2:$H$37,C11)} -> 6661.4
C12: =Link!$B$3-12+ROW()-4 -> 26 | D12: {=INDEX(PeerTrend!$B$2:$B$37,C12)} -> 7134 | E12: {=INDEX(PeerTrend!$C$2:$C$37,C12)} -> 6959 | F12: =D12-E12 -> 175 | G12: {=INDEX(PeerTrend!$H$2:$H$37,C12)} -> 6717.3333
C13: =Link!$B$3-12+ROW()-4 -> 27 | D13: {=INDEX(PeerTrend!$B$2:$B$37,C13)} -> 7225.5 | E13: {=INDEX(PeerTrend!$C$2:$C$37,C13)} -> 6949.4 | F13: =D13-E13 -> 276.1 | G13: {=INDEX(PeerTrend!$H$2:$H$37,C13)} -> 6828.1667
C14: =Link!$B$3-12+ROW()-4 -> 28 | D14: {=INDEX(PeerTrend!$B$2:$B$37,C14)} -> 7256.6 | E14: {=INDEX(PeerTrend!$C$2:$C$37,C14)} -> 6841.6 | F14: =D14-E14 -> 415 | G14: {=INDEX(PeerTrend!$H$2:$H$37,C14)} -> 6916.6667
C15: =Link!$B$3-12+ROW()-4 -> 29 | D15: {=INDEX(PeerTrend!$B$2:$B$37,C15)} -> 7310.7 | E15: {=INDEX(PeerTrend!$C$2:$C$37,C15)} -> 7092.7 | F15: =D15-E15 -> 218 | G15: {=INDEX(PeerTrend!$H$2:$H$37,C15)} -> 6961.2333
C16: =Link!$B$3-12+ROW()-4 -> 30 | D16: {=INDEX(PeerTrend!$B$2:$B$37,C16)} -> 7354.8 | E16: {=INDEX(PeerTrend!$C$2:$C$37,C16)} -> 6924.6 | F16: =D16-E16 -> 430.2 | G16: {=INDEX(PeerTrend!$H$2:$H$37,C16)} -> 6952.9667 | H16: x

Sheet SLIDE Peer Gap
B2: x
C3: ="Gap by group" -> Gap by group
C4: Group | D4: Banks | E4: Avg gap % | F4: Best | G4: Ahead
C5: G1 | D5: =COUNTIF(Compare!$G$2:$G$21,C5) -> 5 | E5: =AVERAGEIF(Compare!$G$2:$G$21,C5,Compare!$F$2:$F$21) -> 0.062367139 | F5: =_xlfn.MAXIFS(Compare!$F$2:$F$21,Compare!$G$2:$G$21,C5) -> 0.068747838 | G5: =COUNTIFS(Compare!$G$2:$G$21,C5,Compare!$J$2:$J$21,"ahead") -> 5
C6: G2 | D6: =COUNTIF(Compare!$G$2:$G$21,C6) -> 5 | E6: =AVERAGEIF(Compare!$G$2:$G$21,C6,Compare!$F$2:$F$21) -> 0.053307374 | F6: =_xlfn.MAXIFS(Compare!$F$2:$F$21,Compare!$G$2:$G$21,C6) -> 0.069448432 | G6: =COUNTIFS(Compare!$G$2:$G$21,C6,Compare!$J$2:$J$21,"ahead") -> 3
C7: G3 | D7: =COUNTIF(Compare!$G$2:$G$21,C7) -> 5 | E7: =AVERAGEIF(Compare!$G$2:$G$21,C7,Compare!$F$2:$F$21) -> 0.04870935 | F7: =_xlfn.MAXIFS(Compare!$F$2:$F$21,Compare!$G$2:$G$21,C7) -> 0.057396506 | G7: =COUNTIFS(Compare!$G$2:$G$21,C7,Compare!$J$2:$J$21,"ahead") -> 3
C8: G4 | D8: =COUNTIF(Compare!$G$2:$G$21,C8) -> 5 | E8: =AVERAGEIF(Compare!$G$2:$G$21,C8,Compare!$F$2:$F$21) -> 0.051515438 | F8: =_xlfn.MAXIFS(Compare!$F$2:$F$21,Compare!$G$2:$G$21,C8) -> 0.060103388 | G8: =COUNTIFS(Compare!$G$2:$G$21,C8,Compare!$J$2:$J$21,"ahead") -> 3 | H8: x

Sheet SLIDE Peer Rank
B2: x
C3: ="Peer ranking" -> Peer ranking
C4: Rank | D4: Bank | E4: Gap % | F4: Tier
C5: 1 | D5: =INDEX(Compare!$A$2:$A$21,MATCH(C5,Compare!$I$2:$I$21,0)) -> Banca Adriatica | E5: =_xlfn.XLOOKUP(D5,Compare!$A$2:$A$21,Compare!$F$2:$F$21) -> 0.069448432 | F5: =_xlfn.XLOOKUP(D5,Compare!$A$2:$A$21,Compare!$K$2:$K$21) -> Tier two
C6: 2 | D6: =INDEX(Compare!$A$2:$A$21,MATCH(C6,Compare!$I$2:$I$21,0)) -> Banca Etrusca | E6: =_xlfn.XLOOKUP(D6,Compare!$A$2:$A$21,Compare!$F$2:$F$21) -> 0.068747838 | F6: =_xlfn.XLOOKUP(D6,Compare!$A$2:$A$21,Compare!$K$2:$K$21) -> Tier two
C7: 3 | D7: =INDEX(Compare!$A$2:$A$21,MATCH(C7,Compare!$I$2:$I$21,0)) -> Banca Sicula | E7: =_xlfn.XLOOKUP(D7,Compare!$A$2:$A$21,Compare!$F$2:$F$21) -> 0.067780858 | F7: =_xlfn.XLOOKUP(D7,Compare!$A$2:$A$21,Compare!$K$2:$K$21) -> Tier two
C8: 4 | D8: =INDEX(Compare!$A$2:$A$21,MATCH(C8,Compare!$I$2:$I$21,0)) -> Banca Alpi | E8: =_xlfn.XLOOKUP(D8,Compare!$A$2:$A$21,Compare!$F$2:$F$21) -> 0.062126332 | F8: =_xlfn.XLOOKUP(D8,Compare!$A$2:$A$21,Compare!$K$2:$K$21) -> Tier one
C9: 5 | D9: =INDEX(Compare!$A$2:$A$21,MATCH(C9,Compare!$I$2:$I$21,0)) -> Banca Città | E9: =_xlfn.XLOOKUP(D9,Compare!$A$2:$A$21,Compare!$F$2:$F$21) -> 0.060103388 | F9: =_xlfn.XLOOKUP(D9,Compare!$A$2:$A$21,Compare!$K$2:$K$21) -> Tier two
C10: 6 | D10: =INDEX(Compare!$A$2:$A$21,MATCH(C10,Compare!$I$2:$I$21,0)) -> Banca Veneta | E10: =_xlfn.XLOOKUP(D10,Compare!$A$2:$A$21,Compare!$F$2:$F$21) -> 0.057396506 | F10: =_xlfn.XLOOKUP(D10,Compare!$A$2:$A$21,Compare!$K$2:$K$21) -> Tier two
C11: 7 | D11: =INDEX(Compare!$A$2:$A$21,MATCH(C11,Compare!$I$2:$I$21,0)) -> Banca Umbra | E11: =_xlfn.XLOOKUP(D11,Compare!$A$2:$A$21,Compare!$F$2:$F$21) -> 0.057340154 | F11: =_xlfn.XLOOKUP(D11,Compare!$A$2:$A$21,Compare!$K$2:$K$21) -> Tier one
C12: 8 | D12: =INDEX(Compare!$A$2:$A$21,MATCH(C12,Compare!$I$2:$I$21,0)) -> Banca Sannita | E12: =_xlfn.XLOOKUP(D12,Compare!$A$2:$A$21,Compare!$F$2:$F$21) -> 0.055840515 | F12: =_xlfn.XLOOKUP(D12,Compare!$A$2:$A$21,Compare!$K$2:$K$21) -> Other
C13: 9 | D13: =INDEX(Compare!$A$2:$A$21,MATCH(C13,Compare!$I$2:$I$21,0)) -> Banca Lucana | E13: =_xlfn.XLOOKUP(D13,Compare!$A$2:$A$21,Compare!$F$2:$F$21) -> 0.052026319 | F13: =_xlfn.XLOOKUP(D13,Compare!$A$2:$A$21,Compare!$K$2:$K$21) -> Other
C14: 10 | D14: =INDEX(Compare!$A$2:$A$21,MATCH(C14,Compare!$I$2:$I$21,0)) -> Banca Padana | E14: =_xlfn.XLOOKUP(D14,Compare!$A$2:$A$21,Compare!$F$2:$F$21) -> 0.051699369 | F14: =_xlfn.XLOOKUP(D14,Compare!$A$2:$A$21,Compare!$K$2:$K$21) -> Tier one | G14: x
