Workbook

Sheet RegMaster
A1: Region | B1: Head | C1: Weight
A2: Nord-Ovest | B2: North-west desk | C2: 0.3
A3: Nord-Est | B3: North-east desk | C3: 0.2
A4: Centro | B4: Centre desk | C4: 0.25
A5: Sud | B5: South desk | C5: 0.15
A6: Isole | B6: Islands desk | C6: 0.1

Sheet RegTargets
A1: Region \ month | B1: 1 | C1: 2 | D1: 3 | E1: 4 | F1: 5 | G1: 6 | H1: 7 | I1: 8 | J1: 9 | K1: 10 | L1: 11 | M1: 12 | N1: 13 | O1: 14 | P1: 15 | Q1: 16 | R1: 17 | S1: 18 | T1: 19 | U1: 20 | V1: 21 | W1: 22 | X1: 23 | Y1: 24 | Z1: 25 | AA1: 26 | AB1: 27 | AC1: 28 | AD1: 29 | AE1: 30 | AF1: 31 | AG1: 32 | AH1: 33 | AI1: 34 | AJ1: 35 | AK1: 36
A2: Nord-Ovest | B2: 42252 | C2: 42504 | D2: 42756 | E2: 43008 | F2: 43260 | G2: 43512 | H2: 43764 | I2: 44016 | J2: 44268 | K2: 44520 | L2: 44772 | M2: 45024 | N2: 45276 | O2: 45528 | P2: 45780 | Q2: 46032 | R2: 46284 | S2: 46536 | T2: 46788 | U2: 47040 | V2: 47292 | W2: 47544 | X2: 47796 | Y2: 48048 | Z2: 48300 | AA2: 48552 | AB2: 48804 | AC2: 49056 | AD2: 49308 | AE2: 49560 | AF2: 49812 | AG2: 50064 | AH2: 50316 | AI2: 50568 | AJ2: 50820 | AK2: 51072
A3: Nord-Est | B3: 30180 | C3: 30360 | D3: 30540 | E3: 30720 | F3: 30900 | G3: 31080 | H3: 31260 | I3: 31440 | J3: 31620 | K3: 31800 | L3: 31980 | M3: 32160 | N3: 32340 | O3: 32520 | P3: 32700 | Q3: 32880 | R3: 33060 | S3: 33240 | T3: 33420 | U3: 33600 | V3: 33780 | W3: 33960 | X3: 34140 | Y3: 34320 | Z3: 34500 | AA3: 34680 | AB3: 34860 | AC3: 35040 | AD3: 35220 | AE3: 35400 | AF3: 35580 | AG3: 35760 | AH3: 35940 | AI3: 36120 | AJ3: 36300 | AK3: 36480
A4: Centro | B4: 47282 | C4: 47564 | D4: 47846 | E4: 48128 | F4: 48410 | G4: 48692 | H4: 48974 | I4: 49256 | J4: 49538 | K4: 49820 | L4: 50102 | M4: 50384 | N4: 50666 | O4: 50948 | P4: 51230 | Q4: 51512 | R4: 51794 | S4: 52076 | T4: 52358 | U4: 52640 | V4: 52922 | W4: 53204 | X4: 53486 | Y4: 53768 | Z4: 54050 | AA4: 54332 | AB4: 54614 | AC4: 54896 | AD4: 55178 | AE4: 55460 | AF4: 55742 | AG4: 56024 | AH4: 56306 | AI4: 56588 | AJ4: 56870 | AK4: 57152
A5: Sud | B5: 26156 | C5: 26312 | D5: 26468 | E5: 26624 | F5: 26780 | G5: 26936 | H5: 27092 | I5: 27248 | J5: 27404 | K5: 27560 | L5: 27716 | M5: 27872 | N5: 28028 | O5: 28184 | P5: 28340 | Q5: 28496 | R5: 28652 | S5: 28808 | T5: 28964 | U5: 29120 | V5: 29276 | W5: 29432 | X5: 29588 | Y5: 29744 | Z5: 29900 | AA5: 30056 | AB5: 30212 | AC5: 30368 | AD5: 30524 | AE5: 30680 | AF5: 30836 | AG5: 30992 | AH5: 31148 | AI5: 31304 | AJ5: 31460 | AK5: 31616
A6: Isole | B6: 16096 | C6: 16192 | D6: 16288 | E6: 16384 | F6: 16480 | G6: 16576 | H6: 16672 | I6: 16768 | J6: 16864 | K6: 16960 | L6: 17056 | M6: 17152 | N6: 17248 | O6: 17344 | P6: 17440 | Q6: 17536 | R6: 17632 | S6: 17728 | T6: 17824 | U6: 17920 | V6: 18016 | W6: 18112 | X6: 18208 | Y6: 18304 | Z6: 18400 | AA6: 18496 | AB6: 18592 | AC6: 18688 | AD6: 18784 | AE6: 18880 | AF6: 18976 | AG6: 19072 | AH6: 19168 | AI6: 19264 | AJ6: 19360 | AK6: 19456

Sheet FromModel
A1: Region | B1: Banks | C1: Volume | D1: Margin
A2: =[1]Calc_Region!A2 -> Nord-Ovest | B2: =[1]Calc_Region!B2 -> 4 | C2: =[1]Calc_Region!C2 -> 46771.4 | D2: =[1]Calc_Region!E2 -> 997.95
A3: =[1]Calc_Region!A3 -> Nord-Est | B3: =[1]Calc_Region!B3 -> 4 | C3: =[1]Calc_Region!C3 -> 73571.9 | D3: =[1]Calc_Region!E3 -> 1569.54
A4: =[1]Calc_Region!A4 -> Centro | B4: =[1]Calc_Region!B4 -> 6 | C4: =[1]Calc_Region!C4 -> 105453.4 | D4: =[1]Calc_Region!E4 -> 2249.57
A5: =[1]Calc_Region!A5 -> Sud | B5: =[1]Calc_Region!B5 -> 4 | C5: =[1]Calc_Region!C5 -> 78158.8 | D5: =[1]Calc_Region!E5 -> 1669.4
A6: =[1]Calc_Region!A6 -> Isole | B6: =[1]Calc_Region!B6 -> 2 | C6: =[1]Calc_Region!C6 -> 51844 | D6: =[1]Calc_Region!E6 -> 1105.76
A9: Month | B9: =[1]Control!$B$3 -> 18
A10: Region | B10: =[1]Control!$B$5 -> Sud
A11: Bank | B11: Region | C11: Volume
A12: =[1]Calc_Bank!A2 -> Banca Alpi | B12: =[1]Calc_Bank!B2 -> Nord-Ovest | C12: =[1]Calc_Bank!C2 -> 6798.5
A13: =[1]Calc_Bank!A3 -> Banca Adriatica | B13: =[1]Calc_Bank!B3 -> Nord-Est | C13: =[1]Calc_Bank!C3 -> 7958.7
A14: =[1]Calc_Bank!A4 -> Banca Tirrena | B14: =[1]Calc_Bank!B4 -> Centro | C14: =[1]Calc_Bank!C4 -> 9113.3
A15: =[1]Calc_Bank!A5 -> Banca Padana | B15: =[1]Calc_Bank!B5 -> Nord-Ovest | C15: =[1]Calc_Bank!C5 -> 10267.6
A16: =[1]Calc_Bank!A6 -> Banca Etrusca | B16: =[1]Calc_Bank!B6 -> Centro | C16: =[1]Calc_Bank!C6 -> 11395
A17: =[1]Calc_Bank!A7 -> Banca Lariana | B17: =[1]Calc_Bank!B7 -> Nord-Ovest | C17: =[1]Calc_Bank!C7 -> 12562.7
A18: =[1]Calc_Bank!A8 -> Banca Sabina | B18: =[1]Calc_Bank!B8 -> Centro | C18: =[1]Calc_Bank!C8 -> 13727.2
A19: =[1]Calc_Bank!A9 -> Banca Irpina | B19: =[1]Calc_Bank!B9 -> Sud | C19: =[1]Calc_Bank!C9 -> 14918.2
A20: =[1]Calc_Bank!A10 -> Banca Sannita | B20: =[1]Calc_Bank!B10 -> Sud | C20: =[1]Calc_Bank!C10 -> 16079.5
A21: =[1]Calc_Bank!A11 -> Banca Ligure | B21: =[1]Calc_Bank!B11 -> Nord-Ovest | C21: =[1]Calc_Bank!C11 -> 17142.6
A22: =[1]Calc_Bank!A12 -> Banca Veneta | B22: =[1]Calc_Bank!B12 -> Nord-Est | C22: =[1]Calc_Bank!C12 -> 18454.5
A23: =[1]Calc_Bank!A13 -> Banca Friulana | B23: =[1]Calc_Bank!B13 -> Nord-Est | C23: =[1]Calc_Bank!C13 -> 19546.4
... A31: =[1]Calc_Bank!A21 -> Banca Città | B31: =[1]Calc_Bank!B21 -> Centro | C31: =[1]Calc_Bank!C21 -> 28772.4

Sheet FromPeers
A1: Bank | B1: Peer volume | C1: Gap | D1: Group
A2: =[2]Compare!A2 -> Banca Alpi | B2: =[2]Compare!C2 -> 6323.7 | C2: =[2]Compare!E2 -> 474.8 | D2: =[2]Compare!G2 -> G1
A3: =[2]Compare!A3 -> Banca Adriatica | B3: =[2]Compare!C3 -> 7709.2 | C3: =[2]Compare!E3 -> 249.5 | D3: =[2]Compare!G3 -> G2
A4: =[2]Compare!A4 -> Banca Tirrena | B4: =[2]Compare!C4 -> 8614 | C4: =[2]Compare!E4 -> 499.3 | D4: =[2]Compare!G4 -> G3
A5: =[2]Compare!A5 -> Banca Padana | B5: =[2]Compare!C5 -> 9793.3 | C5: =[2]Compare!E5 -> 474.3 | D5: =[2]Compare!G5 -> G4
A6: =[2]Compare!A6 -> Banca Etrusca | B6: =[2]Compare!C6 -> 10921.7 | C6: =[2]Compare!E6 -> 473.3 | D6: =[2]Compare!G6 -> G1
A7: =[2]Compare!A7 -> Banca Lariana | B7: =[2]Compare!C7 -> 12114.9 | C7: =[2]Compare!E7 -> 447.8 | D7: =[2]Compare!G7 -> G2
A8: =[2]Compare!A8 -> Banca Sabina | B8: =[2]Compare!C8 -> 12964.3 | C8: =[2]Compare!E8 -> 762.9 | D8: =[2]Compare!G8 -> G3
A9: =[2]Compare!A9 -> Banca Irpina | B9: =[2]Compare!C9 -> 14038 | C9: =[2]Compare!E9 -> 880.2 | D9: =[2]Compare!G9 -> G4
A10: =[2]Compare!A10 -> Banca Sannita | B10: =[2]Compare!C10 -> 15275.1 | C10: =[2]Compare!E10 -> 804.4 | D10: =[2]Compare!G10 -> G1
A11: =[2]Compare!A11 -> Banca Ligure | B11: =[2]Compare!C11 -> 16243.5 | C11: =[2]Compare!E11 -> 899.1 | D11: =[2]Compare!G11 -> G2
A12: =[2]Compare!A12 -> Banca Veneta | B12: =[2]Compare!C12 -> 17446.1 | C12: =[2]Compare!E12 -> 1008.4 | D12: =[2]Compare!G12 -> G3
A13: =[2]Compare!A13 -> Banca Friulana | B13: =[2]Compare!C13 -> 18586.9 | C13: =[2]Compare!E13 -> 959.5 | D13: =[2]Compare!G13 -> G4
... A21: =[2]Compare!A21 -> Banca Città | B21: =[2]Compare!C21 -> 27587.9 | C21: =[2]Compare!E21 -> 1184.5 | D21: =[2]Compare!G21 -> G4
A24: Total gap | B24: =[2]Summary!B4 -> 17376.5
A25: Peer rank | B25: =[2]Summary!$B$3 -> 9

Sheet RegCalc
A1: Region | B1: Model volume | C1: Peer volume | D1: Target | E1: Gap | F1: Share | G1: Peer gap | H1: Signal | I1: Rank | J1: Place | K1: Selected
A2: =RegMaster!A2 -> Nord-Ovest | B2: =_xlfn.XLOOKUP(A2,FromModel!$A$2:$A$6,FromModel!$C$2:$C$6) -> 46771.4 | C2: =SUMIFS(FromPeers!$B$2:$B$21,FromModel!$B$12:$B$31,A2) -> 44475.4 | D2: {=INDEX(RegTargets!$B$2:$AK$6,MATCH(A2,RegTargets!$A$2:$A$6,0),FromModel!$B$9)} -> 46536 | E2: =B2-D2 -> 235.4 | F2: =B2/SUM($B$2:$B$6) -> 0.13145437 | G2: =SUMIFS(FromPeers!$C$2:$C$21,FromModel!$B$12:$B$31,A2) -> 2296 | H2: =IF(AND(E2>0,G2>0),"strong",IF(OR(E2<0,G2<0),"watch","neutral")) -> strong | I2: =_xlfn.RANK.EQ(B2,$B$2:$B$6) -> 5 | J2: =CHOOSE(I2,"1st","2nd","3rd","4th","5th") -> 5th | K2: =IF(A2=FromModel!$B$10,"*","")
A3: =RegMaster!A3 -> Nord-Est | B3: =_xlfn.XLOOKUP(A3,FromModel!$A$2:$A$6,FromModel!$C$2:$C$6) -> 73571.9 | C3: =SUMIFS(FromPeers!$B$2:$B$21,FromModel!$B$12:$B$31,A3) -> 69871.9 | D3: {=INDEX(RegTargets!$B$2:$AK$6,MATCH(A3,RegTargets!$A$2:$A$6,0),FromModel!$B$9)} -> 33240 | E3: =B3-D3 -> 40331.9 | F3: =B3/SUM($B$2:$B$6) -> 0.2067791 | G3: =SUMIFS(FromPeers!$C$2:$C$21,FromModel!$B$12:$B$31,A3) -> 3700 | H3: =IF(AND(E3>0,G3>0),"strong",IF(OR(E3<0,G3<0),"watch","neutral")) -> strong | I3: =_xlfn.RANK.EQ(B3,$B$2:$B$6) -> 3 | J3: =CHOOSE(I3,"1st","2nd","3rd","4th","5th") -> 3rd | K3: =IF(A3=FromModel!$B$10,"*","")
A4: =RegMaster!A4 -> Centro | B4: =_xlfn.XLOOKUP(A4,FromModel!$A$2:$A$6,FromModel!$C$2:$C$6) -> 105453.4 | C4: =SUMIFS(FromPeers!$B$2:$B$21,FromModel!$B$12:$B$31,A4) -> 100761.8 | D4: {=INDEX(RegTargets!$B$2:$AK$6,MATCH(A4,RegTargets!$A$2:$A$6,0),FromModel!$B$9)} -> 52076 | E4: =B4-D4 -> 53377.4 | F4: =B4/SUM($B$2:$B$6) -> 0.29638434 | G4: =SUMIFS(FromPeers!$C$2:$C$21,FromModel!$B$12:$B$31,A4) -> 4691.6 | H4: =IF(AND(E4>0,G4>0),"strong",IF(OR(E4<0,G4<0),"watch","neutral")) -> strong | I4: =_xlfn.RANK.EQ(B4,$B$2:$B$6) -> 1 | J4: =CHOOSE(I4,"1st","2nd","3rd","4th","5th") -> 1st | K4: =IF(A4=FromModel!$B$10,"*","")
A5: =RegMaster!A5 -> Sud | B5: =_xlfn.XLOOKUP(A5,FromModel!$A$2:$A$6,FromModel!$C$2:$C$6) -> 78158.8 | C5: =SUMIFS(FromPeers!$B$2:$B$21,FromModel!$B$12:$B$31,A5) -> 74049 | D5: {=INDEX(RegTargets!$B$2:$AK$6,MATCH(A5,RegTargets!$A$2:$A$6,0),FromModel!$B$9)} -> 28808 | E5: =B5-D5 -> 49350.8 | F5: =B5/SUM($B$2:$B$6) -> 0.21967091 | G5: =SUMIFS(FromPeers!$C$2:$C$21,FromModel!$B$12:$B$31,A5) -> 4109.8 | H5: =IF(AND(E5>0,G5>0),"strong",IF(OR(E5<0,G5<0),"watch","neutral")) -> strong | I5: =_xlfn.RANK.EQ(B5,$B$2:$B$6) -> 2 | J5: =CHOOSE(I5,"1st","2nd","3rd","4th","5th") -> 2nd | K5: =IF(A5=FromModel!$B$10,"*","") -> *
A6: =RegMaster!A6 -> Isole | B6: =_xlfn.XLOOKUP(A6,FromModel!$A$2:$A$6,FromModel!$C$2:$C$6) -> 51844 | C6: =SUMIFS(FromPeers!$B$2:$B$21,FromModel!$B$12:$B$31,A6) -> 49264.9 | D6: {=INDEX(RegTargets!$B$2:$AK$6,MATCH(A6,RegTargets!$A$2:$A$6,0),FromModel!$B$9)} -> 17728 | E6: =B6-D6 -> 34116 | F6: =B6/SUM($B$2:$B$6) -> 0.14571128 | G6: =SUMIFS(FromPeers!$C$2:$C$21,FromModel!$B$12:$B$31,A6) -> 2579.1 | H6: =IF(AND(E6>0,G6>0),"strong",IF(OR(E6<0,G6<0),"watch","neutral")) -> strong | I6: =_xlfn.RANK.EQ(B6,$B$2:$B$6) -> 4 | J6: =CHOOSE(I6,"1st","2nd","3rd","4th","5th") -> 4th | K6: =IF(A6=FromModel!$B$10,"*","")
A9: Month | B9: Target sel. region | C9: Model total | D9: Ratio
A10: =ROW()-9 -> 1 | B10: {=INDEX(RegTargets!$B$2:$AK$6,MATCH(FromModel!$B$10,RegTargets!$A$2:$A$6,0),A10)} -> 26156 | C10: {=INDEX([1]Calc_BankMonth!$B$23:$AK$23,A10)} -> 313649.1 | D10: =IFERROR(C10/SUM(RegTargets!$B$2:$AK$6)*36,0) -> 1.7534933
A11: =ROW()-9 -> 2 | B11: {=INDEX(RegTargets!$B$2:$AK$6,MATCH(FromModel!$B$10,RegTargets!$A$2:$A$6,0),A11)} -> 26312 | C11: {=INDEX([1]Calc_BankMonth!$B$23:$AK$23,A11)} -> 316027.2 | D11: =IFERROR(C11/SUM(RegTargets!$B$2:$AK$6)*36,0) -> 1.7667884
A12: =ROW()-9 -> 3 | B12: {=INDEX(RegTargets!$B$2:$AK$6,MATCH(FromModel!$B$10,RegTargets!$A$2:$A$6,0),A12)} -> 26468 | C12: {=INDEX([1]Calc_BankMonth!$B$23:$AK$23,A12)} -> 318212.6 | D12: =IFERROR(C12/SUM(RegTargets!$B$2:$AK$6)*36,0) -> 1.7790061
A13: =ROW()-9 -> 4 | B13: {=INDEX(RegTargets!$B$2:$AK$6,MATCH(FromModel!$B$10,RegTargets!$A$2:$A$6,0),A13)} -> 26624 | C13: {=INDEX([1]Calc_BankMonth!$B$23:$AK$23,A13)} -> 321020.5 | D13: =IFERROR(C13/SUM(RegTargets!$B$2:$AK$6)*36,0) -> 1.794704
A14: =ROW()-9 -> 5 | B14: {=INDEX(RegTargets!$B$2:$AK$6,MATCH(FromModel!$B$10,RegTargets!$A$2:$A$6,0),A14)} -> 26780 | C14: {=INDEX([1]Calc_BankMonth!$B$23:$AK$23,A14)} -> 323839.1 | D14: =IFERROR(C14/SUM(RegTargets!$B$2:$AK$6)*36,0) -> 1.8104617
A15: =ROW()-9 -> 6 | B15: {=INDEX(RegTargets!$B$2:$AK$6,MATCH(FromModel!$B$10,RegTargets!$A$2:$A$6,0),A15)} -> 26936 | C15: {=INDEX([1]Calc_BankMonth!$B$23:$AK$23,A15)} -> 326227.2 | D15: =IFERROR(C15/SUM(RegTargets!$B$2:$AK$6)*36,0) -> 1.8238127
A16: =ROW()-9 -> 7 | B16: {=INDEX(RegTargets!$B$2:$AK$6,MATCH(FromModel!$B$10,RegTargets!$A$2:$A$6,0),A16)} -> 27092 | C16: {=INDEX([1]Calc_BankMonth!$B$23:$AK$23,A16)} -> 328451.7 | D16: =IFERROR(C16/SUM(RegTargets!$B$2:$AK$6)*36,0) -> 1.836249
A17: =ROW()-9 -> 8 | B17: {=INDEX(RegTargets!$B$2:$AK$6,MATCH(FromModel!$B$10,RegTargets!$A$2:$A$6,0),A17)} -> 27248 | C17: {=INDEX([1]Calc_BankMonth!$B$23:$AK$23,A17)} -> 330859.4 | D17: =IFERROR(C17/SUM(RegTargets!$B$2:$AK$6)*36,0) -> 1.8497096
A18: =ROW()-9 -> 9 | B18: {=INDEX(RegTargets!$B$2:$AK$6,MATCH(FromModel!$B$10,RegTargets!$A$2:$A$6,0),A18)} -> 27404 | C18: {=INDEX([1]Calc_BankMonth!$B$23:$AK$23,A18)} -> 333869.2 | D18: =IFERROR(C18/SUM(RegTargets!$B$2:$AK$6)*36,0) -> 1.8665362
A19: =ROW()-9 -> 10 | B19: {=INDEX(RegTargets!$B$2:$AK$6,MATCH(FromModel!$B$10,RegTargets!$A$2:$A$6,0),A19)} -> 27560 | C19: {=INDEX([1]Calc_BankMonth!$B$23:$AK$23,A19)} -> 335727.5 | D19: =IFERROR(C19/SUM(RegTargets!$B$2:$AK$6)*36,0) -> 1.8769253
A20: =ROW()-9 -> 11 | B20: {=INDEX(RegTargets!$B$2:$AK$6,MATCH(FromModel!$B$10,RegTargets!$A$2:$A$6,0),A20)} -> 27716 | C20: {=INDEX([1]Calc_BankMonth!$B$23:$AK$23,A20)} -> 338543.2 | D20: =IFERROR(C20/SUM(RegTargets!$B$2:$AK$6)*36,0) -> 1.8926668
A21: =ROW()-9 -> 12 | B21: {=INDEX(RegTargets!$B$2:$AK$6,MATCH(FromModel!$B$10,RegTargets!$A$2:$A$6,0),A21)} -> 27872 | C21: {=INDEX([1]Calc_BankMonth!$B$23:$AK$23,A21)} -> 340849.5 | D21: =IFERROR(C21/SUM(RegTargets!$B$2:$AK$6)*36,0) -> 1.9055604
... A45: =ROW()-9 -> 36 | B45: {=INDEX(RegTargets!$B$2:$AK$6,MATCH(FromModel!$B$10,RegTargets!$A$2:$A$6,0),A45)} -> 31616 | C45: {=INDEX([1]Calc_BankMonth!$B$23:$AK$23,A45)} -> 400259.1 | D45: =IFERROR(C45/SUM(RegTargets!$B$2:$AK$6)*36,0) -> 2.237697

Sheet Summary
A2: Total model volume | B2: =SUM(RegCalc!B2:B6) -> 355799.5
A3: Gap selected region | B3: =_xlfn.XLOOKUP(FromModel!B10,RegCalc!A2:A6,RegCalc!E2:E6,"n/a") -> 49350.8
A4: Peer total gap | B4: =FromPeers!B24*1 -> 17376.5
A5: Peer gap selected | B5: =_xlfn.XLOOKUP(FromModel!B10,RegCalc!A2:A6,RegCalc!G2:G6,"n/a") -> 4109.8
A6: Peer rank | B6: =FromPeers!B25 -> 9
A7: Selected region | B7: =FromModel!B10 -> Sud

Sheet SLIDE Region Overview
B2: x
C3: ="Regions - month "&FromModel!B9 -> Regions - month 18
C4: Region | D4: Volume | E4: Target | F4: Gap | G4: Share | H4: Signal | I4: Place
C5: =RegCalc!A2 -> Nord-Ovest | D5: =RegCalc!B2 -> 46771.4 | E5: =RegCalc!D2 -> 46536 | F5: =RegCalc!E2 -> 235.4 | G5: =RegCalc!F2 -> 0.13145437 | H5: =RegCalc!H2 -> strong | I5: =RegCalc!J2 -> 5th
C6: =RegCalc!A3 -> Nord-Est | D6: =RegCalc!B3 -> 73571.9 | E6: =RegCalc!D3 -> 33240 | F6: =RegCalc!E3 -> 40331.9 | G6: =RegCalc!F3 -> 0.2067791 | H6: =RegCalc!H3 -> strong | I6: =RegCalc!J3 -> 3rd
C7: =RegCalc!A4 -> Centro | D7: =RegCalc!B4 -> 105453.4 | E7: =RegCalc!D4 -> 52076 | F7: =RegCalc!E4 -> 53377.4 | G7: =RegCalc!F4 -> 0.29638434 | H7: =RegCalc!H4 -> strong | I7: =RegCalc!J4 -> 1st
C8: =RegCalc!A5 -> Sud | D8: =RegCalc!B5 -> 78158.8 | E8: =RegCalc!D5 -> 28808 | F8: =RegCalc!E5 -> 49350.8 | G8: =RegCalc!F5 -> 0.21967091 | H8: =RegCalc!H5 -> strong | I8: =RegCalc!J5 -> 2nd
C9: =RegCalc!A6 -> Isole | D9: =RegCalc!B6 -> 51844 | E9: =RegCalc!D6 -> 17728 | F9: =RegCalc!E6 -> 34116 | G9: =RegCalc!F6 -> 0.14571128 | H9: =RegCalc!H6 -> strong | I9: =RegCalc!J6 -> 4th | J9: x

Sheet SLIDE Region Trend
B2: x
C3: ="Targets - "&FromModel!B10 -> Targets - Sud
C4: Month | D4: Target | E4: Model total | F4: Ratio
C5: =FromModel!$B$9-12+ROW()-4 -> 7 | D5: {=INDEX(RegCalc!$B$10:$B$45,C5)} -> 27092 | E5: {=INDEX(RegCalc!$C$10:$C$45,C5)} -> 328451.7 | F5: =IFERROR(E5/D5,0) -> 12.123568
C6: =FromModel!$B$9-12+ROW()-4 -> 8 | D6: {=INDEX(RegCalc!$B$10:$B$45,C6)} -> 27248 | E6: {=INDEX(RegCalc!$C$10:$C$45,C6)} -> 330859.4 | F6: =IFERROR(E6/D6,0) -> 12.142521
C7: =FromModel!$B$9-12+ROW()-4 -> 9 | D7: {=INDEX(RegCalc!$B$10:$B$45,C7)} -> 27404 | E7: {=INDEX(RegCalc!$C$10:$C$45,C7)} -> 333869.2 | F7: =IFERROR(E7/D7,0) -> 12.183229
C8: =FromModel!$B$9-12+ROW()-4 -> 10 | D8: {=INDEX(RegCalc!$B$10:$B$45,C8)} -> 27560 | E8: {=INDEX(RegCalc!$C$10:$C$45,C8)} -> 335727.5 | F8: =IFERROR(E8/D8,0) -> 12.181694
C9: =FromModel!$B$9-12+ROW()-4 -> 11 | D9: {=INDEX(RegCalc!$B$10:$B$45,C9)} -> 27716 | E9: {=INDEX(RegCalc!$C$10:$C$45,C9)} -> 338543.2 | F9: =IFERROR(E9/D9,0) -> 12.214721
C10: =FromModel!$B$9-12+ROW()-4 -> 12 | D10: {=INDEX(RegCalc!$B$10:$B$45,C10)} -> 27872 | E10: {=INDEX(RegCalc!$C$10:$C$45,C10)} -> 340849.5 | F10: =IFERROR(E10/D10,0) -> 12.229101
C11: =FromModel!$B$9-12+ROW()-4 -> 13 | D11: {=INDEX(RegCalc!$B$10:$B$45,C11)} -> 28028 | E11: {=INDEX(RegCalc!$C$10:$C$45,C11)} -> 343560.2 | F11: =IFERROR(E11/D11,0) -> 12.257749
C12: =FromModel!$B$9-12+ROW()-4 -> 14 | D12: {=INDEX(RegCalc!$B$10:$B$45,C12)} -> 28184 | E12: {=INDEX(RegCalc!$C$10:$C$45,C12)} -> 345734.8 | F12: =IFERROR(E12/D12,0) -> 12.267059
C13: =FromModel!$B$9-12+ROW()-4 -> 15 | D13: {=INDEX(RegCalc!$B$10:$B$45,C13)} -> 28340 | E13: {=INDEX(RegCalc!$C$10:$C$45,C13)} -> 348188.5 | F13: =IFERROR(E13/D13,0) -> 12.286115
C14: =FromModel!$B$9-12+ROW()-4 -> 16 | D14: {=INDEX(RegCalc!$B$10:$B$45,C14)} -> 28496 | E14: {=INDEX(RegCalc!$C$10:$C$45,C14)} -> 350465.9 | F14: =IFERROR(E14/D14,0) -> 12.298775
C15: =FromModel!$B$9-12+ROW()-4 -> 17 | D15: {=INDEX(RegCalc!$B$10:$B$45,C15)} -> 28652 | E15: {=INDEX(RegCalc!$C$10:$C$45,C15)} -> 353343.5 | F15: =IFERROR(E15/D15,0) -> 12.332246
C16: =FromModel!$B$9-12+ROW()-4 -> 18 | D16: {=INDEX(RegCalc!$B$10:$B$45,C16)} -> 28808 | E16: {=INDEX(RegCalc!$C$10:$C$45,C16)} -> 355799.5 | F16: =IFERROR(E16/D16,0) -> 12.350719 | G16: x

Sheet SLIDE Region Peers
B2: x
C3: ="Peer gap by region" -> Peer gap by region
C4: Region | D4: Peer volume | E4: Peer gap | F4: Banks
C5: =RegCalc!A2 -> Nord-Ovest | D5: =RegCalc!C2 -> 44475.4 | E5: =RegCalc!G2 -> 2296 | F5: =COUNTIF(FromModel!$B$12:$B$31,C5) -> 4
C6: =RegCalc!A3 -> Nord-Est | D6: =RegCalc!C3 -> 69871.9 | E6: =RegCalc!G3 -> 3700 | F6: =COUNTIF(FromModel!$B$12:$B$31,C6) -> 4
C7: =RegCalc!A4 -> Centro | D7: =RegCalc!C4 -> 100761.8 | E7: =RegCalc!G4 -> 4691.6 | F7: =COUNTIF(FromModel!$B$12:$B$31,C7) -> 6
C8: =RegCalc!A5 -> Sud | D8: =RegCalc!C5 -> 74049 | E8: =RegCalc!G5 -> 4109.8 | F8: =COUNTIF(FromModel!$B$12:$B$31,C8) -> 4
C9: =RegCalc!A6 -> Isole | D9: =RegCalc!C6 -> 49264.9 | E9: =RegCalc!G6 -> 2579.1 | F9: =COUNTIF(FromModel!$B$12:$B$31,C9) -> 2 | G9: x
